country,archive_id,parent_archive_id,nesting_depth,member_path,filename,extension,compressed_size,uncompressed_size,crc_result,encryption_status,directory_or_file,nested_archive_status,suspected_role,extraction_path,safe_or_unsafe,notes
kyrgyzstan,kyrgyzstan-00-9f4206f0c161,,0,Documentation.zip,Documentation.zip,.zip,1217127,1219342,0ddaf6b6,not encrypted,file,nested archive,other,data/interim/unpacked/kyrgyzstan/dataverse_files/depth_00/Documentation.zip,safe,already present; not overwritten
kyrgyzstan,kyrgyzstan-00-9f4206f0c161,,0,IDSC_repository.zip,IDSC_repository.zip,.zip,70912368,70891297,def591cc,not encrypted,file,nested archive,other,data/interim/unpacked/kyrgyzstan/dataverse_files/depth_00/IDSC_repository.zip,safe,already present; not overwritten
kyrgyzstan,kyrgyzstan-00-9f4206f0c161,,0,MANIFEST.TXT,MANIFEST.TXT,.txt,77,107,19abccb7,not encrypted,file,not archive,README,data/interim/unpacked/kyrgyzstan/dataverse_files/depth_00/MANIFEST.TXT,safe,already present; not overwritten
kyrgyzstan,kyrgyzstan-01-58e70c17db2b,kyrgyzstan-00-9f4206f0c161,1,LIK_10_13_Docu.zip,LIK_10_13_Docu.zip,.zip,20981141,21184698,5ddbb001,not encrypted,file,nested archive,other,data/interim/unpacked/kyrgyzstan/dataverse_files/depth_01/IDSC_repository__58e70c17/LIK_10_13_Docu.zip,safe,already present; not overwritten
kyrgyzstan,kyrgyzstan-01-58e70c17db2b,kyrgyzstan-00-9f4206f0c161,1,LIK_10_13_spss.zip,LIK_10_13_spss.zip,.zip,12079433,12240200,046b7566,not encrypted,file,nested archive,other,data/interim/unpacked/kyrgyzstan/dataverse_files/depth_01/IDSC_repository__58e70c17/LIK_10_13_spss.zip,safe,already present; not overwritten
kyrgyzstan,kyrgyzstan-01-58e70c17db2b,kyrgyzstan-00-9f4206f0c161,1,LIK_10_13_stata.zip,LIK_10_13_stata.zip,.zip,10009643,10132898,738afa6d,not encrypted,file,nested archive,other,data/interim/unpacked/kyrgyzstan/dataverse_files/depth_01/IDSC_repository__58e70c17/LIK_10_13_stata.zip,safe,already present; not overwritten
kyrgyzstan,kyrgyzstan-01-58e70c17db2b,kyrgyzstan-00-9f4206f0c161,1,LiK_2016.zip,LiK_2016.zip,.zip,19191942,19574155,de8255a6,not encrypted,file,nested archive,other,data/interim/unpacked/kyrgyzstan/dataverse_files/depth_01/IDSC_repository__58e70c17/LiK_2016.zip,safe,already present; not overwritten
kyrgyzstan,kyrgyzstan-01-58e70c17db2b,kyrgyzstan-00-9f4206f0c161,1,LiK_2022.zip,LiK_2022.zip,.zip,8628398,8746570,40ae6acb,not encrypted,file,nested archive,other,data/interim/unpacked/kyrgyzstan/dataverse_files/depth_01/IDSC_repository__58e70c17/LiK_2022.zip,safe,already present; not overwritten
kyrgyzstan,kyrgyzstan-01-a2e795f2838c,kyrgyzstan-00-9f4206f0c161,1,LiK_FAQs.pdf,LiK_FAQs.pdf,.pdf,302657,357465,80a02f65,not encrypted,file,not archive,publication,data/interim/unpacked/kyrgyzstan/dataverse_files/depth_01/Documentation__a2e795f2/LiK_FAQs.pdf,safe,already present; not overwritten
kyrgyzstan,kyrgyzstan-01-a2e795f2838c,kyrgyzstan-00-9f4206f0c161,1,LiK_FAQs_Rus.pdf,LiK_FAQs_Rus.pdf,.pdf,670670,742588,299bac55,not encrypted,file,not archive,publication,data/interim/unpacked/kyrgyzstan/dataverse_files/depth_01/Documentation__a2e795f2/LiK_FAQs_Rus.pdf,safe,already present; not overwritten
kyrgyzstan,kyrgyzstan-01-a2e795f2838c,kyrgyzstan-00-9f4206f0c161,1,LiK_PUBLICATIONS.pdf,LiK_PUBLICATIONS.pdf,.pdf,245561,263649,c9e26305,not encrypted,file,not archive,publication,data/interim/unpacked/kyrgyzstan/dataverse_files/depth_01/Documentation__a2e795f2/LiK_PUBLICATIONS.pdf,safe,already present; not overwritten
kyrgyzstan,kyrgyzstan-02-4f932d8b00ca,kyrgyzstan-01-58e70c17db2b,2,stata/additional data/Exchange rates 2010-13.xlsx,Exchange rates 2010-13.xlsx,.xlsx,442169,478574,9bb42c4b,not encrypted,file,not archive,dataset,data/interim/unpacked/kyrgyzstan/dataverse_files/depth_02/LIK_10_13_stata__4f932d8b/stata/additional_data/Exchange_rates_2010-13.xlsx,safe,already present; not overwritten
kyrgyzstan,kyrgyzstan-02-4f932d8b00ca,kyrgyzstan-01-58e70c17db2b,2,stata/additional data/Thumbs.db,Thumbs.db,.db,18915,22016,ca548fff,not encrypted,file,not archive,other,data/interim/unpacked/kyrgyzstan/dataverse_files/depth_02/LIK_10_13_stata__4f932d8b/stata/additional_data/Thumbs.db,safe,already present; not overwritten
kyrgyzstan,kyrgyzstan-02-4f932d8b00ca,kyrgyzstan-01-58e70c17db2b,2,stata/data2010/community/cm1.dta,cm1.dta,.dta,10901,59320,cb9a3ca9,not encrypted,file,not archive,dataset,data/interim/unpacked/kyrgyzstan/dataverse_files/depth_02/LIK_10_13_stata__4f932d8b/stata/data2010/community/cm1.dta,safe,already present; not overwritten
kyrgyzstan,kyrgyzstan-02-4f932d8b00ca,kyrgyzstan-01-58e70c17db2b,2,stata/data2010/community/cm2.dta,cm2.dta,.dta,15894,92519,3dfe168f,not encrypted,file,not archive,dataset,data/interim/unpacked/kyrgyzstan/dataverse_files/depth_02/LIK_10_13_stata__4f932d8b/stata/data2010/community/cm2.dta,safe,already present; not overwritten
kyrgyzstan,kyrgyzstan-02-4f932d8b00ca,kyrgyzstan-01-58e70c17db2b,2,stata/data2010/control/hhcontrol.dta,hhcontrol.dta,.dta,9319,77110,a51e31d8,not encrypted,file,not archive,dataset,data/interim/unpacked/kyrgyzstan/dataverse_files/depth_02/LIK_10_13_stata__4f932d8b/stata/data2010/control/hhcontrol.dta,safe,already present; not overwritten
kyrgyzstan,kyrgyzstan-02-4f932d8b00ca,kyrgyzstan-01-58e70c17db2b,2,stata/data2010/control/txt_eng.dta,txt_eng.dta,.dta,64210,2109450,9ea0c7f9,not encrypted,file,not archive,dataset,data/interim/unpacked/kyrgyzstan/dataverse_files/depth_02/LIK_10_13_stata__4f932d8b/stata/data2010/control/txt_eng.dta,safe,already present; not overwritten
kyrgyzstan,kyrgyzstan-02-4f932d8b00ca,kyrgyzstan-01-58e70c17db2b,2,stata/data2010/household/hh1a.dta,hh1a.dta,.dta,86708,251618,415637c4,not encrypted,file,not archive,dataset,data/interim/unpacked/kyrgyzstan/dataverse_files/depth_02/LIK_10_13_stata__4f932d8b/stata/data2010/household/hh1a.dta,safe,already present; not overwritten
kyrgyzstan,kyrgyzstan-02-4f932d8b00ca,kyrgyzstan-01-58e70c17db2b,2,stata/data2010/household/hh1b.dta,hh1b.dta,.dta,39543,154597,38ed38fd,not encrypted,file,not archive,dataset,data/interim/unpacked/kyrgyzstan/dataverse_files/depth_02/LIK_10_13_stata__4f932d8b/stata/data2010/household/hh1b.dta,safe,already present; not overwritten
kyrgyzstan,kyrgyzstan-02-4f932d8b00ca,kyrgyzstan-01-58e70c17db2b,2,stata/data2010/household/hh1c.dta,hh1c.dta,.dta,36169,113741,ef724af7,not encrypted,file,not archive,dataset,data/interim/unpacked/kyrgyzstan/dataverse_files/depth_02/LIK_10_13_stata__4f932d8b/stata/data2010/household/hh1c.dta,safe,already present; not overwritten
kyrgyzstan,kyrgyzstan-02-4f932d8b00ca,kyrgyzstan-01-58e70c17db2b,2,stata/data2010/household/hh2a.dta,hh2a.dta,.dta,35171,147633,4495d240,not encrypted,file,not archive,dataset,data/interim/unpacked/kyrgyzstan/dataverse_files/depth_02/LIK_10_13_stata__4f932d8b/stata/data2010/household/hh2a.dta,safe,already present; not overwritten
kyrgyzstan,kyrgyzstan-02-4f932d8b00ca,kyrgyzstan-01-58e70c17db2b,2,stata/data2010/household/hh2b.dta,hh2b.dta,.dta,106185,395085,f81f0d6a,not encrypted,file,not archive,dataset,data/interim/unpacked/kyrgyzstan/dataverse_files/depth_02/LIK_10_13_stata__4f932d8b/stata/data2010/household/hh2b.dta,safe,already present; not overwritten
kyrgyzstan,kyrgyzstan-02-4f932d8b00ca,kyrgyzstan-01-58e70c17db2b,2,stata/data2010/household/hh2c.dta,hh2c.dta,.dta,23229,148704,eaca7965,not encrypted,file,not archive,dataset,data/interim/unpacked/kyrgyzstan/dataverse_files/depth_02/LIK_10_13_stata__4f932d8b/stata/data2010/household/hh2c.dta,safe,already present; not overwritten
kyrgyzstan,kyrgyzstan-02-4f932d8b00ca,kyrgyzstan-01-58e70c17db2b,2,stata/data2010/household/hh3.dta,hh3.dta,.dta,13771,114043,ba4c12ad,not encrypted,file,not archive,dataset,data/interim/unpacked/kyrgyzstan/dataverse_files/depth_02/LIK_10_13_stata__4f932d8b/stata/data2010/household/hh3.dta,safe,already present; not overwritten
kyrgyzstan,kyrgyzstan-02-4f932d8b00ca,kyrgyzstan-01-58e70c17db2b,2,stata/data2010/household/hh4a.dta,hh4a.dta,.dta,246586,933365,bf26256c,not encrypted,file,not archive,dataset,data/interim/unpacked/kyrgyzstan/dataverse_files/depth_02/LIK_10_13_stata__4f932d8b/stata/data2010/household/hh4a.dta,safe,already present; not overwritten
kyrgyzstan,kyrgyzstan-02-4f932d8b00ca,kyrgyzstan-01-58e70c17db2b,2,stata/data2010/household/hh4b.dta,hh4b.dta,.dta,115457,427758,a631a209,not encrypted,file,not archive,dataset,data/interim/unpacked/kyrgyzstan/dataverse_files/depth_02/LIK_10_13_stata__4f932d8b/stata/data2010/household/hh4b.dta,safe,already present; not overwritten
kyrgyzstan,kyrgyzstan-02-4f932d8b00ca,kyrgyzstan-01-58e70c17db2b,2,stata/data2010/household/hh5.dta,hh5.dta,.dta,23370,50776,47faf12f,not encrypted,file,not archive,dataset,data/interim/unpacked/kyrgyzstan/dataverse_files/depth_02/LIK_10_13_stata__4f932d8b/stata/data2010/household/hh5.dta,safe,already present; not overwritten
kyrgyzstan,kyrgyzstan-02-4f932d8b00ca,kyrgyzstan-01-58e70c17db2b,2,stata/data2010/household/hh6.dta,hh6.dta,.dta,7465,66090,955ba820,not encrypted,file,not archive,dataset,data/interim/unpacked/kyrgyzstan/dataverse_files/depth_02/LIK_10_13_stata__4f932d8b/stata/data2010/household/hh6.dta,safe,already present; not overwritten
kyrgyzstan,kyrgyzstan-02-4f932d8b00ca,kyrgyzstan-01-58e70c17db2b,2,stata/data2010/household/hh6a1.dta,hh6a1.dta,.dta,6767,9440,c7029135,not encrypted,file,not archive,dataset,data/interim/unpacked/kyrgyzstan/dataverse_files/depth_02/LIK_10_13_stata__4f932d8b/stata/data2010/household/hh6a1.dta,safe,already present; not overwritten
kyrgyzstan,kyrgyzstan-02-4f932d8b00ca,kyrgyzstan-01-58e70c17db2b,2,stata/data2010/household/hh6a2.dta,hh6a2.dta,.dta,7069,29378,4285813f,not encrypted,file,not archive,dataset,data/interim/unpacked/kyrgyzstan/dataverse_files/depth_02/LIK_10_13_stata__4f932d8b/stata/data2010/household/hh6a2.dta,safe,already present; not overwritten
kyrgyzstan,kyrgyzstan-02-4f932d8b00ca,kyrgyzstan-01-58e70c17db2b,2,stata/data2010/household/hh7.dta,hh7.dta,.dta,15450,172020,ce985a7b,not encrypted,file,not archive,dataset,data/interim/unpacked/kyrgyzstan/dataverse_files/depth_02/LIK_10_13_stata__4f932d8b/stata/data2010/household/hh7.dta,safe,already present; not overwritten
kyrgyzstan,kyrgyzstan-02-4f932d8b00ca,kyrgyzstan-01-58e70c17db2b,2,stata/data2010/individial/id1.dta,id1.dta,.dta,67489,133581,4e0fcb30,not encrypted,file,not archive,dataset,data/interim/unpacked/kyrgyzstan/dataverse_files/depth_02/LIK_10_13_stata__4f932d8b/stata/data2010/individial/id1.dta,safe,already present; not overwritten
kyrgyzstan,kyrgyzstan-02-4f932d8b00ca,kyrgyzstan-01-58e70c17db2b,2,stata/data2010/individial/id2.dta,id2.dta,.dta,69233,1129089,a310f7ec,not encrypted,file,not archive,dataset,data/interim/unpacked/kyrgyzstan/dataverse_files/depth_02/LIK_10_13_stata__4f932d8b/stata/data2010/individial/id2.dta,safe,already present; not overwritten
kyrgyzstan,kyrgyzstan-02-4f932d8b00ca,kyrgyzstan-01-58e70c17db2b,2,stata/data2010/individial/id3.dta,id3.dta,.dta,137735,2075284,b330a19c,not encrypted,file,not archive,dataset,data/interim/unpacked/kyrgyzstan/dataverse_files/depth_02/LIK_10_13_stata__4f932d8b/stata/data2010/individial/id3.dta,safe,already present; not overwritten
kyrgyzstan,kyrgyzstan-02-4f932d8b00ca,kyrgyzstan-01-58e70c17db2b,2,stata/data2010/individial/id3d.dta,id3d.dta,.dta,39996,643273,c05ca020,not encrypted,file,not archive,dataset,data/interim/unpacked/kyrgyzstan/dataverse_files/depth_02/LIK_10_13_stata__4f932d8b/stata/data2010/individial/id3d.dta,safe,already present; not overwritten
kyrgyzstan,kyrgyzstan-02-4f932d8b00ca,kyrgyzstan-01-58e70c17db2b,2,stata/data2010/individial/id3d_347.dta,id3d_347.dta,.dta,20498,49814,87e9b9bf,not encrypted,file,not archive,dataset,data/interim/unpacked/kyrgyzstan/dataverse_files/depth_02/LIK_10_13_stata__4f932d8b/stata/data2010/individial/id3d_347.dta,safe,already present; not overwritten
kyrgyzstan,kyrgyzstan-02-4f932d8b00ca,kyrgyzstan-01-58e70c17db2b,2,stata/data2010/individial/id3e.dta,id3e.dta,.dta,108674,1159316,7c5f0197,not encrypted,file,not archive,dataset,data/interim/unpacked/kyrgyzstan/dataverse_files/depth_02/LIK_10_13_stata__4f932d8b/stata/data2010/individial/id3e.dta,safe,already present; not overwritten
kyrgyzstan,kyrgyzstan-02-4f932d8b00ca,kyrgyzstan-01-58e70c17db2b,2,stata/data2010/individial/id4.dta,id4.dta,.dta,35037,360550,5546496a,not encrypted,file,not archive,dataset,data/interim/unpacked/kyrgyzstan/dataverse_files/depth_02/LIK_10_13_stata__4f932d8b/stata/data2010/individial/id4.dta,safe,already present; not overwritten
kyrgyzstan,kyrgyzstan-02-4f932d8b00ca,kyrgyzstan-01-58e70c17db2b,2,stata/data2010/individial/id5.dta,id5.dta,.dta,74717,236906,5bc6b138,not encrypted,file,not archive,dataset,data/interim/unpacked/kyrgyzstan/dataverse_files/depth_02/LIK_10_13_stata__4f932d8b/stata/data2010/individial/id5.dta,safe,already present; not overwritten
kyrgyzstan,kyrgyzstan-02-4f932d8b00ca,kyrgyzstan-01-58e70c17db2b,2,stata/data2010/individial/id6.dta,id6.dta,.dta,90054,957981,a9fa5143,not encrypted,file,not archive,dataset,data/interim/unpacked/kyrgyzstan/dataverse_files/depth_02/LIK_10_13_stata__4f932d8b/stata/data2010/individial/id6.dta,safe,already present; not overwritten
kyrgyzstan,kyrgyzstan-02-4f932d8b00ca,kyrgyzstan-01-58e70c17db2b,2,stata/data2010/individial/id7.dta,id7.dta,.dta,54119,295951,923b13d6,not encrypted,file,not archive,dataset,data/interim/unpacked/kyrgyzstan/dataverse_files/depth_02/LIK_10_13_stata__4f932d8b/stata/data2010/individial/id7.dta,safe,already present; not overwritten
kyrgyzstan,kyrgyzstan-02-4f932d8b00ca,kyrgyzstan-01-58e70c17db2b,2,stata/data2010/individial/id8.dta,id8.dta,.dta,111872,1045723,b8fdd9fd,not encrypted,file,not archive,dataset,data/interim/unpacked/kyrgyzstan/dataverse_files/depth_02/LIK_10_13_stata__4f932d8b/stata/data2010/individial/id8.dta,safe,already present; not overwritten
kyrgyzstan,kyrgyzstan-02-4f932d8b00ca,kyrgyzstan-01-58e70c17db2b,2,stata/data2011/community/ao_01.dta,ao_01.dta,.dta,10999,57622,ce076e00,not encrypted,file,not archive,dataset,data/interim/unpacked/kyrgyzstan/dataverse_files/depth_02/LIK_10_13_stata__4f932d8b/stata/data2011/community/ao_01.dta,safe,already present; not overwritten
kyrgyzstan,kyrgyzstan-02-4f932d8b00ca,kyrgyzstan-01-58e70c17db2b,2,stata/data2011/community/ao_02.dta,ao_02.dta,.dta,19362,124615,d6f46e9f,not encrypted,file,not archive,dataset,data/interim/unpacked/kyrgyzstan/dataverse_files/depth_02/LIK_10_13_stata__4f932d8b/stata/data2011/community/ao_02.dta,safe,already present; not overwritten
kyrgyzstan,kyrgyzstan-02-4f932d8b00ca,kyrgyzstan-01-58e70c17db2b,2,stata/data2011/control/cc_hh.dta,cc_hh.dta,.dta,14376,77985,a0b84938,not encrypted,file,not archive,dataset,data/interim/unpacked/kyrgyzstan/dataverse_files/depth_02/LIK_10_13_stata__4f932d8b/stata/data2011/control/cc_hh.dta,safe,already present; not overwritten
kyrgyzstan,kyrgyzstan-02-4f932d8b00ca,kyrgyzstan-01-58e70c17db2b,2,stata/data2011/control/cc_ind.dta,cc_ind.dta,.dta,45477,159278,4a893fe9,not encrypted,file,not archive,dataset,data/interim/unpacked/kyrgyzstan/dataverse_files/depth_02/LIK_10_13_stata__4f932d8b/stata/data2011/control/cc_ind.dta,safe,already present; not overwritten
kyrgyzstan,kyrgyzstan-02-4f932d8b00ca,kyrgyzstan-01-58e70c17db2b,2,stata/data2011/household/hh1a.dta,hh1a.dta,.dta,85589,222797,caa70dea,not encrypted,file,not archive,dataset,data/interim/unpacked/kyrgyzstan/dataverse_files/depth_02/LIK_10_13_stata__4f932d8b/stata/data2011/household/hh1a.dta,safe,already present; not overwritten
kyrgyzstan,kyrgyzstan-02-4f932d8b00ca,kyrgyzstan-01-58e70c17db2b,2,stata/data2011/household/hh1b.dta,hh1b.dta,.dta,38863,147851,11bfe800,not encrypted,file,not archive,dataset,data/interim/unpacked/kyrgyzstan/dataverse_files/depth_02/LIK_10_13_stata__4f932d8b/stata/data2011/household/hh1b.dta,safe,already present; not overwritten
kyrgyzstan,kyrgyzstan-02-4f932d8b00ca,kyrgyzstan-01-58e70c17db2b,2,stata/data2011/household/hh1c.dta,hh1c.dta,.dta,36388,120098,087804b4,not encrypted,file,not archive,dataset,data/interim/unpacked/kyrgyzstan/dataverse_files/depth_02/LIK_10_13_stata__4f932d8b/stata/data2011/household/hh1c.dta,safe,already present; not overwritten
kyrgyzstan,kyrgyzstan-02-4f932d8b00ca,kyrgyzstan-01-58e70c17db2b,2,stata/data2011/household/hh2a.dta,hh2a.dta,.dta,35543,186942,13df9ecb,not encrypted,file,not archive,dataset,data/interim/unpacked/kyrgyzstan/dataverse_files/depth_02/LIK_10_13_stata__4f932d8b/stata/data2011/household/hh2a.dta,safe,already present; not overwritten
kyrgyzstan,kyrgyzstan-02-4f932d8b00ca,kyrgyzstan-01-58e70c17db2b,2,stata/data2011/household/hh2b.dta,hh2b.dta,.dta,111193,418645,6b633b03,not encrypted,file,not archive,dataset,data/interim/unpacked/kyrgyzstan/dataverse_files/depth_02/LIK_10_13_stata__4f932d8b/stata/data2011/household/hh2b.dta,safe,already present; not overwritten
kyrgyzstan,kyrgyzstan-02-4f932d8b00ca,kyrgyzstan-01-58e70c17db2b,2,stata/data2011/household/hh2c.dta,hh2c.dta,.dta,21087,118047,89ac6ab5,not encrypted,file,not archive,dataset,data/interim/unpacked/kyrgyzstan/dataverse_files/depth_02/LIK_10_13_stata__4f932d8b/stata/data2011/household/hh2c.dta,safe,already present; not overwritten
kyrgyzstan,kyrgyzstan-02-4f932d8b00ca,kyrgyzstan-01-58e70c17db2b,2,stata/data2011/household/hh3.dta,hh3.dta,.dta,14858,94224,5608ba2c,not encrypted,file,not archive,dataset,data/interim/unpacked/kyrgyzstan/dataverse_files/depth_02/LIK_10_13_stata__4f932d8b/stata/data2011/household/hh3.dta,safe,already present; not overwritten
kyrgyzstan,kyrgyzstan-02-4f932d8b00ca,kyrgyzstan-01-58e70c17db2b,2,stata/data2011/household/hh4a.dta,hh4a.dta,.dta,258027,1018728,b54bb506,not encrypted,file,not archive,dataset,data/interim/unpacked/kyrgyzstan/dataverse_files/depth_02/LIK_10_13_stata__4f932d8b/stata/data2011/household/hh4a.dta,safe,already present; not overwritten
kyrgyzstan,kyrgyzstan-02-4f932d8b00ca,kyrgyzstan-01-58e70c17db2b,2,stata/data2011/household/hh4b.dta,hh4b.dta,.dta,116194,317325,5b6e585c,not encrypted,file,not archive,dataset,data/interim/unpacked/kyrgyzstan/dataverse_files/depth_02/LIK_10_13_stata__4f932d8b/stata/data2011/household/hh4b.dta,safe,already present; not overwritten
kyrgyzstan,kyrgyzstan-02-4f932d8b00ca,kyrgyzstan-01-58e70c17db2b,2,stata/data2011/household/hh4c.dta,hh4c.dta,.dta,66364,646135,a21d893b,not encrypted,file,not archive,dataset,data/interim/unpacked/kyrgyzstan/dataverse_files/depth_02/LIK_10_13_stata__4f932d8b/stata/data2011/household/hh4c.dta,safe,already present; not overwritten
kyrgyzstan,kyrgyzstan-02-4f932d8b00ca,kyrgyzstan-01-58e70c17db2b,2,stata/data2011/household/hh5.dta,hh5.dta,.dta,23362,50980,acb910a7,not encrypted,file,not archive,dataset,data/interim/unpacked/kyrgyzstan/dataverse_files/depth_02/LIK_10_13_stata__4f932d8b/stata/data2011/household/hh5.dta,safe,already present; not overwritten
kyrgyzstan,kyrgyzstan-02-4f932d8b00ca,kyrgyzstan-01-58e70c17db2b,2,stata/data2011/household/hh6.dta,hh6.dta,.dta,6355,24396,646c9a3f,not encrypted,file,not archive,dataset,data/interim/unpacked/kyrgyzstan/dataverse_files/depth_02/LIK_10_13_stata__4f932d8b/stata/data2011/household/hh6.dta,safe,already present; not overwritten
kyrgyzstan,kyrgyzstan-02-4f932d8b00ca,kyrgyzstan-01-58e70c17db2b,2,stata/data2011/household/hh6a.dta,hh6a.dta,.dta,8106,33989,af88d3b6,not encrypted,file,not archive,dataset,data/interim/unpacked/kyrgyzstan/dataverse_files/depth_02/LIK_10_13_stata__4f932d8b/stata/data2011/household/hh6a.dta,safe,already present; not overwritten
kyrgyzstan,kyrgyzstan-02-4f932d8b00ca,kyrgyzstan-01-58e70c17db2b,2,stata/data2011/household/hh6b.dta,hh6b.dta,.dta,6641,29897,74706d8b,not encrypted,file,not archive,dataset,data/interim/unpacked/kyrgyzstan/dataverse_files/depth_02/LIK_10_13_stata__4f932d8b/stata/data2011/household/hh6b.dta,safe,already present; not overwritten
kyrgyzstan,kyrgyzstan-02-4f932d8b00ca,kyrgyzstan-01-58e70c17db2b,2,stata/data2011/household/hh7.dta,hh7.dta,.dta,15593,165422,dc00832d,not encrypted,file,not archive,dataset,data/interim/unpacked/kyrgyzstan/dataverse_files/depth_02/LIK_10_13_stata__4f932d8b/stata/data2011/household/hh7.dta,safe,already present; not overwritten
kyrgyzstan,kyrgyzstan-02-4f932d8b00ca,kyrgyzstan-01-58e70c17db2b,2,stata/data2011/individual/id0.dta,id0.dta,.dta,25350,406401,173a69a2,not encrypted,file,not archive,dataset,data/interim/unpacked/kyrgyzstan/dataverse_files/depth_02/LIK_10_13_stata__4f932d8b/stata/data2011/individual/id0.dta,safe,already present; not overwritten
kyrgyzstan,kyrgyzstan-02-4f932d8b00ca,kyrgyzstan-01-58e70c17db2b,2,stata/data2011/individual/id1.dta,id1.dta,.dta,78072,183533,2b971d51,not encrypted,file,not archive,dataset,data/interim/unpacked/kyrgyzstan/dataverse_files/depth_02/LIK_10_13_stata__4f932d8b/stata/data2011/individual/id1.dta,safe,already present; not overwritten
kyrgyzstan,kyrgyzstan-02-4f932d8b00ca,kyrgyzstan-01-58e70c17db2b,2,stata/data2011/individual/id2.dta,id2.dta,.dta,79230,861778,4e125de7,not encrypted,file,not archive,dataset,data/interim/unpacked/kyrgyzstan/dataverse_files/depth_02/LIK_10_13_stata__4f932d8b/stata/data2011/individual/id2.dta,safe,already present; not overwritten
kyrgyzstan,kyrgyzstan-02-4f932d8b00ca,kyrgyzstan-01-58e70c17db2b,2,stata/data2011/individual/id3.dta,id3.dta,.dta,125878,1188841,0a297673,not encrypted,file,not archive,dataset,data/interim/unpacked/kyrgyzstan/dataverse_files/depth_02/LIK_10_13_stata__4f932d8b/stata/data2011/individual/id3.dta,safe,already present; not overwritten
kyrgyzstan,kyrgyzstan-02-4f932d8b00ca,kyrgyzstan-01-58e70c17db2b,2,stata/data2011/individual/id3d.dta,id3d.dta,.dta,36963,165466,a8d536bb,not encrypted,file,not archive,dataset,data/interim/unpacked/kyrgyzstan/dataverse_files/depth_02/LIK_10_13_stata__4f932d8b/stata/data2011/individual/id3d.dta,safe,already present; not overwritten
kyrgyzstan,kyrgyzstan-02-4f932d8b00ca,kyrgyzstan-01-58e70c17db2b,2,stata/data2011/individual/id3e.dta,id3e.dta,.dta,5324,30374,7b58f1e0,not encrypted,file,not archive,dataset,data/interim/unpacked/kyrgyzstan/dataverse_files/depth_02/LIK_10_13_stata__4f932d8b/stata/data2011/individual/id3e.dta,safe,already present; not overwritten
kyrgyzstan,kyrgyzstan-02-4f932d8b00ca,kyrgyzstan-01-58e70c17db2b,2,stata/data2011/individual/id4.dta,id4.dta,.dta,39513,614320,cff21d1c,not encrypted,file,not archive,dataset,data/interim/unpacked/kyrgyzstan/dataverse_files/depth_02/LIK_10_13_stata__4f932d8b/stata/data2011/individual/id4.dta,safe,already present; not overwritten
kyrgyzstan,kyrgyzstan-02-4f932d8b00ca,kyrgyzstan-01-58e70c17db2b,2,stata/data2011/individual/id5a.dta,id5a.dta,.dta,53827,382844,3e258009,not encrypted,file,not archive,dataset,data/interim/unpacked/kyrgyzstan/dataverse_files/depth_02/LIK_10_13_stata__4f932d8b/stata/data2011/individual/id5a.dta,safe,already present; not overwritten
kyrgyzstan,kyrgyzstan-02-4f932d8b00ca,kyrgyzstan-01-58e70c17db2b,2,stata/data2011/individual/id5b.dta,id5b.dta,.dta,516037,1007034,aa4b7e76,not encrypted,file,not archive,dataset,data/interim/unpacked/kyrgyzstan/dataverse_files/depth_02/LIK_10_13_stata__4f932d8b/stata/data2011/individual/id5b.dta,safe,already present; not overwritten
kyrgyzstan,kyrgyzstan-02-4f932d8b00ca,kyrgyzstan-01-58e70c17db2b,2,stata/data2011/individual/id5c.dta,id5c.dta,.dta,376292,3636052,2b50a746,not encrypted,file,not archive,dataset,data/interim/unpacked/kyrgyzstan/dataverse_files/depth_02/LIK_10_13_stata__4f932d8b/stata/data2011/individual/id5c.dta,safe,already present; not overwritten
kyrgyzstan,kyrgyzstan-02-4f932d8b00ca,kyrgyzstan-01-58e70c17db2b,2,stata/data2011/individual/id5d.dta,id5d.dta,.dta,37557,111389,1b42d71d,not encrypted,file,not archive,dataset,data/interim/unpacked/kyrgyzstan/dataverse_files/depth_02/LIK_10_13_stata__4f932d8b/stata/data2011/individual/id5d.dta,safe,already present; not overwritten
kyrgyzstan,kyrgyzstan-02-4f932d8b00ca,kyrgyzstan-01-58e70c17db2b,2,stata/data2011/individual/id5dch.dta,id5dch.dta,.dta,63835,169363,048bb860,not encrypted,file,not archive,dataset,data/interim/unpacked/kyrgyzstan/dataverse_files/depth_02/LIK_10_13_stata__4f932d8b/stata/data2011/individual/id5dch.dta,safe,already present; not overwritten
kyrgyzstan,kyrgyzstan-02-4f932d8b00ca,kyrgyzstan-01-58e70c17db2b,2,stata/data2011/individual/id6.dta,id6.dta,.dta,67482,158098,b130a249,not encrypted,file,not archive,dataset,data/interim/unpacked/kyrgyzstan/dataverse_files/depth_02/LIK_10_13_stata__4f932d8b/stata/data2011/individual/id6.dta,safe,already present; not overwritten
kyrgyzstan,kyrgyzstan-02-4f932d8b00ca,kyrgyzstan-01-58e70c17db2b,2,stata/data2011/individual/id7.dta,id7.dta,.dta,45171,207745,e84d1e7f,not encrypted,file,not archive,dataset,data/interim/unpacked/kyrgyzstan/dataverse_files/depth_02/LIK_10_13_stata__4f932d8b/stata/data2011/individual/id7.dta,safe,already present; not overwritten
kyrgyzstan,kyrgyzstan-02-4f932d8b00ca,kyrgyzstan-01-58e70c17db2b,2,stata/data2011/individual/id8.dta,id8.dta,.dta,96682,696445,a312ff0f,not encrypted,file,not archive,dataset,data/interim/unpacked/kyrgyzstan/dataverse_files/depth_02/LIK_10_13_stata__4f932d8b/stata/data2011/individual/id8.dta,safe,already present; not overwritten
kyrgyzstan,kyrgyzstan-02-4f932d8b00ca,kyrgyzstan-01-58e70c17db2b,2,stata/data2012/community/ao_01.dta,ao_01.dta,.dta,2357,5827,7e2c9c5b,not encrypted,file,not archive,dataset,data/interim/unpacked/kyrgyzstan/dataverse_files/depth_02/LIK_10_13_stata__4f932d8b/stata/data2012/community/ao_01.dta,safe,already present; not overwritten
kyrgyzstan,kyrgyzstan-02-4f932d8b00ca,kyrgyzstan-01-58e70c17db2b,2,stata/data2012/community/ao_02.dta,ao_02.dta,.dta,16516,68738,868e9a30,not encrypted,file,not archive,dataset,data/interim/unpacked/kyrgyzstan/dataverse_files/depth_02/LIK_10_13_stata__4f932d8b/stata/data2012/community/ao_02.dta,safe,already present; not overwritten
kyrgyzstan,kyrgyzstan-02-4f932d8b00ca,kyrgyzstan-01-58e70c17db2b,2,stata/data2012/control/cc_hh.dta,cc_hh.dta,.dta,23763,157743,9bad7004,not encrypted,file,not archive,dataset,data/interim/unpacked/kyrgyzstan/dataverse_files/depth_02/LIK_10_13_stata__4f932d8b/stata/data2012/control/cc_hh.dta,safe,already present; not overwritten
kyrgyzstan,kyrgyzstan-02-4f932d8b00ca,kyrgyzstan-01-58e70c17db2b,2,stata/data2012/control/cc_ind.dta,cc_ind.dta,.dta,103058,866504,ef81d5ea,not encrypted,file,not archive,dataset,data/interim/unpacked/kyrgyzstan/dataverse_files/depth_02/LIK_10_13_stata__4f932d8b/stata/data2012/control/cc_ind.dta,safe,already present; not overwritten
kyrgyzstan,kyrgyzstan-02-4f932d8b00ca,kyrgyzstan-01-58e70c17db2b,2,stata/data2012/household/hh0.dta,hh0.dta,.dta,26315,99322,d89b58c0,not encrypted,file,not archive,dataset,data/interim/unpacked/kyrgyzstan/dataverse_files/depth_02/LIK_10_13_stata__4f932d8b/stata/data2012/household/hh0.dta,safe,already present; not overwritten
kyrgyzstan,kyrgyzstan-02-4f932d8b00ca,kyrgyzstan-01-58e70c17db2b,2,stata/data2012/household/hh1a.dta,hh1a.dta,.dta,88952,223865,716dd4e4,not encrypted,file,not archive,dataset,data/interim/unpacked/kyrgyzstan/dataverse_files/depth_02/LIK_10_13_stata__4f932d8b/stata/data2012/household/hh1a.dta,safe,already present; not overwritten
kyrgyzstan,kyrgyzstan-02-4f932d8b00ca,kyrgyzstan-01-58e70c17db2b,2,stata/data2012/household/hh1b.dta,hh1b.dta,.dta,35672,144448,6d214a32,not encrypted,file,not archive,dataset,data/interim/unpacked/kyrgyzstan/dataverse_files/depth_02/LIK_10_13_stata__4f932d8b/stata/data2012/household/hh1b.dta,safe,already present; not overwritten
kyrgyzstan,kyrgyzstan-02-4f932d8b00ca,kyrgyzstan-01-58e70c17db2b,2,stata/data2012/household/hh1c.dta,hh1c.dta,.dta,35327,119311,ce1f006b,not encrypted,file,not archive,dataset,data/interim/unpacked/kyrgyzstan/dataverse_files/depth_02/LIK_10_13_stata__4f932d8b/stata/data2012/household/hh1c.dta,safe,already present; not overwritten
kyrgyzstan,kyrgyzstan-02-4f932d8b00ca,kyrgyzstan-01-58e70c17db2b,2,stata/data2012/household/hh2a.dta,hh2a.dta,.dta,36035,189592,887ee738,not encrypted,file,not archive,dataset,data/interim/unpacked/kyrgyzstan/dataverse_files/depth_02/LIK_10_13_stata__4f932d8b/stata/data2012/household/hh2a.dta,safe,already present; not overwritten
kyrgyzstan,kyrgyzstan-02-4f932d8b00ca,kyrgyzstan-01-58e70c17db2b,2,stata/data2012/household/hh2b.dta,hh2b.dta,.dta,118443,578017,3a5cadd9,not encrypted,file,not archive,dataset,data/interim/unpacked/kyrgyzstan/dataverse_files/depth_02/LIK_10_13_stata__4f932d8b/stata/data2012/household/hh2b.dta,safe,already present; not overwritten
kyrgyzstan,kyrgyzstan-02-4f932d8b00ca,kyrgyzstan-01-58e70c17db2b,2,stata/data2012/household/hh2c.dta,hh2c.dta,.dta,24518,123839,82bd7a71,not encrypted,file,not archive,dataset,data/interim/unpacked/kyrgyzstan/dataverse_files/depth_02/LIK_10_13_stata__4f932d8b/stata/data2012/household/hh2c.dta,safe,already present; not overwritten
kyrgyzstan,kyrgyzstan-02-4f932d8b00ca,kyrgyzstan-01-58e70c17db2b,2,stata/data2012/household/hh3.dta,hh3.dta,.dta,22228,127940,1a16c357,not encrypted,file,not archive,dataset,data/interim/unpacked/kyrgyzstan/dataverse_files/depth_02/LIK_10_13_stata__4f932d8b/stata/data2012/household/hh3.dta,safe,already present; not overwritten
kyrgyzstan,kyrgyzstan-02-4f932d8b00ca,kyrgyzstan-01-58e70c17db2b,2,stata/data2012/household/hh3a.dta,hh3a.dta,.dta,38065,334844,93ace0e0,not encrypted,file,not archive,dataset,data/interim/unpacked/kyrgyzstan/dataverse_files/depth_02/LIK_10_13_stata__4f932d8b/stata/data2012/household/hh3a.dta,safe,already present; not overwritten
kyrgyzstan,kyrgyzstan-02-4f932d8b00ca,kyrgyzstan-01-58e70c17db2b,2,stata/data2012/household/hh4a.dta,hh4a.dta,.dta,348367,1665618,cd545691,not encrypted,file,not archive,dataset,data/interim/unpacked/kyrgyzstan/dataverse_files/depth_02/LIK_10_13_stata__4f932d8b/stata/data2012/household/hh4a.dta,safe,already present; not overwritten
kyrgyzstan,kyrgyzstan-02-4f932d8b00ca,kyrgyzstan-01-58e70c17db2b,2,stata/data2012/household/hh4b.dta,hh4b.dta,.dta,138380,516362,243aeac8,not encrypted,file,not archive,dataset,data/interim/unpacked/kyrgyzstan/dataverse_files/depth_02/LIK_10_13_stata__4f932d8b/stata/data2012/household/hh4b.dta,safe,already present; not overwritten
kyrgyzstan,kyrgyzstan-02-4f932d8b00ca,kyrgyzstan-01-58e70c17db2b,2,stata/data2012/household/hh4c.dta,hh4c.dta,.dta,81922,687445,43be5f4f,not encrypted,file,not archive,dataset,data/interim/unpacked/kyrgyzstan/dataverse_files/depth_02/LIK_10_13_stata__4f932d8b/stata/data2012/household/hh4c.dta,safe,already present; not overwritten
kyrgyzstan,kyrgyzstan-02-4f932d8b00ca,kyrgyzstan-01-58e70c17db2b,2,stata/data2012/household/hh5.dta,hh5.dta,.dta,23472,50402,4e3b047d,not encrypted,file,not archive,dataset,data/interim/unpacked/kyrgyzstan/dataverse_files/depth_02/LIK_10_13_stata__4f932d8b/stata/data2012/household/hh5.dta,safe,already present; not overwritten
kyrgyzstan,kyrgyzstan-02-4f932d8b00ca,kyrgyzstan-01-58e70c17db2b,2,stata/data2012/household/hh6.dta,hh6.dta,.dta,1629,2862,b8764ddc,not encrypted,file,not archive,dataset,data/interim/unpacked/kyrgyzstan/dataverse_files/depth_02/LIK_10_13_stata__4f932d8b/stata/data2012/household/hh6.dta,safe,already present; not overwritten
kyrgyzstan,kyrgyzstan-02-4f932d8b00ca,kyrgyzstan-01-58e70c17db2b,2,stata/data2012/household/hh6a.dta,hh6a.dta,.dta,9350,45440,cfffe2c6,not encrypted,file,not archive,dataset,data/interim/unpacked/kyrgyzstan/dataverse_files/depth_02/LIK_10_13_stata__4f932d8b/stata/data2012/household/hh6a.dta,safe,already present; not overwritten
kyrgyzstan,kyrgyzstan-02-4f932d8b00ca,kyrgyzstan-01-58e70c17db2b,2,stata/data2012/household/hh6b.dta,hh6b.dta,.dta,6670,29400,d922918b,not encrypted,file,not archive,dataset,data/interim/unpacked/kyrgyzstan/dataverse_files/depth_02/LIK_10_13_stata__4f932d8b/stata/data2012/household/hh6b.dta,safe,already present; not overwritten
kyrgyzstan,kyrgyzstan-02-4f932d8b00ca,kyrgyzstan-01-58e70c17db2b,2,stata/data2012/household/hh7.dta,hh7.dta,.dta,13033,162796,68f68da5,not encrypted,file,not archive,dataset,data/interim/unpacked/kyrgyzstan/dataverse_files/depth_02/LIK_10_13_stata__4f932d8b/stata/data2012/household/hh7.dta,safe,already present; not overwritten
kyrgyzstan,kyrgyzstan-02-4f932d8b00ca,kyrgyzstan-01-58e70c17db2b,2,stata/data2012/individual/id0.dta,id0.dta,.dta,26715,419210,4a021b25,not encrypted,file,not archive,dataset,data/interim/unpacked/kyrgyzstan/dataverse_files/depth_02/LIK_10_13_stata__4f932d8b/stata/data2012/individual/id0.dta,safe,already present; not overwritten
kyrgyzstan,kyrgyzstan-02-4f932d8b00ca,kyrgyzstan-01-58e70c17db2b,2,stata/data2012/individual/id1.dta,id1.dta,.dta,78583,185303,66372bda,not encrypted,file,not archive,dataset,data/interim/unpacked/kyrgyzstan/dataverse_files/depth_02/LIK_10_13_stata__4f932d8b/stata/data2012/individual/id1.dta,safe,already present; not overwritten
kyrgyzstan,kyrgyzstan-02-4f932d8b00ca,kyrgyzstan-01-58e70c17db2b,2,stata/data2012/individual/id2.dta,id2.dta,.dta,173381,959436,48dddcb7,not encrypted,file,not archive,dataset,data/interim/unpacked/kyrgyzstan/dataverse_files/depth_02/LIK_10_13_stata__4f932d8b/stata/data2012/individual/id2.dta,safe,already present; not overwritten
kyrgyzstan,kyrgyzstan-02-4f932d8b00ca,kyrgyzstan-01-58e70c17db2b,2,stata/data2012/individual/id3.dta,id3.dta,.dta,122642,1204850,ee185a86,not encrypted,file,not archive,dataset,data/interim/unpacked/kyrgyzstan/dataverse_files/depth_02/LIK_10_13_stata__4f932d8b/stata/data2012/individual/id3.dta,safe,already present; not overwritten
kyrgyzstan,kyrgyzstan-02-4f932d8b00ca,kyrgyzstan-01-58e70c17db2b,2,stata/data2012/individual/id3d.dta,id3d.dta,.dta,38130,171529,96e37668,not encrypted,file,not archive,dataset,data/interim/unpacked/kyrgyzstan/dataverse_files/depth_02/LIK_10_13_stata__4f932d8b/stata/data2012/individual/id3d.dta,safe,already present; not overwritten
kyrgyzstan,kyrgyzstan-02-4f932d8b00ca,kyrgyzstan-01-58e70c17db2b,2,stata/data2012/individual/id3e.dta,id3e.dta,.dta,7224,44666,f3bebaca,not encrypted,file,not archive,dataset,data/interim/unpacked/kyrgyzstan/dataverse_files/depth_02/LIK_10_13_stata__4f932d8b/stata/data2012/individual/id3e.dta,safe,already present; not overwritten
kyrgyzstan,kyrgyzstan-02-4f932d8b00ca,kyrgyzstan-01-58e70c17db2b,2,stata/data2012/individual/id4.dta,id4.dta,.dta,41012,630178,4bcb025e,not encrypted,file,not archive,dataset,data/interim/unpacked/kyrgyzstan/dataverse_files/depth_02/LIK_10_13_stata__4f932d8b/stata/data2012/individual/id4.dta,safe,already present; not overwritten
kyrgyzstan,kyrgyzstan-02-4f932d8b00ca,kyrgyzstan-01-58e70c17db2b,2,stata/data2012/individual/id5a.dta,id5a.dta,.dta,32958,312890,7af924dc,not encrypted,file,not archive,dataset,data/interim/unpacked/kyrgyzstan/dataverse_files/depth_02/LIK_10_13_stata__4f932d8b/stata/data2012/individual/id5a.dta,safe,already present; not overwritten
kyrgyzstan,kyrgyzstan-02-4f932d8b00ca,kyrgyzstan-01-58e70c17db2b,2,stata/data2012/individual/id5b.dta,id5b.dta,.dta,61976,241698,dc252185,not encrypted,file,not archive,dataset,data/interim/unpacked/kyrgyzstan/dataverse_files/depth_02/LIK_10_13_stata__4f932d8b/stata/data2012/individual/id5b.dta,safe,already present; not overwritten
kyrgyzstan,kyrgyzstan-02-4f932d8b00ca,kyrgyzstan-01-58e70c17db2b,2,stata/data2012/individual/id5c.dta,id5c.dta,.dta,379938,3720031,ffca105c,not encrypted,file,not archive,dataset,data/interim/unpacked/kyrgyzstan/dataverse_files/depth_02/LIK_10_13_stata__4f932d8b/stata/data2012/individual/id5c.dta,safe,already present; not overwritten
kyrgyzstan,kyrgyzstan-02-4f932d8b00ca,kyrgyzstan-01-58e70c17db2b,2,stata/data2012/individual/id5d.dta,id5d.dta,.dta,4517,16200,65fdfe80,not encrypted,file,not archive,dataset,data/interim/unpacked/kyrgyzstan/dataverse_files/depth_02/LIK_10_13_stata__4f932d8b/stata/data2012/individual/id5d.dta,safe,already present; not overwritten
kyrgyzstan,kyrgyzstan-02-4f932d8b00ca,kyrgyzstan-01-58e70c17db2b,2,stata/data2012/individual/id5dch.dta,id5dch.dta,.dta,4723,12794,20a8af86,not encrypted,file,not archive,dataset,data/interim/unpacked/kyrgyzstan/dataverse_files/depth_02/LIK_10_13_stata__4f932d8b/stata/data2012/individual/id5dch.dta,safe,already present; not overwritten
kyrgyzstan,kyrgyzstan-02-4f932d8b00ca,kyrgyzstan-01-58e70c17db2b,2,stata/data2012/individual/id5e.dta,id5e.dta,.dta,34910,84136,cb707a1e,not encrypted,file,not archive,dataset,data/interim/unpacked/kyrgyzstan/dataverse_files/depth_02/LIK_10_13_stata__4f932d8b/stata/data2012/individual/id5e.dta,safe,already present; not overwritten
kyrgyzstan,kyrgyzstan-02-4f932d8b00ca,kyrgyzstan-01-58e70c17db2b,2,stata/data2012/individual/id6.dta,id6.dta,.dta,72498,169079,9aad02ac,not encrypted,file,not archive,dataset,data/interim/unpacked/kyrgyzstan/dataverse_files/depth_02/LIK_10_13_stata__4f932d8b/stata/data2012/individual/id6.dta,safe,already present; not overwritten
kyrgyzstan,kyrgyzstan-02-4f932d8b00ca,kyrgyzstan-01-58e70c17db2b,2,stata/data2012/individual/id7.dta,id7.dta,.dta,44972,210532,53429bb7,not encrypted,file,not archive,dataset,data/interim/unpacked/kyrgyzstan/dataverse_files/depth_02/LIK_10_13_stata__4f932d8b/stata/data2012/individual/id7.dta,safe,already present; not overwritten
kyrgyzstan,kyrgyzstan-02-4f932d8b00ca,kyrgyzstan-01-58e70c17db2b,2,stata/data2012/individual/id8.dta,id8.dta,.dta,53192,535822,58b9ed19,not encrypted,file,not archive,dataset,data/interim/unpacked/kyrgyzstan/dataverse_files/depth_02/LIK_10_13_stata__4f932d8b/stata/data2012/individual/id8.dta,safe,already present; not overwritten
kyrgyzstan,kyrgyzstan-02-4f932d8b00ca,kyrgyzstan-01-58e70c17db2b,2,stata/data2012/individual/id8c.dta,id8c.dta,.dta,69866,269208,689d0007,not encrypted,file,not archive,dataset,data/interim/unpacked/kyrgyzstan/dataverse_files/depth_02/LIK_10_13_stata__4f932d8b/stata/data2012/individual/id8c.dta,safe,already present; not overwritten
kyrgyzstan,kyrgyzstan-02-4f932d8b00ca,kyrgyzstan-01-58e70c17db2b,2,stata/data2012/individual/id8d.dta,id8d.dta,.dta,29904,108764,0f1bb94a,not encrypted,file,not archive,dataset,data/interim/unpacked/kyrgyzstan/dataverse_files/depth_02/LIK_10_13_stata__4f932d8b/stata/data2012/individual/id8d.dta,safe,already present; not overwritten
kyrgyzstan,kyrgyzstan-02-4f932d8b00ca,kyrgyzstan-01-58e70c17db2b,2,stata/data2012/individual/spss.stcmd,spss.stcmd,.stcmd,17,17,a28f5bc5,not encrypted,file,not archive,syntax,data/interim/unpacked/kyrgyzstan/dataverse_files/depth_02/LIK_10_13_stata__4f932d8b/stata/data2012/individual/spss.stcmd,safe,already present; not overwritten
kyrgyzstan,kyrgyzstan-02-4f932d8b00ca,kyrgyzstan-01-58e70c17db2b,2,stata/data2013/community/cm1.dta,cm1.dta,.dta,17798,87675,cff12ce5,not encrypted,file,not archive,dataset,data/interim/unpacked/kyrgyzstan/dataverse_files/depth_02/LIK_10_13_stata__4f932d8b/stata/data2013/community/cm1.dta,safe,already present; not overwritten
kyrgyzstan,kyrgyzstan-02-4f932d8b00ca,kyrgyzstan-01-58e70c17db2b,2,stata/data2013/community/cm1_prices.dta,cm1_prices.dta,.dta,22222,64499,0b9b12bb,not encrypted,file,not archive,dataset,data/interim/unpacked/kyrgyzstan/dataverse_files/depth_02/LIK_10_13_stata__4f932d8b/stata/data2013/community/cm1_prices.dta,safe,already present; not overwritten
kyrgyzstan,kyrgyzstan-02-4f932d8b00ca,kyrgyzstan-01-58e70c17db2b,2,stata/data2013/control/cc_hh.dta,cc_hh.dta,.dta,20738,141481,41a419a5,not encrypted,file,not archive,dataset,data/interim/unpacked/kyrgyzstan/dataverse_files/depth_02/LIK_10_13_stata__4f932d8b/stata/data2013/control/cc_hh.dta,safe,already present; not overwritten
kyrgyzstan,kyrgyzstan-02-4f932d8b00ca,kyrgyzstan-01-58e70c17db2b,2,stata/data2013/control/cc_ind.dta,cc_ind.dta,.dta,86211,875680,a64c9020,not encrypted,file,not archive,dataset,data/interim/unpacked/kyrgyzstan/dataverse_files/depth_02/LIK_10_13_stata__4f932d8b/stata/data2013/control/cc_ind.dta,safe,already present; not overwritten
kyrgyzstan,kyrgyzstan-02-4f932d8b00ca,kyrgyzstan-01-58e70c17db2b,2,stata/data2013/household/hh0.dta,hh0.dta,.dta,46405,168845,903603e7,not encrypted,file,not archive,dataset,data/interim/unpacked/kyrgyzstan/dataverse_files/depth_02/LIK_10_13_stata__4f932d8b/stata/data2013/household/hh0.dta,safe,already present; not overwritten
kyrgyzstan,kyrgyzstan-02-4f932d8b00ca,kyrgyzstan-01-58e70c17db2b,2,stata/data2013/household/hh1a.dta,hh1a.dta,.dta,78214,187604,9c08e5a8,not encrypted,file,not archive,dataset,data/interim/unpacked/kyrgyzstan/dataverse_files/depth_02/LIK_10_13_stata__4f932d8b/stata/data2013/household/hh1a.dta,safe,already present; not overwritten
kyrgyzstan,kyrgyzstan-02-4f932d8b00ca,kyrgyzstan-01-58e70c17db2b,2,stata/data2013/household/hh1b.dta,hh1b.dta,.dta,30623,99211,00bbe55b,not encrypted,file,not archive,dataset,data/interim/unpacked/kyrgyzstan/dataverse_files/depth_02/LIK_10_13_stata__4f932d8b/stata/data2013/household/hh1b.dta,safe,already present; not overwritten
kyrgyzstan,kyrgyzstan-02-4f932d8b00ca,kyrgyzstan-01-58e70c17db2b,2,stata/data2013/household/hh1c.dta,hh1c.dta,.dta,37681,122711,1707e209,not encrypted,file,not archive,dataset,data/interim/unpacked/kyrgyzstan/dataverse_files/depth_02/LIK_10_13_stata__4f932d8b/stata/data2013/household/hh1c.dta,safe,already present; not overwritten
kyrgyzstan,kyrgyzstan-02-4f932d8b00ca,kyrgyzstan-01-58e70c17db2b,2,stata/data2013/household/hh1d.dta,hh1d.dta,.dta,9678,32330,7f0886a6,not encrypted,file,not archive,dataset,data/interim/unpacked/kyrgyzstan/dataverse_files/depth_02/LIK_10_13_stata__4f932d8b/stata/data2013/household/hh1d.dta,safe,already present; not overwritten
kyrgyzstan,kyrgyzstan-02-4f932d8b00ca,kyrgyzstan-01-58e70c17db2b,2,stata/data2013/household/hh2a.dta,hh2a.dta,.dta,39904,225914,4b1cabe1,not encrypted,file,not archive,dataset,data/interim/unpacked/kyrgyzstan/dataverse_files/depth_02/LIK_10_13_stata__4f932d8b/stata/data2013/household/hh2a.dta,safe,already present; not overwritten
kyrgyzstan,kyrgyzstan-02-4f932d8b00ca,kyrgyzstan-01-58e70c17db2b,2,stata/data2013/household/hh2b.dta,hh2b.dta,.dta,136483,535382,0e03ff59,not encrypted,file,not archive,dataset,data/interim/unpacked/kyrgyzstan/dataverse_files/depth_02/LIK_10_13_stata__4f932d8b/stata/data2013/household/hh2b.dta,safe,already present; not overwritten
kyrgyzstan,kyrgyzstan-02-4f932d8b00ca,kyrgyzstan-01-58e70c17db2b,2,stata/data2013/household/hh2c.dta,hh2c.dta,.dta,34030,150565,b84a6fa0,not encrypted,file,not archive,dataset,data/interim/unpacked/kyrgyzstan/dataverse_files/depth_02/LIK_10_13_stata__4f932d8b/stata/data2013/household/hh2c.dta,safe,already present; not overwritten
kyrgyzstan,kyrgyzstan-02-4f932d8b00ca,kyrgyzstan-01-58e70c17db2b,2,stata/data2013/household/hh2d.dta,hh2d.dta,.dta,9423,47466,9345500e,not encrypted,file,not archive,dataset,data/interim/unpacked/kyrgyzstan/dataverse_files/depth_02/LIK_10_13_stata__4f932d8b/stata/data2013/household/hh2d.dta,safe,already present; not overwritten
kyrgyzstan,kyrgyzstan-02-4f932d8b00ca,kyrgyzstan-01-58e70c17db2b,2,stata/data2013/household/hh3.dta,hh3.dta,.dta,19321,91148,c72a3c47,not encrypted,file,not archive,dataset,data/interim/unpacked/kyrgyzstan/dataverse_files/depth_02/LIK_10_13_stata__4f932d8b/stata/data2013/household/hh3.dta,safe,already present; not overwritten
kyrgyzstan,kyrgyzstan-02-4f932d8b00ca,kyrgyzstan-01-58e70c17db2b,2,stata/data2013/household/hh3a.dta,hh3a.dta,.dta,27246,213516,fa5f5f25,not encrypted,file,not archive,dataset,data/interim/unpacked/kyrgyzstan/dataverse_files/depth_02/LIK_10_13_stata__4f932d8b/stata/data2013/household/hh3a.dta,safe,already present; not overwritten
kyrgyzstan,kyrgyzstan-02-4f932d8b00ca,kyrgyzstan-01-58e70c17db2b,2,stata/data2013/household/hh4a.dta,hh4a.dta,.dta,282696,1413641,2df3bd77,not encrypted,file,not archive,dataset,data/interim/unpacked/kyrgyzstan/dataverse_files/depth_02/LIK_10_13_stata__4f932d8b/stata/data2013/household/hh4a.dta,safe,already present; not overwritten
kyrgyzstan,kyrgyzstan-02-4f932d8b00ca,kyrgyzstan-01-58e70c17db2b,2,stata/data2013/household/hh4b.dta,hh4b.dta,.dta,140613,472934,5c65f950,not encrypted,file,not archive,dataset,data/interim/unpacked/kyrgyzstan/dataverse_files/depth_02/LIK_10_13_stata__4f932d8b/stata/data2013/household/hh4b.dta,safe,already present; not overwritten
kyrgyzstan,kyrgyzstan-02-4f932d8b00ca,kyrgyzstan-01-58e70c17db2b,2,stata/data2013/household/hh4c.dta,hh4c.dta,.dta,65591,580876,f7cd7d2b,not encrypted,file,not archive,dataset,data/interim/unpacked/kyrgyzstan/dataverse_files/depth_02/LIK_10_13_stata__4f932d8b/stata/data2013/household/hh4c.dta,safe,already present; not overwritten
kyrgyzstan,kyrgyzstan-02-4f932d8b00ca,kyrgyzstan-01-58e70c17db2b,2,stata/data2013/household/hh5a.dta,hh5a.dta,.dta,15508,34470,36edf1fa,not encrypted,file,not archive,dataset,data/interim/unpacked/kyrgyzstan/dataverse_files/depth_02/LIK_10_13_stata__4f932d8b/stata/data2013/household/hh5a.dta,safe,already present; not overwritten
kyrgyzstan,kyrgyzstan-02-4f932d8b00ca,kyrgyzstan-01-58e70c17db2b,2,stata/data2013/household/hh5b.dta,hh5b.dta,.dta,7606,18225,c81cf6bf,not encrypted,file,not archive,dataset,data/interim/unpacked/kyrgyzstan/dataverse_files/depth_02/LIK_10_13_stata__4f932d8b/stata/data2013/household/hh5b.dta,safe,already present; not overwritten
kyrgyzstan,kyrgyzstan-02-4f932d8b00ca,kyrgyzstan-01-58e70c17db2b,2,stata/data2013/household/hh6a.dta,hh6a.dta,.dta,10310,45693,e4dbc3e0,not encrypted,file,not archive,dataset,data/interim/unpacked/kyrgyzstan/dataverse_files/depth_02/LIK_10_13_stata__4f932d8b/stata/data2013/household/hh6a.dta,safe,already present; not overwritten
kyrgyzstan,kyrgyzstan-02-4f932d8b00ca,kyrgyzstan-01-58e70c17db2b,2,stata/data2013/household/hh6b.dta,hh6b.dta,.dta,6691,31501,d5135a5d,not encrypted,file,not archive,dataset,data/interim/unpacked/kyrgyzstan/dataverse_files/depth_02/LIK_10_13_stata__4f932d8b/stata/data2013/household/hh6b.dta,safe,already present; not overwritten
kyrgyzstan,kyrgyzstan-02-4f932d8b00ca,kyrgyzstan-01-58e70c17db2b,2,stata/data2013/household/hh7.dta,hh7.dta,.dta,12365,148567,d243dbfd,not encrypted,file,not archive,dataset,data/interim/unpacked/kyrgyzstan/dataverse_files/depth_02/LIK_10_13_stata__4f932d8b/stata/data2013/household/hh7.dta,safe,already present; not overwritten
kyrgyzstan,kyrgyzstan-02-4f932d8b00ca,kyrgyzstan-01-58e70c17db2b,2,stata/data2013/individual/id0.dta,id0.dta,.dta,94175,771992,1d8aaa3a,not encrypted,file,not archive,dataset,data/interim/unpacked/kyrgyzstan/dataverse_files/depth_02/LIK_10_13_stata__4f932d8b/stata/data2013/individual/id0.dta,safe,already present; not overwritten
kyrgyzstan,kyrgyzstan-02-4f932d8b00ca,kyrgyzstan-01-58e70c17db2b,2,stata/data2013/individual/id1.dta,id1.dta,.dta,74848,173190,dfaa2719,not encrypted,file,not archive,dataset,data/interim/unpacked/kyrgyzstan/dataverse_files/depth_02/LIK_10_13_stata__4f932d8b/stata/data2013/individual/id1.dta,safe,already present; not overwritten
kyrgyzstan,kyrgyzstan-02-4f932d8b00ca,kyrgyzstan-01-58e70c17db2b,2,stata/data2013/individual/id2a.dta,id2a.dta,.dta,33694,387652,fdfe0b30,not encrypted,file,not archive,dataset,data/interim/unpacked/kyrgyzstan/dataverse_files/depth_02/LIK_10_13_stata__4f932d8b/stata/data2013/individual/id2a.dta,safe,already present; not overwritten
kyrgyzstan,kyrgyzstan-02-4f932d8b00ca,kyrgyzstan-01-58e70c17db2b,2,stata/data2013/individual/id2b.dta,id2b.dta,.dta,66157,492286,79f02de2,not encrypted,file,not archive,dataset,data/interim/unpacked/kyrgyzstan/dataverse_files/depth_02/LIK_10_13_stata__4f932d8b/stata/data2013/individual/id2b.dta,safe,already present; not overwritten
kyrgyzstan,kyrgyzstan-02-4f932d8b00ca,kyrgyzstan-01-58e70c17db2b,2,stata/data2013/individual/id2c.dta,id2c.dta,.dta,9963,25959,06a57a5c,not encrypted,file,not archive,dataset,data/interim/unpacked/kyrgyzstan/dataverse_files/depth_02/LIK_10_13_stata__4f932d8b/stata/data2013/individual/id2c.dta,safe,already present; not overwritten
kyrgyzstan,kyrgyzstan-02-4f932d8b00ca,kyrgyzstan-01-58e70c17db2b,2,stata/data2013/individual/id3a.dta,id3a.dta,.dta,19512,56380,474ac57d,not encrypted,file,not archive,dataset,data/interim/unpacked/kyrgyzstan/dataverse_files/depth_02/LIK_10_13_stata__4f932d8b/stata/data2013/individual/id3a.dta,safe,already present; not overwritten
kyrgyzstan,kyrgyzstan-02-4f932d8b00ca,kyrgyzstan-01-58e70c17db2b,2,stata/data2013/individual/id3b.dta,id3b.dta,.dta,115757,541609,c19fbc1c,not encrypted,file,not archive,dataset,data/interim/unpacked/kyrgyzstan/dataverse_files/depth_02/LIK_10_13_stata__4f932d8b/stata/data2013/individual/id3b.dta,safe,already present; not overwritten
kyrgyzstan,kyrgyzstan-02-4f932d8b00ca,kyrgyzstan-01-58e70c17db2b,2,stata/data2013/individual/id3c.dta,id3c.dta,.dta,27367,182135,4ccfc4ce,not encrypted,file,not archive,dataset,data/interim/unpacked/kyrgyzstan/dataverse_files/depth_02/LIK_10_13_stata__4f932d8b/stata/data2013/individual/id3c.dta,safe,already present; not overwritten
kyrgyzstan,kyrgyzstan-02-4f932d8b00ca,kyrgyzstan-01-58e70c17db2b,2,stata/data2013/individual/id3d.dta,id3d.dta,.dta,37799,180036,fb3e3d90,not encrypted,file,not archive,dataset,data/interim/unpacked/kyrgyzstan/dataverse_files/depth_02/LIK_10_13_stata__4f932d8b/stata/data2013/individual/id3d.dta,safe,already present; not overwritten
kyrgyzstan,kyrgyzstan-02-4f932d8b00ca,kyrgyzstan-01-58e70c17db2b,2,stata/data2013/individual/id3e.dta,id3e.dta,.dta,11886,73499,5860bd02,not encrypted,file,not archive,dataset,data/interim/unpacked/kyrgyzstan/dataverse_files/depth_02/LIK_10_13_stata__4f932d8b/stata/data2013/individual/id3e.dta,safe,already present; not overwritten
kyrgyzstan,kyrgyzstan-02-4f932d8b00ca,kyrgyzstan-01-58e70c17db2b,2,stata/data2013/individual/id4.dta,id4.dta,.dta,28869,324262,d1c23a61,not encrypted,file,not archive,dataset,data/interim/unpacked/kyrgyzstan/dataverse_files/depth_02/LIK_10_13_stata__4f932d8b/stata/data2013/individual/id4.dta,safe,already present; not overwritten
kyrgyzstan,kyrgyzstan-02-4f932d8b00ca,kyrgyzstan-01-58e70c17db2b,2,stata/data2013/individual/id5b.dta,id5b.dta,.dta,69065,290945,b6c79b63,not encrypted,file,not archive,dataset,data/interim/unpacked/kyrgyzstan/dataverse_files/depth_02/LIK_10_13_stata__4f932d8b/stata/data2013/individual/id5b.dta,safe,already present; not overwritten
kyrgyzstan,kyrgyzstan-02-4f932d8b00ca,kyrgyzstan-01-58e70c17db2b,2,stata/data2013/individual/id5c.dta,id5c.dta,.dta,336763,3261094,a5241e9a,not encrypted,file,not archive,dataset,data/interim/unpacked/kyrgyzstan/dataverse_files/depth_02/LIK_10_13_stata__4f932d8b/stata/data2013/individual/id5c.dta,safe,already present; not overwritten
kyrgyzstan,kyrgyzstan-02-4f932d8b00ca,kyrgyzstan-01-58e70c17db2b,2,stata/data2013/individual/id5d.dta,id5d.dta,.dta,13707,87005,12eabe86,not encrypted,file,not archive,dataset,data/interim/unpacked/kyrgyzstan/dataverse_files/depth_02/LIK_10_13_stata__4f932d8b/stata/data2013/individual/id5d.dta,safe,already present; not overwritten
kyrgyzstan,kyrgyzstan-02-4f932d8b00ca,kyrgyzstan-01-58e70c17db2b,2,stata/data2013/individual/id5dch.dta,id5dch.dta,.dta,6364,17447,d599803d,not encrypted,file,not archive,dataset,data/interim/unpacked/kyrgyzstan/dataverse_files/depth_02/LIK_10_13_stata__4f932d8b/stata/data2013/individual/id5dch.dta,safe,already present; not overwritten
kyrgyzstan,kyrgyzstan-02-4f932d8b00ca,kyrgyzstan-01-58e70c17db2b,2,stata/data2013/individual/id5e.dta,id5e.dta,.dta,40186,98491,4f173512,not encrypted,file,not archive,dataset,data/interim/unpacked/kyrgyzstan/dataverse_files/depth_02/LIK_10_13_stata__4f932d8b/stata/data2013/individual/id5e.dta,safe,already present; not overwritten
kyrgyzstan,kyrgyzstan-02-4f932d8b00ca,kyrgyzstan-01-58e70c17db2b,2,stata/data2013/individual/id5f.dta,id5f.dta,.dta,5025,20923,bd109bbb,not encrypted,file,not archive,dataset,data/interim/unpacked/kyrgyzstan/dataverse_files/depth_02/LIK_10_13_stata__4f932d8b/stata/data2013/individual/id5f.dta,safe,already present; not overwritten
kyrgyzstan,kyrgyzstan-02-4f932d8b00ca,kyrgyzstan-01-58e70c17db2b,2,stata/data2013/individual/id6.dta,id6.dta,.dta,78182,180311,cd9e60b5,not encrypted,file,not archive,dataset,data/interim/unpacked/kyrgyzstan/dataverse_files/depth_02/LIK_10_13_stata__4f932d8b/stata/data2013/individual/id6.dta,safe,already present; not overwritten
kyrgyzstan,kyrgyzstan-02-4f932d8b00ca,kyrgyzstan-01-58e70c17db2b,2,stata/data2013/individual/id7.dta,id7.dta,.dta,44140,205820,704af95a,not encrypted,file,not archive,dataset,data/interim/unpacked/kyrgyzstan/dataverse_files/depth_02/LIK_10_13_stata__4f932d8b/stata/data2013/individual/id7.dta,safe,already present; not overwritten
kyrgyzstan,kyrgyzstan-02-4f932d8b00ca,kyrgyzstan-01-58e70c17db2b,2,stata/data2013/individual/id8a.dta,id8a.dta,.dta,31636,386912,1ca6be5a,not encrypted,file,not archive,dataset,data/interim/unpacked/kyrgyzstan/dataverse_files/depth_02/LIK_10_13_stata__4f932d8b/stata/data2013/individual/id8a.dta,safe,already present; not overwritten
kyrgyzstan,kyrgyzstan-02-4f932d8b00ca,kyrgyzstan-01-58e70c17db2b,2,stata/data2013/individual/id8b.dta,id8b.dta,.dta,36418,126241,bd927f69,not encrypted,file,not archive,dataset,data/interim/unpacked/kyrgyzstan/dataverse_files/depth_02/LIK_10_13_stata__4f932d8b/stata/data2013/individual/id8b.dta,safe,already present; not overwritten
kyrgyzstan,kyrgyzstan-02-4f932d8b00ca,kyrgyzstan-01-58e70c17db2b,2,stata/data2013/individual/id8c.dta,id8c.dta,.dta,78913,271322,e5c5dd20,not encrypted,file,not archive,dataset,data/interim/unpacked/kyrgyzstan/dataverse_files/depth_02/LIK_10_13_stata__4f932d8b/stata/data2013/individual/id8c.dta,safe,already present; not overwritten
kyrgyzstan,kyrgyzstan-02-4f932d8b00ca,kyrgyzstan-01-58e70c17db2b,2,stata/data2013/individual/id8d.dta,id8d.dta,.dta,82122,596137,b255706b,not encrypted,file,not archive,dataset,data/interim/unpacked/kyrgyzstan/dataverse_files/depth_02/LIK_10_13_stata__4f932d8b/stata/data2013/individual/id8d.dta,safe,already present; not overwritten
kyrgyzstan,kyrgyzstan-02-4f932d8b00ca,kyrgyzstan-01-58e70c17db2b,2,stata/data2013/individual/id8e.dta,id8e.dta,.dta,41184,173833,7543916d,not encrypted,file,not archive,dataset,data/interim/unpacked/kyrgyzstan/dataverse_files/depth_02/LIK_10_13_stata__4f932d8b/stata/data2013/individual/id8e.dta,safe,already present; not overwritten
kyrgyzstan,kyrgyzstan-02-4f932d8b00ca,kyrgyzstan-01-58e70c17db2b,2,stata/data2013/individual/id8f.dta,id8f.dta,.dta,143913,613458,95ec6452,not encrypted,file,not archive,dataset,data/interim/unpacked/kyrgyzstan/dataverse_files/depth_02/LIK_10_13_stata__4f932d8b/stata/data2013/individual/id8f.dta,safe,already present; not overwritten
kyrgyzstan,kyrgyzstan-02-4f932d8b00ca,kyrgyzstan-01-58e70c17db2b,2,stata/data2013/individual/id8g.dta,id8g.dta,.dta,31364,149066,52398b98,not encrypted,file,not archive,dataset,data/interim/unpacked/kyrgyzstan/dataverse_files/depth_02/LIK_10_13_stata__4f932d8b/stata/data2013/individual/id8g.dta,safe,already present; not overwritten
kyrgyzstan,kyrgyzstan-02-4f932d8b00ca,kyrgyzstan-01-58e70c17db2b,2,stata/mroster/mroster1013_short.dta,mroster1013_short.dta,.dta,200900,727263,5f6b01a8,not encrypted,file,not archive,dataset,data/interim/unpacked/kyrgyzstan/dataverse_files/depth_02/LIK_10_13_stata__4f932d8b/stata/mroster/mroster1013_short.dta,safe,already present; not overwritten
kyrgyzstan,kyrgyzstan-02-4f932d8b00ca,kyrgyzstan-01-58e70c17db2b,2,stata/mroster/stata9.stcmd,stata9.stcmd,.stcmd,45,58,016b66c5,not encrypted,file,not archive,syntax,data/interim/unpacked/kyrgyzstan/dataverse_files/depth_02/LIK_10_13_stata__4f932d8b/stata/mroster/stata9.stcmd,safe,already present; not overwritten
kyrgyzstan,kyrgyzstan-02-4f932d8b00ca,kyrgyzstan-01-58e70c17db2b,2,stata/mroster/Thumbs.db,Thumbs.db,.db,6585,9728,536d0043,not encrypted,file,not archive,other,data/interim/unpacked/kyrgyzstan/dataverse_files/depth_02/LIK_10_13_stata__4f932d8b/stata/mroster/Thumbs.db,safe,already present; not overwritten
kyrgyzstan,kyrgyzstan-02-7c67a2352648,kyrgyzstan-01-58e70c17db2b,2,Version 2022/Agriculture/ag0.dta,ag0.dta,.dta,33107,236485,0b3871f5,not encrypted,file,not archive,dataset,data/interim/unpacked/kyrgyzstan/dataverse_files/depth_02/LiK_2022__7c67a235/Version_2022/Agriculture/ag0.dta,safe,already present; not overwritten
kyrgyzstan,kyrgyzstan-02-7c67a2352648,kyrgyzstan-01-58e70c17db2b,2,Version 2022/Agriculture/ag10.dta,ag10.dta,.dta,1669,5051,7e797cd6,not encrypted,file,not archive,dataset,data/interim/unpacked/kyrgyzstan/dataverse_files/depth_02/LiK_2022__7c67a235/Version_2022/Agriculture/ag10.dta,safe,already present; not overwritten
kyrgyzstan,kyrgyzstan-02-7c67a2352648,kyrgyzstan-01-58e70c17db2b,2,Version 2022/Agriculture/ag1_2.dta,ag1_2.dta,.dta,34273,291588,78eb269c,not encrypted,file,not archive,dataset,data/interim/unpacked/kyrgyzstan/dataverse_files/depth_02/LiK_2022__7c67a235/Version_2022/Agriculture/ag1_2.dta,safe,already present; not overwritten
kyrgyzstan,kyrgyzstan-02-7c67a2352648,kyrgyzstan-01-58e70c17db2b,2,Version 2022/Agriculture/ag3.dta,ag3.dta,.dta,18838,128228,434ae3d3,not encrypted,file,not archive,dataset,data/interim/unpacked/kyrgyzstan/dataverse_files/depth_02/LiK_2022__7c67a235/Version_2022/Agriculture/ag3.dta,safe,already present; not overwritten
kyrgyzstan,kyrgyzstan-02-7c67a2352648,kyrgyzstan-01-58e70c17db2b,2,Version 2022/Agriculture/ag4.dta,ag4.dta,.dta,13640,57129,7410cdf2,not encrypted,file,not archive,dataset,data/interim/unpacked/kyrgyzstan/dataverse_files/depth_02/LiK_2022__7c67a235/Version_2022/Agriculture/ag4.dta,safe,already present; not overwritten
kyrgyzstan,kyrgyzstan-02-7c67a2352648,kyrgyzstan-01-58e70c17db2b,2,Version 2022/Agriculture/ag5.dta,ag5.dta,.dta,42370,186556,efb44a1d,not encrypted,file,not archive,dataset,data/interim/unpacked/kyrgyzstan/dataverse_files/depth_02/LiK_2022__7c67a235/Version_2022/Agriculture/ag5.dta,safe,already present; not overwritten
kyrgyzstan,kyrgyzstan-02-7c67a2352648,kyrgyzstan-01-58e70c17db2b,2,Version 2022/Agriculture/ag6.dta,ag6.dta,.dta,5919,17727,12460a83,not encrypted,file,not archive,dataset,data/interim/unpacked/kyrgyzstan/dataverse_files/depth_02/LiK_2022__7c67a235/Version_2022/Agriculture/ag6.dta,safe,already present; not overwritten
kyrgyzstan,kyrgyzstan-02-7c67a2352648,kyrgyzstan-01-58e70c17db2b,2,Version 2022/Agriculture/ag71.dta,ag71.dta,.dta,16511,88652,4c81ff32,not encrypted,file,not archive,dataset,data/interim/unpacked/kyrgyzstan/dataverse_files/depth_02/LiK_2022__7c67a235/Version_2022/Agriculture/ag71.dta,safe,already present; not overwritten
kyrgyzstan,kyrgyzstan-02-7c67a2352648,kyrgyzstan-01-58e70c17db2b,2,Version 2022/Agriculture/ag72.dta,ag72.dta,.dta,7219,28112,a9616e3e,not encrypted,file,not archive,dataset,data/interim/unpacked/kyrgyzstan/dataverse_files/depth_02/LiK_2022__7c67a235/Version_2022/Agriculture/ag72.dta,safe,already present; not overwritten
kyrgyzstan,kyrgyzstan-02-7c67a2352648,kyrgyzstan-01-58e70c17db2b,2,Version 2022/Agriculture/ag73.dta,ag73.dta,.dta,3304,7095,792222e7,not encrypted,file,not archive,dataset,data/interim/unpacked/kyrgyzstan/dataverse_files/depth_02/LiK_2022__7c67a235/Version_2022/Agriculture/ag73.dta,safe,already present; not overwritten
kyrgyzstan,kyrgyzstan-02-7c67a2352648,kyrgyzstan-01-58e70c17db2b,2,Version 2022/Agriculture/ag74.dta,ag74.dta,.dta,13981,46370,b0c80a80,not encrypted,file,not archive,dataset,data/interim/unpacked/kyrgyzstan/dataverse_files/depth_02/LiK_2022__7c67a235/Version_2022/Agriculture/ag74.dta,safe,already present; not overwritten
kyrgyzstan,kyrgyzstan-02-7c67a2352648,kyrgyzstan-01-58e70c17db2b,2,Version 2022/Agriculture/ag75.dta,ag75.dta,.dta,19017,93543,b0a632ff,not encrypted,file,not archive,dataset,data/interim/unpacked/kyrgyzstan/dataverse_files/depth_02/LiK_2022__7c67a235/Version_2022/Agriculture/ag75.dta,safe,already present; not overwritten
kyrgyzstan,kyrgyzstan-02-7c67a2352648,kyrgyzstan-01-58e70c17db2b,2,Version 2022/Agriculture/ag76.dta,ag76.dta,.dta,5634,16494,788822ce,not encrypted,file,not archive,dataset,data/interim/unpacked/kyrgyzstan/dataverse_files/depth_02/LiK_2022__7c67a235/Version_2022/Agriculture/ag76.dta,safe,already present; not overwritten
kyrgyzstan,kyrgyzstan-02-7c67a2352648,kyrgyzstan-01-58e70c17db2b,2,Version 2022/Agriculture/ag8.dta,ag8.dta,.dta,3654,9159,4bd5cab1,not encrypted,file,not archive,dataset,data/interim/unpacked/kyrgyzstan/dataverse_files/depth_02/LiK_2022__7c67a235/Version_2022/Agriculture/ag8.dta,safe,already present; not overwritten
kyrgyzstan,kyrgyzstan-02-7c67a2352648,kyrgyzstan-01-58e70c17db2b,2,Version 2022/Agriculture/ag9.dta,ag9.dta,.dta,9049,69082,f3f724ec,not encrypted,file,not archive,dataset,data/interim/unpacked/kyrgyzstan/dataverse_files/depth_02/LiK_2022__7c67a235/Version_2022/Agriculture/ag9.dta,safe,already present; not overwritten
kyrgyzstan,kyrgyzstan-02-7c67a2352648,kyrgyzstan-01-58e70c17db2b,2,Version 2022/Community/cm1.dta,cm1.dta,.dta,24786,115923,011c468b,not encrypted,file,not archive,dataset,data/interim/unpacked/kyrgyzstan/dataverse_files/depth_02/LiK_2022__7c67a235/Version_2022/Community/cm1.dta,safe,already present; not overwritten
kyrgyzstan,kyrgyzstan-02-7c67a2352648,kyrgyzstan-01-58e70c17db2b,2,Version 2022/Community/cm_price.dta,cm_price.dta,.dta,30324,76268,5fe3ec39,not encrypted,file,not archive,dataset,data/interim/unpacked/kyrgyzstan/dataverse_files/depth_02/LiK_2022__7c67a235/Version_2022/Community/cm_price.dta,safe,already present; not overwritten
kyrgyzstan,kyrgyzstan-02-7c67a2352648,kyrgyzstan-01-58e70c17db2b,2,Version 2022/Household/hh0.dta,hh0.dta,.dta,30613,116876,adc39c33,not encrypted,file,not archive,dataset,data/interim/unpacked/kyrgyzstan/dataverse_files/depth_02/LiK_2022__7c67a235/Version_2022/Household/hh0.dta,safe,already present; not overwritten
kyrgyzstan,kyrgyzstan-02-7c67a2352648,kyrgyzstan-01-58e70c17db2b,2,Version 2022/Household/hh1a.dta,hh1a.dta,.dta,81914,192306,106707b0,not encrypted,file,not archive,dataset,data/interim/unpacked/kyrgyzstan/dataverse_files/depth_02/LiK_2022__7c67a235/Version_2022/Household/hh1a.dta,safe,already present; not overwritten
kyrgyzstan,kyrgyzstan-02-7c67a2352648,kyrgyzstan-01-58e70c17db2b,2,Version 2022/Household/hh1b.dta,hh1b.dta,.dta,37483,180281,bfa403ed,not encrypted,file,not archive,dataset,data/interim/unpacked/kyrgyzstan/dataverse_files/depth_02/LiK_2022__7c67a235/Version_2022/Household/hh1b.dta,safe,already present; not overwritten
kyrgyzstan,kyrgyzstan-02-7c67a2352648,kyrgyzstan-01-58e70c17db2b,2,Version 2022/Household/hh1c.dta,hh1c.dta,.dta,18480,79872,6b6ebfb1,not encrypted,file,not archive,dataset,data/interim/unpacked/kyrgyzstan/dataverse_files/depth_02/LiK_2022__7c67a235/Version_2022/Household/hh1c.dta,safe,already present; not overwritten
kyrgyzstan,kyrgyzstan-02-7c67a2352648,kyrgyzstan-01-58e70c17db2b,2,Version 2022/Household/hh1d.dta,hh1d.dta,.dta,37755,162782,b7580695,not encrypted,file,not archive,dataset,data/interim/unpacked/kyrgyzstan/dataverse_files/depth_02/LiK_2022__7c67a235/Version_2022/Household/hh1d.dta,safe,already present; not overwritten
kyrgyzstan,kyrgyzstan-02-7c67a2352648,kyrgyzstan-01-58e70c17db2b,2,Version 2022/Household/hh2a.dta,hh2a.dta,.dta,35704,148055,640747c4,not encrypted,file,not archive,dataset,data/interim/unpacked/kyrgyzstan/dataverse_files/depth_02/LiK_2022__7c67a235/Version_2022/Household/hh2a.dta,safe,already present; not overwritten
kyrgyzstan,kyrgyzstan-02-7c67a2352648,kyrgyzstan-01-58e70c17db2b,2,Version 2022/Household/hh2b.dta,hh2b.dta,.dta,93197,279683,d02f9fae,not encrypted,file,not archive,dataset,data/interim/unpacked/kyrgyzstan/dataverse_files/depth_02/LiK_2022__7c67a235/Version_2022/Household/hh2b.dta,safe,already present; not overwritten
kyrgyzstan,kyrgyzstan-02-7c67a2352648,kyrgyzstan-01-58e70c17db2b,2,Version 2022/Household/hh2c.dta,hh2c.dta,.dta,12748,70046,683327e3,not encrypted,file,not archive,dataset,data/interim/unpacked/kyrgyzstan/dataverse_files/depth_02/LiK_2022__7c67a235/Version_2022/Household/hh2c.dta,safe,already present; not overwritten
kyrgyzstan,kyrgyzstan-02-7c67a2352648,kyrgyzstan-01-58e70c17db2b,2,Version 2022/Household/hh4a.dta,hh4a.dta,.dta,349628,2103165,5faf9823,not encrypted,file,not archive,dataset,data/interim/unpacked/kyrgyzstan/dataverse_files/depth_02/LiK_2022__7c67a235/Version_2022/Household/hh4a.dta,safe,already present; not overwritten
kyrgyzstan,kyrgyzstan-02-7c67a2352648,kyrgyzstan-01-58e70c17db2b,2,Version 2022/Household/hh4b.dta,hh4b.dta,.dta,116984,292911,10d352a5,not encrypted,file,not archive,dataset,data/interim/unpacked/kyrgyzstan/dataverse_files/depth_02/LiK_2022__7c67a235/Version_2022/Household/hh4b.dta,safe,already present; not overwritten
kyrgyzstan,kyrgyzstan-02-7c67a2352648,kyrgyzstan-01-58e70c17db2b,2,Version 2022/Household/hh5a.dta,hh5a.dta,.dta,12353,27047,8028627e,not encrypted,file,not archive,dataset,data/interim/unpacked/kyrgyzstan/dataverse_files/depth_02/LiK_2022__7c67a235/Version_2022/Household/hh5a.dta,safe,already present; not overwritten
kyrgyzstan,kyrgyzstan-02-7c67a2352648,kyrgyzstan-01-58e70c17db2b,2,Version 2022/Household/hh5b.dta,hh5b.dta,.dta,7423,13287,be4e74d7,not encrypted,file,not archive,dataset,data/interim/unpacked/kyrgyzstan/dataverse_files/depth_02/LiK_2022__7c67a235/Version_2022/Household/hh5b.dta,safe,already present; not overwritten
kyrgyzstan,kyrgyzstan-02-7c67a2352648,kyrgyzstan-01-58e70c17db2b,2,Version 2022/Household/hh6a.dta,hh6a.dta,.dta,13875,64653,466bb9b3,not encrypted,file,not archive,dataset,data/interim/unpacked/kyrgyzstan/dataverse_files/depth_02/LiK_2022__7c67a235/Version_2022/Household/hh6a.dta,safe,already present; not overwritten
kyrgyzstan,kyrgyzstan-02-7c67a2352648,kyrgyzstan-01-58e70c17db2b,2,Version 2022/Household/hh6b.dta,hh6b.dta,.dta,10038,52460,8fbb1773,not encrypted,file,not archive,dataset,data/interim/unpacked/kyrgyzstan/dataverse_files/depth_02/LiK_2022__7c67a235/Version_2022/Household/hh6b.dta,safe,already present; not overwritten
kyrgyzstan,kyrgyzstan-02-7c67a2352648,kyrgyzstan-01-58e70c17db2b,2,Version 2022/Household/hh7.dta,hh7.dta,.dta,5877,15959,8a9e32df,not encrypted,file,not archive,dataset,data/interim/unpacked/kyrgyzstan/dataverse_files/depth_02/LiK_2022__7c67a235/Version_2022/Household/hh7.dta,safe,already present; not overwritten
kyrgyzstan,kyrgyzstan-02-7c67a2352648,kyrgyzstan-01-58e70c17db2b,2,Version 2022/Household/hh8.dta,hh8.dta,.dta,18825,67992,549e8c39,not encrypted,file,not archive,dataset,data/interim/unpacked/kyrgyzstan/dataverse_files/depth_02/LiK_2022__7c67a235/Version_2022/Household/hh8.dta,safe,already present; not overwritten
kyrgyzstan,kyrgyzstan-02-7c67a2352648,kyrgyzstan-01-58e70c17db2b,2,Version 2022/Individual/id0.dta,id0.dta,.dta,99130,806267,ab85e20c,not encrypted,file,not archive,dataset,data/interim/unpacked/kyrgyzstan/dataverse_files/depth_02/LiK_2022__7c67a235/Version_2022/Individual/id0.dta,safe,already present; not overwritten
kyrgyzstan,kyrgyzstan-02-7c67a2352648,kyrgyzstan-01-58e70c17db2b,2,Version 2022/Individual/id1.dta,id1.dta,.dta,60822,134212,ace8aae0,not encrypted,file,not archive,dataset,data/interim/unpacked/kyrgyzstan/dataverse_files/depth_02/LiK_2022__7c67a235/Version_2022/Individual/id1.dta,safe,already present; not overwritten
kyrgyzstan,kyrgyzstan-02-7c67a2352648,kyrgyzstan-01-58e70c17db2b,2,Version 2022/Individual/id2.dta,id2.dta,.dta,149188,737249,a021f9f0,not encrypted,file,not archive,dataset,data/interim/unpacked/kyrgyzstan/dataverse_files/depth_02/LiK_2022__7c67a235/Version_2022/Individual/id2.dta,safe,already present; not overwritten
kyrgyzstan,kyrgyzstan-02-7c67a2352648,kyrgyzstan-01-58e70c17db2b,2,Version 2022/Individual/id3.dta,id3.dta,.dta,177942,1212886,400bab9b,not encrypted,file,not archive,dataset,data/interim/unpacked/kyrgyzstan/dataverse_files/depth_02/LiK_2022__7c67a235/Version_2022/Individual/id3.dta,safe,already present; not overwritten
kyrgyzstan,kyrgyzstan-02-7c67a2352648,kyrgyzstan-01-58e70c17db2b,2,Version 2022/Individual/id3d.dta,id3d.dta,.dta,24303,117079,49b33e0b,not encrypted,file,not archive,dataset,data/interim/unpacked/kyrgyzstan/dataverse_files/depth_02/LiK_2022__7c67a235/Version_2022/Individual/id3d.dta,safe,already present; not overwritten
kyrgyzstan,kyrgyzstan-02-7c67a2352648,kyrgyzstan-01-58e70c17db2b,2,Version 2022/Individual/id3e.dta,id3e.dta,.dta,27307,132835,b4dd05be,not encrypted,file,not archive,dataset,data/interim/unpacked/kyrgyzstan/dataverse_files/depth_02/LiK_2022__7c67a235/Version_2022/Individual/id3e.dta,safe,already present; not overwritten
kyrgyzstan,kyrgyzstan-02-7c67a2352648,kyrgyzstan-01-58e70c17db2b,2,Version 2022/Individual/id4.dta,id4.dta,.dta,34037,198459,0ff4b5e5,not encrypted,file,not archive,dataset,data/interim/unpacked/kyrgyzstan/dataverse_files/depth_02/LiK_2022__7c67a235/Version_2022/Individual/id4.dta,safe,already present; not overwritten
kyrgyzstan,kyrgyzstan-02-7c67a2352648,kyrgyzstan-01-58e70c17db2b,2,Version 2022/Individual/id5.dta,id5.dta,.dta,91395,365887,8a10c1bc,not encrypted,file,not archive,dataset,data/interim/unpacked/kyrgyzstan/dataverse_files/depth_02/LiK_2022__7c67a235/Version_2022/Individual/id5.dta,safe,already present; not overwritten
kyrgyzstan,kyrgyzstan-02-7c67a2352648,kyrgyzstan-01-58e70c17db2b,2,Version 2022/Individual/id5_519.dta,id5_519.dta,.dta,196495,566433,42f3a053,not encrypted,file,not archive,dataset,data/interim/unpacked/kyrgyzstan/dataverse_files/depth_02/LiK_2022__7c67a235/Version_2022/Individual/id5_519.dta,safe,already present; not overwritten
kyrgyzstan,kyrgyzstan-02-7c67a2352648,kyrgyzstan-01-58e70c17db2b,2,Version 2022/Individual/id7.dta,id7.dta,.dta,35861,310745,35ded615,not encrypted,file,not archive,dataset,data/interim/unpacked/kyrgyzstan/dataverse_files/depth_02/LiK_2022__7c67a235/Version_2022/Individual/id7.dta,safe,already present; not overwritten
kyrgyzstan,kyrgyzstan-02-7c67a2352648,kyrgyzstan-01-58e70c17db2b,2,Version 2022/Individual/id8.dta,id8.dta,.dta,182117,935580,3ab3db78,not encrypted,file,not archive,dataset,data/interim/unpacked/kyrgyzstan/dataverse_files/depth_02/LiK_2022__7c67a235/Version_2022/Individual/id8.dta,safe,already present; not overwritten
kyrgyzstan,kyrgyzstan-02-7c67a2352648,kyrgyzstan-01-58e70c17db2b,2,Version 2022/LiK19 Study Description.pdf,LiK19 Study Description.pdf,.pdf,328088,359561,88cb64f9,not encrypted,file,not archive,report,data/interim/unpacked/kyrgyzstan/dataverse_files/depth_02/LiK_2022__7c67a235/Version_2022/LiK19_Study_Description.pdf,safe,already present; not overwritten
kyrgyzstan,kyrgyzstan-02-7c67a2352648,kyrgyzstan-01-58e70c17db2b,2,Version 2022/Panelroster/inter_list.dta,inter_list.dta,.dta,1473,5024,239f72d7,not encrypted,file,not archive,dataset,data/interim/unpacked/kyrgyzstan/dataverse_files/depth_02/LiK_2022__7c67a235/Version_2022/Panelroster/inter_list.dta,safe,already present; not overwritten
kyrgyzstan,kyrgyzstan-02-7c67a2352648,kyrgyzstan-01-58e70c17db2b,2,Version 2022/Panelroster/mroster1019_short.dta,mroster1019_short.dta,.dta,320529,1233304,14be1158,not encrypted,file,not archive,dataset,data/interim/unpacked/kyrgyzstan/dataverse_files/depth_02/LiK_2022__7c67a235/Version_2022/Panelroster/mroster1019_short.dta,safe,already present; not overwritten
kyrgyzstan,kyrgyzstan-02-7c67a2352648,kyrgyzstan-01-58e70c17db2b,2,Version 2022/Questionnaires/Eng/1.Community form_Eng_LiK19.pdf,1.Community form_Eng_LiK19.pdf,.community form_eng_lik19.pdf,249188,328585,e6ee71b1,not encrypted,file,not archive,questionnaire,data/interim/unpacked/kyrgyzstan/dataverse_files/depth_02/LiK_2022__7c67a235/Version_2022/Questionnaires/Eng/1.Community_form_Eng_LiK19.pdf,safe,already present; not overwritten
kyrgyzstan,kyrgyzstan-02-7c67a2352648,kyrgyzstan-01-58e70c17db2b,2,Version 2022/Questionnaires/Eng/2.Household form_Eng_LiK19.pdf,2.Household form_Eng_LiK19.pdf,.household form_eng_lik19.pdf,292746,435233,e258e16f,not encrypted,file,not archive,questionnaire,data/interim/unpacked/kyrgyzstan/dataverse_files/depth_02/LiK_2022__7c67a235/Version_2022/Questionnaires/Eng/2.Household_form_Eng_LiK19.pdf,safe,already present; not overwritten
kyrgyzstan,kyrgyzstan-02-7c67a2352648,kyrgyzstan-01-58e70c17db2b,2,Version 2022/Questionnaires/Eng/3.Agriculture form_Eng_LiK19.pdf,3.Agriculture form_Eng_LiK19.pdf,.agriculture form_eng_lik19.pdf,469636,600516,a83304e1,not encrypted,file,not archive,questionnaire,data/interim/unpacked/kyrgyzstan/dataverse_files/depth_02/LiK_2022__7c67a235/Version_2022/Questionnaires/Eng/3.Agriculture_form_Eng_LiK19.pdf,safe,already present; not overwritten
kyrgyzstan,kyrgyzstan-02-7c67a2352648,kyrgyzstan-01-58e70c17db2b,2,Version 2022/Questionnaires/Eng/4.Individual form_Eng_LiK19.pdf,4.Individual form_Eng_LiK19.pdf,.individual form_eng_lik19.pdf,532251,789573,08ead05a,not encrypted,file,not archive,questionnaire,data/interim/unpacked/kyrgyzstan/dataverse_files/depth_02/LiK_2022__7c67a235/Version_2022/Questionnaires/Eng/4.Individual_form_Eng_LiK19.pdf,safe,already present; not overwritten
kyrgyzstan,kyrgyzstan-02-7c67a2352648,kyrgyzstan-01-58e70c17db2b,2,Version 2022/Questionnaires/Eng/5.Youth form_Eng_LiK19.pdf,5.Youth form_Eng_LiK19.pdf,.youth form_eng_lik19.pdf,415189,525598,5a5b17ab,not encrypted,file,not archive,questionnaire,data/interim/unpacked/kyrgyzstan/dataverse_files/depth_02/LiK_2022__7c67a235/Version_2022/Questionnaires/Eng/5.Youth_form_Eng_LiK19.pdf,safe,already present; not overwritten
kyrgyzstan,kyrgyzstan-02-7c67a2352648,kyrgyzstan-01-58e70c17db2b,2,Version 2022/Questionnaires/Kyr/1.Community form_LiK19_Kyr.pdf,1.Community form_LiK19_Kyr.pdf,.community form_lik19_kyr.pdf,241722,409811,76e00aa8,not encrypted,file,not archive,questionnaire,data/interim/unpacked/kyrgyzstan/dataverse_files/depth_02/LiK_2022__7c67a235/Version_2022/Questionnaires/Kyr/1.Community_form_LiK19_Kyr.pdf,safe,already present; not overwritten
kyrgyzstan,kyrgyzstan-02-7c67a2352648,kyrgyzstan-01-58e70c17db2b,2,Version 2022/Questionnaires/Kyr/2.Household form_LiK19_Kyr.pdf,2.Household form_LiK19_Kyr.pdf,.household form_lik19_kyr.pdf,403377,656966,c580fee8,not encrypted,file,not archive,questionnaire,data/interim/unpacked/kyrgyzstan/dataverse_files/depth_02/LiK_2022__7c67a235/Version_2022/Questionnaires/Kyr/2.Household_form_LiK19_Kyr.pdf,safe,already present; not overwritten
kyrgyzstan,kyrgyzstan-02-7c67a2352648,kyrgyzstan-01-58e70c17db2b,2,Version 2022/Questionnaires/Kyr/3.Agriculture form_LiK19_Kyr.pdf,3.Agriculture form_LiK19_Kyr.pdf,.agriculture form_lik19_kyr.pdf,599212,621915,76dcd3f4,not encrypted,file,not archive,questionnaire,data/interim/unpacked/kyrgyzstan/dataverse_files/depth_02/LiK_2022__7c67a235/Version_2022/Questionnaires/Kyr/3.Agriculture_form_LiK19_Kyr.pdf,safe,already present; not overwritten
kyrgyzstan,kyrgyzstan-02-7c67a2352648,kyrgyzstan-01-58e70c17db2b,2,Version 2022/Questionnaires/Kyr/4.Individual form_LiK19_Kyr.pdf,4.Individual form_LiK19_Kyr.pdf,.individual form_lik19_kyr.pdf,469013,839277,8adfdbd7,not encrypted,file,not archive,questionnaire,data/interim/unpacked/kyrgyzstan/dataverse_files/depth_02/LiK_2022__7c67a235/Version_2022/Questionnaires/Kyr/4.Individual_form_LiK19_Kyr.pdf,safe,already present; not overwritten
kyrgyzstan,kyrgyzstan-02-7c67a2352648,kyrgyzstan-01-58e70c17db2b,2,Version 2022/Questionnaires/Kyr/5.Youth form_LiK19_Kyr.pdf,5.Youth form_LiK19_Kyr.pdf,.youth form_lik19_kyr.pdf,241558,384463,73410ef8,not encrypted,file,not archive,questionnaire,data/interim/unpacked/kyrgyzstan/dataverse_files/depth_02/LiK_2022__7c67a235/Version_2022/Questionnaires/Kyr/5.Youth_form_LiK19_Kyr.pdf,safe,already present; not overwritten
kyrgyzstan,kyrgyzstan-02-7c67a2352648,kyrgyzstan-01-58e70c17db2b,2,Version 2022/Questionnaires/Rus/1.Community form_LiK19_Rus.pdf,1.Community form_LiK19_Rus.pdf,.community form_lik19_rus.pdf,288389,578860,11290a24,not encrypted,file,not archive,questionnaire,data/interim/unpacked/kyrgyzstan/dataverse_files/depth_02/LiK_2022__7c67a235/Version_2022/Questionnaires/Rus/1.Community_form_LiK19_Rus.pdf,safe,already present; not overwritten
kyrgyzstan,kyrgyzstan-02-7c67a2352648,kyrgyzstan-01-58e70c17db2b,2,Version 2022/Questionnaires/Rus/2.Household form_LiK19_Rus.pdf,2.Household form_LiK19_Rus.pdf,.household form_lik19_rus.pdf,301589,573538,75eacf50,not encrypted,file,not archive,questionnaire,data/interim/unpacked/kyrgyzstan/dataverse_files/depth_02/LiK_2022__7c67a235/Version_2022/Questionnaires/Rus/2.Household_form_LiK19_Rus.pdf,safe,already present; not overwritten
kyrgyzstan,kyrgyzstan-02-7c67a2352648,kyrgyzstan-01-58e70c17db2b,2,Version 2022/Questionnaires/Rus/3.Agriculture form_LiK19_Rus.pdf,3.Agriculture form_LiK19_Rus.pdf,.agriculture form_lik19_rus.pdf,585734,610973,2b764c39,not encrypted,file,not archive,questionnaire,data/interim/unpacked/kyrgyzstan/dataverse_files/depth_02/LiK_2022__7c67a235/Version_2022/Questionnaires/Rus/3.Agriculture_form_LiK19_Rus.pdf,safe,already present; not overwritten
kyrgyzstan,kyrgyzstan-02-7c67a2352648,kyrgyzstan-01-58e70c17db2b,2,Version 2022/Questionnaires/Rus/4.Individual form_LiK19_Rus.pdf,4.Individual form_LiK19_Rus.pdf,.individual form_lik19_rus.pdf,413620,779799,9605f3ee,not encrypted,file,not archive,questionnaire,data/interim/unpacked/kyrgyzstan/dataverse_files/depth_02/LiK_2022__7c67a235/Version_2022/Questionnaires/Rus/4.Individual_form_LiK19_Rus.pdf,safe,already present; not overwritten
kyrgyzstan,kyrgyzstan-02-7c67a2352648,kyrgyzstan-01-58e70c17db2b,2,Version 2022/Questionnaires/Rus/5.Youth form_LiK19_Rus.pdf,5.Youth form_LiK19_Rus.pdf,.youth form_lik19_rus.pdf,238874,377192,29206abb,not encrypted,file,not archive,questionnaire,data/interim/unpacked/kyrgyzstan/dataverse_files/depth_02/LiK_2022__7c67a235/Version_2022/Questionnaires/Rus/5.Youth_form_LiK19_Rus.pdf,safe,already present; not overwritten
kyrgyzstan,kyrgyzstan-02-7c67a2352648,kyrgyzstan-01-58e70c17db2b,2,Version 2022/Youth/yt0.dta,yt0.dta,.dta,17897,67564,bd36d4c9,not encrypted,file,not archive,dataset,data/interim/unpacked/kyrgyzstan/dataverse_files/depth_02/LiK_2022__7c67a235/Version_2022/Youth/yt0.dta,safe,already present; not overwritten
kyrgyzstan,kyrgyzstan-02-7c67a2352648,kyrgyzstan-01-58e70c17db2b,2,Version 2022/Youth/yt2.dta,yt2.dta,.dta,7815,19416,e1d0a1a2,not encrypted,file,not archive,dataset,data/interim/unpacked/kyrgyzstan/dataverse_files/depth_02/LiK_2022__7c67a235/Version_2022/Youth/yt2.dta,safe,already present; not overwritten
kyrgyzstan,kyrgyzstan-02-7c67a2352648,kyrgyzstan-01-58e70c17db2b,2,Version 2022/Youth/yt3.dta,yt3.dta,.dta,13573,53780,912263b4,not encrypted,file,not archive,dataset,data/interim/unpacked/kyrgyzstan/dataverse_files/depth_02/LiK_2022__7c67a235/Version_2022/Youth/yt3.dta,safe,already present; not overwritten
kyrgyzstan,kyrgyzstan-02-7c67a2352648,kyrgyzstan-01-58e70c17db2b,2,Version 2022/Youth/yt4.dta,yt4.dta,.dta,11876,53626,772f43f3,not encrypted,file,not archive,dataset,data/interim/unpacked/kyrgyzstan/dataverse_files/depth_02/LiK_2022__7c67a235/Version_2022/Youth/yt4.dta,safe,already present; not overwritten
kyrgyzstan,kyrgyzstan-02-7c67a2352648,kyrgyzstan-01-58e70c17db2b,2,Version 2022/Youth/yt5.dta,yt5.dta,.dta,5051,13831,e593aa88,not encrypted,file,not archive,dataset,data/interim/unpacked/kyrgyzstan/dataverse_files/depth_02/LiK_2022__7c67a235/Version_2022/Youth/yt5.dta,safe,already present; not overwritten
kyrgyzstan,kyrgyzstan-02-7c67a2352648,kyrgyzstan-01-58e70c17db2b,2,Version 2022/Youth/yt6.dta,yt6.dta,.dta,8380,30595,a68e30b2,not encrypted,file,not archive,dataset,data/interim/unpacked/kyrgyzstan/dataverse_files/depth_02/LiK_2022__7c67a235/Version_2022/Youth/yt6.dta,safe,already present; not overwritten
kyrgyzstan,kyrgyzstan-02-7c67a2352648,kyrgyzstan-01-58e70c17db2b,2,Version 2022/Youth/yt7.dta,yt7.dta,.dta,15993,50517,a6f108ff,not encrypted,file,not archive,dataset,data/interim/unpacked/kyrgyzstan/dataverse_files/depth_02/LiK_2022__7c67a235/Version_2022/Youth/yt7.dta,safe,already present; not overwritten
kyrgyzstan,kyrgyzstan-02-7c67a2352648,kyrgyzstan-01-58e70c17db2b,2,Version 2022/Youth/yt8.dta,yt8.dta,.dta,10670,34914,3d957fea,not encrypted,file,not archive,dataset,data/interim/unpacked/kyrgyzstan/dataverse_files/depth_02/LiK_2022__7c67a235/Version_2022/Youth/yt8.dta,safe,already present; not overwritten
kyrgyzstan,kyrgyzstan-02-b52af7b045d9,kyrgyzstan-01-58e70c17db2b,2,spss/additional data/Exchange rates 2010-13.xlsx,Exchange rates 2010-13.xlsx,.xlsx,442169,478574,9bb42c4b,not encrypted,file,not archive,dataset,data/interim/unpacked/kyrgyzstan/dataverse_files/depth_02/LIK_10_13_spss__b52af7b0/spss/additional_data/Exchange_rates_2010-13.xlsx,safe,already present; not overwritten
kyrgyzstan,kyrgyzstan-02-b52af7b045d9,kyrgyzstan-01-58e70c17db2b,2,spss/data2010/community/cm1.sav,cm1.sav,.sav,12427,49068,34909a51,not encrypted,file,not archive,dataset,data/interim/unpacked/kyrgyzstan/dataverse_files/depth_02/LIK_10_13_spss__b52af7b0/spss/data2010/community/cm1.sav,safe,already present; not overwritten
kyrgyzstan,kyrgyzstan-02-b52af7b045d9,kyrgyzstan-01-58e70c17db2b,2,spss/data2010/community/cm2.sav,cm2.sav,.sav,15939,81440,23dd140a,not encrypted,file,not archive,dataset,data/interim/unpacked/kyrgyzstan/dataverse_files/depth_02/LIK_10_13_spss__b52af7b0/spss/data2010/community/cm2.sav,safe,already present; not overwritten
kyrgyzstan,kyrgyzstan-02-b52af7b045d9,kyrgyzstan-01-58e70c17db2b,2,spss/data2010/control/hhcontrol.sav,hhcontrol.sav,.sav,13111,103447,743fa51b,not encrypted,file,not archive,dataset,data/interim/unpacked/kyrgyzstan/dataverse_files/depth_02/LIK_10_13_spss__b52af7b0/spss/data2010/control/hhcontrol.sav,safe,already present; not overwritten
kyrgyzstan,kyrgyzstan-02-b52af7b045d9,kyrgyzstan-01-58e70c17db2b,2,spss/data2010/control/txt_eng.sav,txt_eng.sav,.sav,67910,448928,3e33571d,not encrypted,file,not archive,dataset,data/interim/unpacked/kyrgyzstan/dataverse_files/depth_02/LIK_10_13_spss__b52af7b0/spss/data2010/control/txt_eng.sav,safe,already present; not overwritten
kyrgyzstan,kyrgyzstan-02-b52af7b045d9,kyrgyzstan-01-58e70c17db2b,2,spss/data2010/household/hh1a.sav,hh1a.sav,.sav,128513,428906,399d72ce,not encrypted,file,not archive,dataset,data/interim/unpacked/kyrgyzstan/dataverse_files/depth_02/LIK_10_13_spss__b52af7b0/spss/data2010/household/hh1a.sav,safe,already present; not overwritten
kyrgyzstan,kyrgyzstan-02-b52af7b045d9,kyrgyzstan-01-58e70c17db2b,2,spss/data2010/household/hh1b.sav,hh1b.sav,.sav,53270,208972,84ee1401,not encrypted,file,not archive,dataset,data/interim/unpacked/kyrgyzstan/dataverse_files/depth_02/LIK_10_13_spss__b52af7b0/spss/data2010/household/hh1b.sav,safe,already present; not overwritten
kyrgyzstan,kyrgyzstan-02-b52af7b045d9,kyrgyzstan-01-58e70c17db2b,2,spss/data2010/household/hh1c.sav,hh1c.sav,.sav,41860,120724,6cca817e,not encrypted,file,not archive,dataset,data/interim/unpacked/kyrgyzstan/dataverse_files/depth_02/LIK_10_13_spss__b52af7b0/spss/data2010/household/hh1c.sav,safe,already present; not overwritten
kyrgyzstan,kyrgyzstan-02-b52af7b045d9,kyrgyzstan-01-58e70c17db2b,2,spss/data2010/household/hh2a.sav,hh2a.sav,.sav,47940,196526,01189829,not encrypted,file,not archive,dataset,data/interim/unpacked/kyrgyzstan/dataverse_files/depth_02/LIK_10_13_spss__b52af7b0/spss/data2010/household/hh2a.sav,safe,already present; not overwritten
kyrgyzstan,kyrgyzstan-02-b52af7b045d9,kyrgyzstan-01-58e70c17db2b,2,spss/data2010/household/hh2b.sav,hh2b.sav,.sav,123712,564578,be755f3c,not encrypted,file,not archive,dataset,data/interim/unpacked/kyrgyzstan/dataverse_files/depth_02/LIK_10_13_spss__b52af7b0/spss/data2010/household/hh2b.sav,safe,already present; not overwritten
kyrgyzstan,kyrgyzstan-02-b52af7b045d9,kyrgyzstan-01-58e70c17db2b,2,spss/data2010/household/hh2c.sav,hh2c.sav,.sav,30408,198318,5cdeef69,not encrypted,file,not archive,dataset,data/interim/unpacked/kyrgyzstan/dataverse_files/depth_02/LIK_10_13_spss__b52af7b0/spss/data2010/household/hh2c.sav,safe,already present; not overwritten
kyrgyzstan,kyrgyzstan-02-b52af7b045d9,kyrgyzstan-01-58e70c17db2b,2,spss/data2010/household/hh3.sav,hh3.sav,.sav,17873,129620,7e605faf,not encrypted,file,not archive,dataset,data/interim/unpacked/kyrgyzstan/dataverse_files/depth_02/LIK_10_13_spss__b52af7b0/spss/data2010/household/hh3.sav,safe,already present; not overwritten
kyrgyzstan,kyrgyzstan-02-b52af7b045d9,kyrgyzstan-01-58e70c17db2b,2,spss/data2010/household/hh4a.sav,hh4a.sav,.sav,323866,1166562,05c6a7c7,not encrypted,file,not archive,dataset,data/interim/unpacked/kyrgyzstan/dataverse_files/depth_02/LIK_10_13_spss__b52af7b0/spss/data2010/household/hh4a.sav,safe,already present; not overwritten
kyrgyzstan,kyrgyzstan-02-b52af7b045d9,kyrgyzstan-01-58e70c17db2b,2,spss/data2010/household/hh4b.sav,hh4b.sav,.sav,150072,627976,0209603e,not encrypted,file,not archive,dataset,data/interim/unpacked/kyrgyzstan/dataverse_files/depth_02/LIK_10_13_spss__b52af7b0/spss/data2010/household/hh4b.sav,safe,already present; not overwritten
kyrgyzstan,kyrgyzstan-02-b52af7b045d9,kyrgyzstan-01-58e70c17db2b,2,spss/data2010/household/hh5.sav,hh5.sav,.sav,28932,122960,e5a40a5c,not encrypted,file,not archive,dataset,data/interim/unpacked/kyrgyzstan/dataverse_files/depth_02/LIK_10_13_spss__b52af7b0/spss/data2010/household/hh5.sav,safe,already present; not overwritten
kyrgyzstan,kyrgyzstan-02-b52af7b045d9,kyrgyzstan-01-58e70c17db2b,2,spss/data2010/household/hh6.sav,hh6.sav,.sav,8832,58454,f3887ab8,not encrypted,file,not archive,dataset,data/interim/unpacked/kyrgyzstan/dataverse_files/depth_02/LIK_10_13_spss__b52af7b0/spss/data2010/household/hh6.sav,safe,already present; not overwritten
kyrgyzstan,kyrgyzstan-02-b52af7b045d9,kyrgyzstan-01-58e70c17db2b,2,spss/data2010/household/hh6a1.sav,hh6a1.sav,.sav,6930,30464,6a83a2d5,not encrypted,file,not archive,dataset,data/interim/unpacked/kyrgyzstan/dataverse_files/depth_02/LIK_10_13_spss__b52af7b0/spss/data2010/household/hh6a1.sav,safe,already present; not overwritten
kyrgyzstan,kyrgyzstan-02-b52af7b045d9,kyrgyzstan-01-58e70c17db2b,2,spss/data2010/household/hh6a2.sav,hh6a2.sav,.sav,8732,34858,c5b6acf8,not encrypted,file,not archive,dataset,data/interim/unpacked/kyrgyzstan/dataverse_files/depth_02/LIK_10_13_spss__b52af7b0/spss/data2010/household/hh6a2.sav,safe,already present; not overwritten
kyrgyzstan,kyrgyzstan-02-b52af7b045d9,kyrgyzstan-01-58e70c17db2b,2,spss/data2010/household/hh7.sav,hh7.sav,.sav,20078,135056,e6c8608e,not encrypted,file,not archive,dataset,data/interim/unpacked/kyrgyzstan/dataverse_files/depth_02/LIK_10_13_spss__b52af7b0/spss/data2010/household/hh7.sav,safe,already present; not overwritten
kyrgyzstan,kyrgyzstan-02-b52af7b045d9,kyrgyzstan-01-58e70c17db2b,2,spss/data2010/individial/id1.sav,id1.sav,.sav,78931,189936,0016ed67,not encrypted,file,not archive,dataset,data/interim/unpacked/kyrgyzstan/dataverse_files/depth_02/LIK_10_13_spss__b52af7b0/spss/data2010/individial/id1.sav,safe,already present; not overwritten
kyrgyzstan,kyrgyzstan-02-b52af7b045d9,kyrgyzstan-01-58e70c17db2b,2,spss/data2010/individial/id2.sav,id2.sav,.sav,83041,647104,52e6224b,not encrypted,file,not archive,dataset,data/interim/unpacked/kyrgyzstan/dataverse_files/depth_02/LIK_10_13_spss__b52af7b0/spss/data2010/individial/id2.sav,safe,already present; not overwritten
kyrgyzstan,kyrgyzstan-02-b52af7b045d9,kyrgyzstan-01-58e70c17db2b,2,spss/data2010/individial/id3.sav,id3.sav,.sav,122798,994628,e7a91202,not encrypted,file,not archive,dataset,data/interim/unpacked/kyrgyzstan/dataverse_files/depth_02/LIK_10_13_spss__b52af7b0/spss/data2010/individial/id3.sav,safe,already present; not overwritten
kyrgyzstan,kyrgyzstan-02-b52af7b045d9,kyrgyzstan-01-58e70c17db2b,2,spss/data2010/individial/id3d.sav,id3d.sav,.sav,47002,291564,9baf03fb,not encrypted,file,not archive,dataset,data/interim/unpacked/kyrgyzstan/dataverse_files/depth_02/LIK_10_13_spss__b52af7b0/spss/data2010/individial/id3d.sav,safe,already present; not overwritten
kyrgyzstan,kyrgyzstan-02-b52af7b045d9,kyrgyzstan-01-58e70c17db2b,2,spss/data2010/individial/id3d_347.sav,id3d_347.sav,.sav,22448,98686,e2b5509e,not encrypted,file,not archive,dataset,data/interim/unpacked/kyrgyzstan/dataverse_files/depth_02/LIK_10_13_spss__b52af7b0/spss/data2010/individial/id3d_347.sav,safe,already present; not overwritten
kyrgyzstan,kyrgyzstan-02-b52af7b045d9,kyrgyzstan-01-58e70c17db2b,2,spss/data2010/individial/id3e.sav,id3e.sav,.sav,133152,806834,5d9696de,not encrypted,file,not archive,dataset,data/interim/unpacked/kyrgyzstan/dataverse_files/depth_02/LIK_10_13_spss__b52af7b0/spss/data2010/individial/id3e.sav,safe,already present; not overwritten
kyrgyzstan,kyrgyzstan-02-b52af7b045d9,kyrgyzstan-01-58e70c17db2b,2,spss/data2010/individial/id4.sav,id4.sav,.sav,45161,416326,9013c84b,not encrypted,file,not archive,dataset,data/interim/unpacked/kyrgyzstan/dataverse_files/depth_02/LIK_10_13_spss__b52af7b0/spss/data2010/individial/id4.sav,safe,already present; not overwritten
kyrgyzstan,kyrgyzstan-02-b52af7b045d9,kyrgyzstan-01-58e70c17db2b,2,spss/data2010/individial/id5.sav,id5.sav,.sav,96745,356076,1fb9522d,not encrypted,file,not archive,dataset,data/interim/unpacked/kyrgyzstan/dataverse_files/depth_02/LIK_10_13_spss__b52af7b0/spss/data2010/individial/id5.sav,safe,already present; not overwritten
kyrgyzstan,kyrgyzstan-02-b52af7b045d9,kyrgyzstan-01-58e70c17db2b,2,spss/data2010/individial/id6.sav,id6.sav,.sav,94007,445580,a0521de3,not encrypted,file,not archive,dataset,data/interim/unpacked/kyrgyzstan/dataverse_files/depth_02/LIK_10_13_spss__b52af7b0/spss/data2010/individial/id6.sav,safe,already present; not overwritten
kyrgyzstan,kyrgyzstan-02-b52af7b045d9,kyrgyzstan-01-58e70c17db2b,2,spss/data2010/individial/id7.sav,id7.sav,.sav,64750,327008,fb922496,not encrypted,file,not archive,dataset,data/interim/unpacked/kyrgyzstan/dataverse_files/depth_02/LIK_10_13_spss__b52af7b0/spss/data2010/individial/id7.sav,safe,already present; not overwritten
kyrgyzstan,kyrgyzstan-02-b52af7b045d9,kyrgyzstan-01-58e70c17db2b,2,spss/data2010/individial/id8.sav,id8.sav,.sav,123840,757292,8c000173,not encrypted,file,not archive,dataset,data/interim/unpacked/kyrgyzstan/dataverse_files/depth_02/LIK_10_13_spss__b52af7b0/spss/data2010/individial/id8.sav,safe,already present; not overwritten
kyrgyzstan,kyrgyzstan-02-b52af7b045d9,kyrgyzstan-01-58e70c17db2b,2,spss/data2011/community/ao_01.sav,ao_01.sav,.sav,11990,47300,c53598f2,not encrypted,file,not archive,dataset,data/interim/unpacked/kyrgyzstan/dataverse_files/depth_02/LIK_10_13_spss__b52af7b0/spss/data2011/community/ao_01.sav,safe,already present; not overwritten
kyrgyzstan,kyrgyzstan-02-b52af7b045d9,kyrgyzstan-01-58e70c17db2b,2,spss/data2011/community/ao_02.sav,ao_02.sav,.sav,20355,97160,fe18c927,not encrypted,file,not archive,dataset,data/interim/unpacked/kyrgyzstan/dataverse_files/depth_02/LIK_10_13_spss__b52af7b0/spss/data2011/community/ao_02.sav,safe,already present; not overwritten
kyrgyzstan,kyrgyzstan-02-b52af7b045d9,kyrgyzstan-01-58e70c17db2b,2,spss/data2011/control/cc_hh.sav,cc_hh.sav,.sav,19735,152457,7ac69fd2,not encrypted,file,not archive,dataset,data/interim/unpacked/kyrgyzstan/dataverse_files/depth_02/LIK_10_13_spss__b52af7b0/spss/data2011/control/cc_hh.sav,safe,already present; not overwritten
kyrgyzstan,kyrgyzstan-02-b52af7b045d9,kyrgyzstan-01-58e70c17db2b,2,spss/data2011/control/cc_ind.sav,cc_ind.sav,.sav,44963,332810,c8ab4ea6,not encrypted,file,not archive,dataset,data/interim/unpacked/kyrgyzstan/dataverse_files/depth_02/LIK_10_13_spss__b52af7b0/spss/data2011/control/cc_ind.sav,safe,already present; not overwritten
kyrgyzstan,kyrgyzstan-02-b52af7b045d9,kyrgyzstan-01-58e70c17db2b,2,spss/data2011/household/hh1a.sav,hh1a.sav,.sav,124213,413428,5d85d20d,not encrypted,file,not archive,dataset,data/interim/unpacked/kyrgyzstan/dataverse_files/depth_02/LIK_10_13_spss__b52af7b0/spss/data2011/household/hh1a.sav,safe,already present; not overwritten
kyrgyzstan,kyrgyzstan-02-b52af7b045d9,kyrgyzstan-01-58e70c17db2b,2,spss/data2011/household/hh1b.sav,hh1b.sav,.sav,51141,200958,6dfcd2a4,not encrypted,file,not archive,dataset,data/interim/unpacked/kyrgyzstan/dataverse_files/depth_02/LIK_10_13_spss__b52af7b0/spss/data2011/household/hh1b.sav,safe,already present; not overwritten
kyrgyzstan,kyrgyzstan-02-b52af7b045d9,kyrgyzstan-01-58e70c17db2b,2,spss/data2011/household/hh1c.sav,hh1c.sav,.sav,37773,118688,263d6da6,not encrypted,file,not archive,dataset,data/interim/unpacked/kyrgyzstan/dataverse_files/depth_02/LIK_10_13_spss__b52af7b0/spss/data2011/household/hh1c.sav,safe,already present; not overwritten
kyrgyzstan,kyrgyzstan-02-b52af7b045d9,kyrgyzstan-01-58e70c17db2b,2,spss/data2011/household/hh2a.sav,hh2a.sav,.sav,47796,228388,9600a9a2,not encrypted,file,not archive,dataset,data/interim/unpacked/kyrgyzstan/dataverse_files/depth_02/LIK_10_13_spss__b52af7b0/spss/data2011/household/hh2a.sav,safe,already present; not overwritten
kyrgyzstan,kyrgyzstan-02-b52af7b045d9,kyrgyzstan-01-58e70c17db2b,2,spss/data2011/household/hh2b.sav,hh2b.sav,.sav,139799,593950,f6b1d59f,not encrypted,file,not archive,dataset,data/interim/unpacked/kyrgyzstan/dataverse_files/depth_02/LIK_10_13_spss__b52af7b0/spss/data2011/household/hh2b.sav,safe,already present; not overwritten
kyrgyzstan,kyrgyzstan-02-b52af7b045d9,kyrgyzstan-01-58e70c17db2b,2,spss/data2011/household/hh2c.sav,hh2c.sav,.sav,29018,111860,fafd1162,not encrypted,file,not archive,dataset,data/interim/unpacked/kyrgyzstan/dataverse_files/depth_02/LIK_10_13_spss__b52af7b0/spss/data2011/household/hh2c.sav,safe,already present; not overwritten
kyrgyzstan,kyrgyzstan-02-b52af7b045d9,kyrgyzstan-01-58e70c17db2b,2,spss/data2011/household/hh3.sav,hh3.sav,.sav,19777,111560,98a3d051,not encrypted,file,not archive,dataset,data/interim/unpacked/kyrgyzstan/dataverse_files/depth_02/LIK_10_13_spss__b52af7b0/spss/data2011/household/hh3.sav,safe,already present; not overwritten
kyrgyzstan,kyrgyzstan-02-b52af7b045d9,kyrgyzstan-01-58e70c17db2b,2,spss/data2011/household/hh4a.sav,hh4a.sav,.sav,358959,1267914,07a39e1c,not encrypted,file,not archive,dataset,data/interim/unpacked/kyrgyzstan/dataverse_files/depth_02/LIK_10_13_spss__b52af7b0/spss/data2011/household/hh4a.sav,safe,already present; not overwritten
kyrgyzstan,kyrgyzstan-02-b52af7b045d9,kyrgyzstan-01-58e70c17db2b,2,spss/data2011/household/hh4b.sav,hh4b.sav,.sav,170164,681164,3761d8ec,not encrypted,file,not archive,dataset,data/interim/unpacked/kyrgyzstan/dataverse_files/depth_02/LIK_10_13_spss__b52af7b0/spss/data2011/household/hh4b.sav,safe,already present; not overwritten
kyrgyzstan,kyrgyzstan-02-b52af7b045d9,kyrgyzstan-01-58e70c17db2b,2,spss/data2011/household/hh4c.sav,hh4c.sav,.sav,83901,482038,f1a9d207,not encrypted,file,not archive,dataset,data/interim/unpacked/kyrgyzstan/dataverse_files/depth_02/LIK_10_13_spss__b52af7b0/spss/data2011/household/hh4c.sav,safe,already present; not overwritten
kyrgyzstan,kyrgyzstan-02-b52af7b045d9,kyrgyzstan-01-58e70c17db2b,2,spss/data2011/household/hh5.sav,hh5.sav,.sav,29203,124532,b4ce565f,not encrypted,file,not archive,dataset,data/interim/unpacked/kyrgyzstan/dataverse_files/depth_02/LIK_10_13_spss__b52af7b0/spss/data2011/household/hh5.sav,safe,already present; not overwritten
kyrgyzstan,kyrgyzstan-02-b52af7b045d9,kyrgyzstan-01-58e70c17db2b,2,spss/data2011/household/hh6.sav,hh6.sav,.sav,9642,43960,260184e6,not encrypted,file,not archive,dataset,data/interim/unpacked/kyrgyzstan/dataverse_files/depth_02/LIK_10_13_spss__b52af7b0/spss/data2011/household/hh6.sav,safe,already present; not overwritten
kyrgyzstan,kyrgyzstan-02-b52af7b045d9,kyrgyzstan-01-58e70c17db2b,2,spss/data2011/household/hh6a.sav,hh6a.sav,.sav,9981,39122,4a066041,not encrypted,file,not archive,dataset,data/interim/unpacked/kyrgyzstan/dataverse_files/depth_02/LIK_10_13_spss__b52af7b0/spss/data2011/household/hh6a.sav,safe,already present; not overwritten
kyrgyzstan,kyrgyzstan-02-b52af7b045d9,kyrgyzstan-01-58e70c17db2b,2,spss/data2011/household/hh6b.sav,hh6b.sav,.sav,7509,29294,bab5b573,not encrypted,file,not archive,dataset,data/interim/unpacked/kyrgyzstan/dataverse_files/depth_02/LIK_10_13_spss__b52af7b0/spss/data2011/household/hh6b.sav,safe,already present; not overwritten
kyrgyzstan,kyrgyzstan-02-b52af7b045d9,kyrgyzstan-01-58e70c17db2b,2,spss/data2011/household/hh7.sav,hh7.sav,.sav,19855,129736,7644f3f1,not encrypted,file,not archive,dataset,data/interim/unpacked/kyrgyzstan/dataverse_files/depth_02/LIK_10_13_spss__b52af7b0/spss/data2011/household/hh7.sav,safe,already present; not overwritten
kyrgyzstan,kyrgyzstan-02-b52af7b045d9,kyrgyzstan-01-58e70c17db2b,2,spss/data2011/household/Icon,Icon,,0,0,00000000,not encrypted,file,not archive,other,data/interim/unpacked/kyrgyzstan/dataverse_files/depth_02/LIK_10_13_spss__b52af7b0/spss/data2011/household/Icon,safe,zero-byte file; already present; not overwritten
kyrgyzstan,kyrgyzstan-02-b52af7b045d9,kyrgyzstan-01-58e70c17db2b,2,spss/data2011/individual/id0.sav,id0.sav,.sav,40001,256320,902faa31,not encrypted,file,not archive,dataset,data/interim/unpacked/kyrgyzstan/dataverse_files/depth_02/LIK_10_13_spss__b52af7b0/spss/data2011/individual/id0.sav,safe,already present; not overwritten
kyrgyzstan,kyrgyzstan-02-b52af7b045d9,kyrgyzstan-01-58e70c17db2b,2,spss/data2011/individual/id1.sav,id1.sav,.sav,88710,238760,596a544b,not encrypted,file,not archive,dataset,data/interim/unpacked/kyrgyzstan/dataverse_files/depth_02/LIK_10_13_spss__b52af7b0/spss/data2011/individual/id1.sav,safe,already present; not overwritten
kyrgyzstan,kyrgyzstan-02-b52af7b045d9,kyrgyzstan-01-58e70c17db2b,2,spss/data2011/individual/id2.sav,id2.sav,.sav,78422,673794,8d1c4d44,not encrypted,file,not archive,dataset,data/interim/unpacked/kyrgyzstan/dataverse_files/depth_02/LIK_10_13_spss__b52af7b0/spss/data2011/individual/id2.sav,safe,already present; not overwritten
kyrgyzstan,kyrgyzstan-02-b52af7b045d9,kyrgyzstan-01-58e70c17db2b,2,spss/data2011/individual/id3.sav,id3.sav,.sav,161172,983356,ea5005bd,not encrypted,file,not archive,dataset,data/interim/unpacked/kyrgyzstan/dataverse_files/depth_02/LIK_10_13_spss__b52af7b0/spss/data2011/individual/id3.sav,safe,already present; not overwritten
kyrgyzstan,kyrgyzstan-02-b52af7b045d9,kyrgyzstan-01-58e70c17db2b,2,spss/data2011/individual/id3d.sav,id3d.sav,.sav,51116,235036,294902b4,not encrypted,file,not archive,dataset,data/interim/unpacked/kyrgyzstan/dataverse_files/depth_02/LIK_10_13_spss__b52af7b0/spss/data2011/individual/id3d.sav,safe,already present; not overwritten
kyrgyzstan,kyrgyzstan-02-b52af7b045d9,kyrgyzstan-01-58e70c17db2b,2,spss/data2011/individual/id3e.sav,id3e.sav,.sav,7289,34722,5bf42b28,not encrypted,file,not archive,dataset,data/interim/unpacked/kyrgyzstan/dataverse_files/depth_02/LIK_10_13_spss__b52af7b0/spss/data2011/individual/id3e.sav,safe,already present; not overwritten
kyrgyzstan,kyrgyzstan-02-b52af7b045d9,kyrgyzstan-01-58e70c17db2b,2,spss/data2011/individual/id4.sav,id4.sav,.sav,47926,363720,492c7d57,not encrypted,file,not archive,dataset,data/interim/unpacked/kyrgyzstan/dataverse_files/depth_02/LIK_10_13_spss__b52af7b0/spss/data2011/individual/id4.sav,safe,already present; not overwritten
kyrgyzstan,kyrgyzstan-02-b52af7b045d9,kyrgyzstan-01-58e70c17db2b,2,spss/data2011/individual/id5a.sav,id5a.sav,.sav,64739,392892,ad98904e,not encrypted,file,not archive,dataset,data/interim/unpacked/kyrgyzstan/dataverse_files/depth_02/LIK_10_13_spss__b52af7b0/spss/data2011/individual/id5a.sav,safe,already present; not overwritten
kyrgyzstan,kyrgyzstan-02-b52af7b045d9,kyrgyzstan-01-58e70c17db2b,2,spss/data2011/individual/id5b.sav,id5b.sav,.sav,477854,2413454,17f4da3b,not encrypted,file,not archive,dataset,data/interim/unpacked/kyrgyzstan/dataverse_files/depth_02/LIK_10_13_spss__b52af7b0/spss/data2011/individual/id5b.sav,safe,already present; not overwritten
kyrgyzstan,kyrgyzstan-02-b52af7b045d9,kyrgyzstan-01-58e70c17db2b,2,spss/data2011/individual/id5c.sav,id5c.sav,.sav,538455,4390716,be8f0c32,not encrypted,file,not archive,dataset,data/interim/unpacked/kyrgyzstan/dataverse_files/depth_02/LIK_10_13_spss__b52af7b0/spss/data2011/individual/id5c.sav,safe,already present; not overwritten
kyrgyzstan,kyrgyzstan-02-b52af7b045d9,kyrgyzstan-01-58e70c17db2b,2,spss/data2011/individual/id5d.sav,id5d.sav,.sav,40083,139352,e6a3593a,not encrypted,file,not archive,dataset,data/interim/unpacked/kyrgyzstan/dataverse_files/depth_02/LIK_10_13_spss__b52af7b0/spss/data2011/individual/id5d.sav,safe,already present; not overwritten
kyrgyzstan,kyrgyzstan-02-b52af7b045d9,kyrgyzstan-01-58e70c17db2b,2,spss/data2011/individual/id5dch.sav,id5dch.sav,.sav,92940,347424,106c3a3a,not encrypted,file,not archive,dataset,data/interim/unpacked/kyrgyzstan/dataverse_files/depth_02/LIK_10_13_spss__b52af7b0/spss/data2011/individual/id5dch.sav,safe,already present; not overwritten
kyrgyzstan,kyrgyzstan-02-b52af7b045d9,kyrgyzstan-01-58e70c17db2b,2,spss/data2011/individual/id6.sav,id6.sav,.sav,78427,212624,73b85b6c,not encrypted,file,not archive,dataset,data/interim/unpacked/kyrgyzstan/dataverse_files/depth_02/LIK_10_13_spss__b52af7b0/spss/data2011/individual/id6.sav,safe,already present; not overwritten
kyrgyzstan,kyrgyzstan-02-b52af7b045d9,kyrgyzstan-01-58e70c17db2b,2,spss/data2011/individual/id7.sav,id7.sav,.sav,46596,263478,39a1c0fa,not encrypted,file,not archive,dataset,data/interim/unpacked/kyrgyzstan/dataverse_files/depth_02/LIK_10_13_spss__b52af7b0/spss/data2011/individual/id7.sav,safe,already present; not overwritten
kyrgyzstan,kyrgyzstan-02-b52af7b045d9,kyrgyzstan-01-58e70c17db2b,2,spss/data2011/individual/id8.sav,id8.sav,.sav,107963,710532,05a31352,not encrypted,file,not archive,dataset,data/interim/unpacked/kyrgyzstan/dataverse_files/depth_02/LIK_10_13_spss__b52af7b0/spss/data2011/individual/id8.sav,safe,already present; not overwritten
kyrgyzstan,kyrgyzstan-02-b52af7b045d9,kyrgyzstan-01-58e70c17db2b,2,spss/data2012/community/ao_01.sav,ao_01.sav,.sav,2802,7110,f60f170e,not encrypted,file,not archive,dataset,data/interim/unpacked/kyrgyzstan/dataverse_files/depth_02/LIK_10_13_spss__b52af7b0/spss/data2012/community/ao_01.sav,safe,already present; not overwritten
kyrgyzstan,kyrgyzstan-02-b52af7b045d9,kyrgyzstan-01-58e70c17db2b,2,spss/data2012/community/ao_02.sav,ao_02.sav,.sav,18550,56636,e938d750,not encrypted,file,not archive,dataset,data/interim/unpacked/kyrgyzstan/dataverse_files/depth_02/LIK_10_13_spss__b52af7b0/spss/data2012/community/ao_02.sav,safe,already present; not overwritten
kyrgyzstan,kyrgyzstan-02-b52af7b045d9,kyrgyzstan-01-58e70c17db2b,2,spss/data2012/community/Icon,Icon,,0,0,00000000,not encrypted,file,not archive,other,data/interim/unpacked/kyrgyzstan/dataverse_files/depth_02/LIK_10_13_spss__b52af7b0/spss/data2012/community/Icon,safe,zero-byte file; already present; not overwritten
kyrgyzstan,kyrgyzstan-02-b52af7b045d9,kyrgyzstan-01-58e70c17db2b,2,spss/data2012/control/cc_hh.sav,cc_hh.sav,.sav,25676,161889,a0948be4,not encrypted,file,not archive,dataset,data/interim/unpacked/kyrgyzstan/dataverse_files/depth_02/LIK_10_13_spss__b52af7b0/spss/data2012/control/cc_hh.sav,safe,already present; not overwritten
kyrgyzstan,kyrgyzstan-02-b52af7b045d9,kyrgyzstan-01-58e70c17db2b,2,spss/data2012/control/cc_ind.sav,cc_ind.sav,.sav,113713,764951,e5dec4a7,not encrypted,file,not archive,dataset,data/interim/unpacked/kyrgyzstan/dataverse_files/depth_02/LIK_10_13_spss__b52af7b0/spss/data2012/control/cc_ind.sav,safe,already present; not overwritten
kyrgyzstan,kyrgyzstan-02-b52af7b045d9,kyrgyzstan-01-58e70c17db2b,2,spss/data2012/control/Icon,Icon,,0,0,00000000,not encrypted,file,not archive,other,data/interim/unpacked/kyrgyzstan/dataverse_files/depth_02/LIK_10_13_spss__b52af7b0/spss/data2012/control/Icon,safe,zero-byte file; already present; not overwritten
kyrgyzstan,kyrgyzstan-02-b52af7b045d9,kyrgyzstan-01-58e70c17db2b,2,spss/data2012/household/hh0.sav,hh0.sav,.sav,32161,167848,7878c853,not encrypted,file,not archive,dataset,data/interim/unpacked/kyrgyzstan/dataverse_files/depth_02/LIK_10_13_spss__b52af7b0/spss/data2012/household/hh0.sav,safe,already present; not overwritten
kyrgyzstan,kyrgyzstan-02-b52af7b045d9,kyrgyzstan-01-58e70c17db2b,2,spss/data2012/household/hh1a.sav,hh1a.sav,.sav,123617,414536,01f50268,not encrypted,file,not archive,dataset,data/interim/unpacked/kyrgyzstan/dataverse_files/depth_02/LIK_10_13_spss__b52af7b0/spss/data2012/household/hh1a.sav,safe,already present; not overwritten
kyrgyzstan,kyrgyzstan-02-b52af7b045d9,kyrgyzstan-01-58e70c17db2b,2,spss/data2012/household/hh1b.sav,hh1b.sav,.sav,49445,201116,4dfa338d,not encrypted,file,not archive,dataset,data/interim/unpacked/kyrgyzstan/dataverse_files/depth_02/LIK_10_13_spss__b52af7b0/spss/data2012/household/hh1b.sav,safe,already present; not overwritten
kyrgyzstan,kyrgyzstan-02-b52af7b045d9,kyrgyzstan-01-58e70c17db2b,2,spss/data2012/household/hh1c.sav,hh1c.sav,.sav,42247,123204,b9db6167,not encrypted,file,not archive,dataset,data/interim/unpacked/kyrgyzstan/dataverse_files/depth_02/LIK_10_13_spss__b52af7b0/spss/data2012/household/hh1c.sav,safe,already present; not overwritten
kyrgyzstan,kyrgyzstan-02-b52af7b045d9,kyrgyzstan-01-58e70c17db2b,2,spss/data2012/household/hh2a.sav,hh2a.sav,.sav,48987,226480,532030c9,not encrypted,file,not archive,dataset,data/interim/unpacked/kyrgyzstan/dataverse_files/depth_02/LIK_10_13_spss__b52af7b0/spss/data2012/household/hh2a.sav,safe,already present; not overwritten
kyrgyzstan,kyrgyzstan-02-b52af7b045d9,kyrgyzstan-01-58e70c17db2b,2,spss/data2012/household/hh2b.sav,hh2b.sav,.sav,130243,603810,3c6a8885,not encrypted,file,not archive,dataset,data/interim/unpacked/kyrgyzstan/dataverse_files/depth_02/LIK_10_13_spss__b52af7b0/spss/data2012/household/hh2b.sav,safe,already present; not overwritten
kyrgyzstan,kyrgyzstan-02-b52af7b045d9,kyrgyzstan-01-58e70c17db2b,2,spss/data2012/household/hh2c.sav,hh2c.sav,.sav,28653,128958,a362dedf,not encrypted,file,not archive,dataset,data/interim/unpacked/kyrgyzstan/dataverse_files/depth_02/LIK_10_13_spss__b52af7b0/spss/data2012/household/hh2c.sav,safe,already present; not overwritten
kyrgyzstan,kyrgyzstan-02-b52af7b045d9,kyrgyzstan-01-58e70c17db2b,2,spss/data2012/household/hh3.sav,hh3.sav,.sav,26117,132498,bd3d8f68,not encrypted,file,not archive,dataset,data/interim/unpacked/kyrgyzstan/dataverse_files/depth_02/LIK_10_13_spss__b52af7b0/spss/data2012/household/hh3.sav,safe,already present; not overwritten
kyrgyzstan,kyrgyzstan-02-b52af7b045d9,kyrgyzstan-01-58e70c17db2b,2,spss/data2012/household/hh3a.sav,hh3a.sav,.sav,48407,190758,77f45749,not encrypted,file,not archive,dataset,data/interim/unpacked/kyrgyzstan/dataverse_files/depth_02/LIK_10_13_spss__b52af7b0/spss/data2012/household/hh3a.sav,safe,already present; not overwritten
kyrgyzstan,kyrgyzstan-02-b52af7b045d9,kyrgyzstan-01-58e70c17db2b,2,spss/data2012/household/hh4a.sav,hh4a.sav,.sav,357038,1559326,db083574,not encrypted,file,not archive,dataset,data/interim/unpacked/kyrgyzstan/dataverse_files/depth_02/LIK_10_13_spss__b52af7b0/spss/data2012/household/hh4a.sav,safe,already present; not overwritten
kyrgyzstan,kyrgyzstan-02-b52af7b045d9,kyrgyzstan-01-58e70c17db2b,2,spss/data2012/household/hh4b.sav,hh4b.sav,.sav,178475,784804,33b9f789,not encrypted,file,not archive,dataset,data/interim/unpacked/kyrgyzstan/dataverse_files/depth_02/LIK_10_13_spss__b52af7b0/spss/data2012/household/hh4b.sav,safe,already present; not overwritten
kyrgyzstan,kyrgyzstan-02-b52af7b045d9,kyrgyzstan-01-58e70c17db2b,2,spss/data2012/household/hh4c.sav,hh4c.sav,.sav,102299,575656,598a2602,not encrypted,file,not archive,dataset,data/interim/unpacked/kyrgyzstan/dataverse_files/depth_02/LIK_10_13_spss__b52af7b0/spss/data2012/household/hh4c.sav,safe,already present; not overwritten
kyrgyzstan,kyrgyzstan-02-b52af7b045d9,kyrgyzstan-01-58e70c17db2b,2,spss/data2012/household/hh5.sav,hh5.sav,.sav,28787,122768,0c9a33a2,not encrypted,file,not archive,dataset,data/interim/unpacked/kyrgyzstan/dataverse_files/depth_02/LIK_10_13_spss__b52af7b0/spss/data2012/household/hh5.sav,safe,already present; not overwritten
kyrgyzstan,kyrgyzstan-02-b52af7b045d9,kyrgyzstan-01-58e70c17db2b,2,spss/data2012/household/hh6.sav,hh6.sav,.sav,2461,6790,e68848ed,not encrypted,file,not archive,dataset,data/interim/unpacked/kyrgyzstan/dataverse_files/depth_02/LIK_10_13_spss__b52af7b0/spss/data2012/household/hh6.sav,safe,already present; not overwritten
kyrgyzstan,kyrgyzstan-02-b52af7b045d9,kyrgyzstan-01-58e70c17db2b,2,spss/data2012/household/hh6a.sav,hh6a.sav,.sav,11868,53458,09d6a316,not encrypted,file,not archive,dataset,data/interim/unpacked/kyrgyzstan/dataverse_files/depth_02/LIK_10_13_spss__b52af7b0/spss/data2012/household/hh6a.sav,safe,already present; not overwritten
kyrgyzstan,kyrgyzstan-02-b52af7b045d9,kyrgyzstan-01-58e70c17db2b,2,spss/data2012/household/hh6b.sav,hh6b.sav,.sav,7645,30138,50a8a7cf,not encrypted,file,not archive,dataset,data/interim/unpacked/kyrgyzstan/dataverse_files/depth_02/LIK_10_13_spss__b52af7b0/spss/data2012/household/hh6b.sav,safe,already present; not overwritten
kyrgyzstan,kyrgyzstan-02-b52af7b045d9,kyrgyzstan-01-58e70c17db2b,2,spss/data2012/household/hh7.sav,hh7.sav,.sav,17028,126740,bfb38dda,not encrypted,file,not archive,dataset,data/interim/unpacked/kyrgyzstan/dataverse_files/depth_02/LIK_10_13_spss__b52af7b0/spss/data2012/household/hh7.sav,safe,already present; not overwritten
kyrgyzstan,kyrgyzstan-02-b52af7b045d9,kyrgyzstan-01-58e70c17db2b,2,spss/data2012/household/Icon,Icon,,0,0,00000000,not encrypted,file,not archive,other,data/interim/unpacked/kyrgyzstan/dataverse_files/depth_02/LIK_10_13_spss__b52af7b0/spss/data2012/household/Icon,safe,zero-byte file; already present; not overwritten
kyrgyzstan,kyrgyzstan-02-b52af7b045d9,kyrgyzstan-01-58e70c17db2b,2,spss/data2012/individual/id0.sav,id0.sav,.sav,35846,250560,e617d5ea,not encrypted,file,not archive,dataset,data/interim/unpacked/kyrgyzstan/dataverse_files/depth_02/LIK_10_13_spss__b52af7b0/spss/data2012/individual/id0.sav,safe,already present; not overwritten
kyrgyzstan,kyrgyzstan-02-b52af7b045d9,kyrgyzstan-01-58e70c17db2b,2,spss/data2012/individual/id1.sav,id1.sav,.sav,89583,241436,8e624861,not encrypted,file,not archive,dataset,data/interim/unpacked/kyrgyzstan/dataverse_files/depth_02/LIK_10_13_spss__b52af7b0/spss/data2012/individual/id1.sav,safe,already present; not overwritten
kyrgyzstan,kyrgyzstan-02-b52af7b045d9,kyrgyzstan-01-58e70c17db2b,2,spss/data2012/individual/id2.sav,id2.sav,.sav,201608,926036,1d2c60f5,not encrypted,file,not archive,dataset,data/interim/unpacked/kyrgyzstan/dataverse_files/depth_02/LIK_10_13_spss__b52af7b0/spss/data2012/individual/id2.sav,safe,already present; not overwritten
kyrgyzstan,kyrgyzstan-02-b52af7b045d9,kyrgyzstan-01-58e70c17db2b,2,spss/data2012/individual/id3.sav,id3.sav,.sav,149855,994360,bf402c81,not encrypted,file,not archive,dataset,data/interim/unpacked/kyrgyzstan/dataverse_files/depth_02/LIK_10_13_spss__b52af7b0/spss/data2012/individual/id3.sav,safe,already present; not overwritten
kyrgyzstan,kyrgyzstan-02-b52af7b045d9,kyrgyzstan-01-58e70c17db2b,2,spss/data2012/individual/id3d.sav,id3d.sav,.sav,52644,243886,329204a9,not encrypted,file,not archive,dataset,data/interim/unpacked/kyrgyzstan/dataverse_files/depth_02/LIK_10_13_spss__b52af7b0/spss/data2012/individual/id3d.sav,safe,already present; not overwritten
kyrgyzstan,kyrgyzstan-02-b52af7b045d9,kyrgyzstan-01-58e70c17db2b,2,spss/data2012/individual/id3e.sav,id3e.sav,.sav,9696,52522,8dd5ea02,not encrypted,file,not archive,dataset,data/interim/unpacked/kyrgyzstan/dataverse_files/depth_02/LIK_10_13_spss__b52af7b0/spss/data2012/individual/id3e.sav,safe,already present; not overwritten
kyrgyzstan,kyrgyzstan-02-b52af7b045d9,kyrgyzstan-01-58e70c17db2b,2,spss/data2012/individual/id4.sav,id4.sav,.sav,53686,378318,f1ce5f9e,not encrypted,file,not archive,dataset,data/interim/unpacked/kyrgyzstan/dataverse_files/depth_02/LIK_10_13_spss__b52af7b0/spss/data2012/individual/id4.sav,safe,already present; not overwritten
kyrgyzstan,kyrgyzstan-02-b52af7b045d9,kyrgyzstan-01-58e70c17db2b,2,spss/data2012/individual/id5a.sav,id5a.sav,.sav,41606,347542,28d9c82f,not encrypted,file,not archive,dataset,data/interim/unpacked/kyrgyzstan/dataverse_files/depth_02/LIK_10_13_spss__b52af7b0/spss/data2012/individual/id5a.sav,safe,already present; not overwritten
kyrgyzstan,kyrgyzstan-02-b52af7b045d9,kyrgyzstan-01-58e70c17db2b,2,spss/data2012/individual/id5b.sav,id5b.sav,.sav,76494,296602,f9066bb9,not encrypted,file,not archive,dataset,data/interim/unpacked/kyrgyzstan/dataverse_files/depth_02/LIK_10_13_spss__b52af7b0/spss/data2012/individual/id5b.sav,safe,already present; not overwritten
kyrgyzstan,kyrgyzstan-02-b52af7b045d9,kyrgyzstan-01-58e70c17db2b,2,spss/data2012/individual/id5c.sav,id5c.sav,.sav,544244,4495224,6d034a3c,not encrypted,file,not archive,dataset,data/interim/unpacked/kyrgyzstan/dataverse_files/depth_02/LIK_10_13_spss__b52af7b0/spss/data2012/individual/id5c.sav,safe,already present; not overwritten
kyrgyzstan,kyrgyzstan-02-b52af7b045d9,kyrgyzstan-01-58e70c17db2b,2,spss/data2012/individual/id5d.sav,id5d.sav,.sav,5714,18492,efea7ebb,not encrypted,file,not archive,dataset,data/interim/unpacked/kyrgyzstan/dataverse_files/depth_02/LIK_10_13_spss__b52af7b0/spss/data2012/individual/id5d.sav,safe,already present; not overwritten
kyrgyzstan,kyrgyzstan-02-b52af7b045d9,kyrgyzstan-01-58e70c17db2b,2,spss/data2012/individual/id5dch.sav,id5dch.sav,.sav,7039,23384,91805714,not encrypted,file,not archive,dataset,data/interim/unpacked/kyrgyzstan/dataverse_files/depth_02/LIK_10_13_spss__b52af7b0/spss/data2012/individual/id5dch.sav,safe,already present; not overwritten
kyrgyzstan,kyrgyzstan-02-b52af7b045d9,kyrgyzstan-01-58e70c17db2b,2,spss/data2012/individual/id5e.sav,id5e.sav,.sav,46233,140940,e5b7c283,not encrypted,file,not archive,dataset,data/interim/unpacked/kyrgyzstan/dataverse_files/depth_02/LIK_10_13_spss__b52af7b0/spss/data2012/individual/id5e.sav,safe,already present; not overwritten
kyrgyzstan,kyrgyzstan-02-b52af7b045d9,kyrgyzstan-01-58e70c17db2b,2,spss/data2012/individual/id6.sav,id6.sav,.sav,84528,224364,8cbe29aa,not encrypted,file,not archive,dataset,data/interim/unpacked/kyrgyzstan/dataverse_files/depth_02/LIK_10_13_spss__b52af7b0/spss/data2012/individual/id6.sav,safe,already present; not overwritten
kyrgyzstan,kyrgyzstan-02-b52af7b045d9,kyrgyzstan-01-58e70c17db2b,2,spss/data2012/individual/id7.sav,id7.sav,.sav,46321,266942,113e3491,not encrypted,file,not archive,dataset,data/interim/unpacked/kyrgyzstan/dataverse_files/depth_02/LIK_10_13_spss__b52af7b0/spss/data2012/individual/id7.sav,safe,already present; not overwritten
kyrgyzstan,kyrgyzstan-02-b52af7b045d9,kyrgyzstan-01-58e70c17db2b,2,spss/data2012/individual/id8.sav,id8.sav,.sav,56052,542256,3a263e12,not encrypted,file,not archive,dataset,data/interim/unpacked/kyrgyzstan/dataverse_files/depth_02/LIK_10_13_spss__b52af7b0/spss/data2012/individual/id8.sav,safe,already present; not overwritten
kyrgyzstan,kyrgyzstan-02-b52af7b045d9,kyrgyzstan-01-58e70c17db2b,2,spss/data2012/individual/id8c.sav,id8c.sav,.sav,81387,324346,8da87329,not encrypted,file,not archive,dataset,data/interim/unpacked/kyrgyzstan/dataverse_files/depth_02/LIK_10_13_spss__b52af7b0/spss/data2012/individual/id8c.sav,safe,already present; not overwritten
kyrgyzstan,kyrgyzstan-02-b52af7b045d9,kyrgyzstan-01-58e70c17db2b,2,spss/data2012/individual/id8d.sav,id8d.sav,.sav,45301,222316,47667695,not encrypted,file,not archive,dataset,data/interim/unpacked/kyrgyzstan/dataverse_files/depth_02/LIK_10_13_spss__b52af7b0/spss/data2012/individual/id8d.sav,safe,already present; not overwritten
kyrgyzstan,kyrgyzstan-02-b52af7b045d9,kyrgyzstan-01-58e70c17db2b,2,spss/data2013/community/cm1.sav,cm1.sav,.sav,19630,75238,8102aae1,not encrypted,file,not archive,dataset,data/interim/unpacked/kyrgyzstan/dataverse_files/depth_02/LIK_10_13_spss__b52af7b0/spss/data2013/community/cm1.sav,safe,already present; not overwritten
kyrgyzstan,kyrgyzstan-02-b52af7b045d9,kyrgyzstan-01-58e70c17db2b,2,spss/data2013/community/cm1_prices.sav,cm1_prices.sav,.sav,26200,84898,fadbfde7,not encrypted,file,not archive,dataset,data/interim/unpacked/kyrgyzstan/dataverse_files/depth_02/LIK_10_13_spss__b52af7b0/spss/data2013/community/cm1_prices.sav,safe,already present; not overwritten
kyrgyzstan,kyrgyzstan-02-b52af7b045d9,kyrgyzstan-01-58e70c17db2b,2,spss/data2013/control/cc_hh.sav,cc_hh.sav,.sav,23417,136239,7758a10c,not encrypted,file,not archive,dataset,data/interim/unpacked/kyrgyzstan/dataverse_files/depth_02/LIK_10_13_spss__b52af7b0/spss/data2013/control/cc_hh.sav,safe,already present; not overwritten
kyrgyzstan,kyrgyzstan-02-b52af7b045d9,kyrgyzstan-01-58e70c17db2b,2,spss/data2013/control/cc_ind.sav,cc_ind.sav,.sav,99076,537460,5101f879,not encrypted,file,not archive,dataset,data/interim/unpacked/kyrgyzstan/dataverse_files/depth_02/LIK_10_13_spss__b52af7b0/spss/data2013/control/cc_ind.sav,safe,already present; not overwritten
kyrgyzstan,kyrgyzstan-02-b52af7b045d9,kyrgyzstan-01-58e70c17db2b,2,spss/data2013/household/hh0.sav,hh0.sav,.sav,55688,296929,a2337a0f,not encrypted,file,not archive,dataset,data/interim/unpacked/kyrgyzstan/dataverse_files/depth_02/LIK_10_13_spss__b52af7b0/spss/data2013/household/hh0.sav,safe,already present; not overwritten
kyrgyzstan,kyrgyzstan-02-b52af7b045d9,kyrgyzstan-01-58e70c17db2b,2,spss/data2013/household/hh1a.sav,hh1a.sav,.sav,101171,369722,e779cd0e,not encrypted,file,not archive,dataset,data/interim/unpacked/kyrgyzstan/dataverse_files/depth_02/LIK_10_13_spss__b52af7b0/spss/data2013/household/hh1a.sav,safe,already present; not overwritten
kyrgyzstan,kyrgyzstan-02-b52af7b045d9,kyrgyzstan-01-58e70c17db2b,2,spss/data2013/household/hh1b.sav,hh1b.sav,.sav,42484,150590,00afaece,not encrypted,file,not archive,dataset,data/interim/unpacked/kyrgyzstan/dataverse_files/depth_02/LIK_10_13_spss__b52af7b0/spss/data2013/household/hh1b.sav,safe,already present; not overwritten
kyrgyzstan,kyrgyzstan-02-b52af7b045d9,kyrgyzstan-01-58e70c17db2b,2,spss/data2013/household/hh1c.sav,hh1c.sav,.sav,45537,129652,7b3f7640,not encrypted,file,not archive,dataset,data/interim/unpacked/kyrgyzstan/dataverse_files/depth_02/LIK_10_13_spss__b52af7b0/spss/data2013/household/hh1c.sav,safe,already present; not overwritten
kyrgyzstan,kyrgyzstan-02-b52af7b045d9,kyrgyzstan-01-58e70c17db2b,2,spss/data2013/household/hh1d.sav,hh1d.sav,.sav,12171,42108,26ef61f0,not encrypted,file,not archive,dataset,data/interim/unpacked/kyrgyzstan/dataverse_files/depth_02/LIK_10_13_spss__b52af7b0/spss/data2013/household/hh1d.sav,safe,already present; not overwritten
kyrgyzstan,kyrgyzstan-02-b52af7b045d9,kyrgyzstan-01-58e70c17db2b,2,spss/data2013/household/hh2a.sav,hh2a.sav,.sav,48965,244992,83fb330c,not encrypted,file,not archive,dataset,data/interim/unpacked/kyrgyzstan/dataverse_files/depth_02/LIK_10_13_spss__b52af7b0/spss/data2013/household/hh2a.sav,safe,already present; not overwritten
kyrgyzstan,kyrgyzstan-02-b52af7b045d9,kyrgyzstan-01-58e70c17db2b,2,spss/data2013/household/hh2b.sav,hh2b.sav,.sav,180243,792456,9bda82ab,not encrypted,file,not archive,dataset,data/interim/unpacked/kyrgyzstan/dataverse_files/depth_02/LIK_10_13_spss__b52af7b0/spss/data2013/household/hh2b.sav,safe,already present; not overwritten
kyrgyzstan,kyrgyzstan-02-b52af7b045d9,kyrgyzstan-01-58e70c17db2b,2,spss/data2013/household/hh2c.sav,hh2c.sav,.sav,41638,151098,014c5a67,not encrypted,file,not archive,dataset,data/interim/unpacked/kyrgyzstan/dataverse_files/depth_02/LIK_10_13_spss__b52af7b0/spss/data2013/household/hh2c.sav,safe,already present; not overwritten
kyrgyzstan,kyrgyzstan-02-b52af7b045d9,kyrgyzstan-01-58e70c17db2b,2,spss/data2013/household/hh2d.sav,hh2d.sav,.sav,11853,53856,ec753d5a,not encrypted,file,not archive,dataset,data/interim/unpacked/kyrgyzstan/dataverse_files/depth_02/LIK_10_13_spss__b52af7b0/spss/data2013/household/hh2d.sav,safe,already present; not overwritten
kyrgyzstan,kyrgyzstan-02-b52af7b045d9,kyrgyzstan-01-58e70c17db2b,2,spss/data2013/household/hh3.sav,hh3.sav,.sav,23392,91380,9052dcbe,not encrypted,file,not archive,dataset,data/interim/unpacked/kyrgyzstan/dataverse_files/depth_02/LIK_10_13_spss__b52af7b0/spss/data2013/household/hh3.sav,safe,already present; not overwritten
kyrgyzstan,kyrgyzstan-02-b52af7b045d9,kyrgyzstan-01-58e70c17db2b,2,spss/data2013/household/hh3a.sav,hh3a.sav,.sav,35015,135390,acd50d0f,not encrypted,file,not archive,dataset,data/interim/unpacked/kyrgyzstan/dataverse_files/depth_02/LIK_10_13_spss__b52af7b0/spss/data2013/household/hh3a.sav,safe,already present; not overwritten
kyrgyzstan,kyrgyzstan-02-b52af7b045d9,kyrgyzstan-01-58e70c17db2b,2,spss/data2013/household/hh4a.sav,hh4a.sav,.sav,291686,1282062,b4314860,not encrypted,file,not archive,dataset,data/interim/unpacked/kyrgyzstan/dataverse_files/depth_02/LIK_10_13_spss__b52af7b0/spss/data2013/household/hh4a.sav,safe,already present; not overwritten
kyrgyzstan,kyrgyzstan-02-b52af7b045d9,kyrgyzstan-01-58e70c17db2b,2,spss/data2013/household/hh4b.sav,hh4b.sav,.sav,152636,747326,2dfa2618,not encrypted,file,not archive,dataset,data/interim/unpacked/kyrgyzstan/dataverse_files/depth_02/LIK_10_13_spss__b52af7b0/spss/data2013/household/hh4b.sav,safe,already present; not overwritten
kyrgyzstan,kyrgyzstan-02-b52af7b045d9,kyrgyzstan-01-58e70c17db2b,2,spss/data2013/household/hh4c.sav,hh4c.sav,.sav,83206,456792,b3bd3ca5,not encrypted,file,not archive,dataset,data/interim/unpacked/kyrgyzstan/dataverse_files/depth_02/LIK_10_13_spss__b52af7b0/spss/data2013/household/hh4c.sav,safe,already present; not overwritten
kyrgyzstan,kyrgyzstan-02-b52af7b045d9,kyrgyzstan-01-58e70c17db2b,2,spss/data2013/household/hh5a.sav,hh5a.sav,.sav,19226,82928,f0fd5b1c,not encrypted,file,not archive,dataset,data/interim/unpacked/kyrgyzstan/dataverse_files/depth_02/LIK_10_13_spss__b52af7b0/spss/data2013/household/hh5a.sav,safe,already present; not overwritten
kyrgyzstan,kyrgyzstan-02-b52af7b045d9,kyrgyzstan-01-58e70c17db2b,2,spss/data2013/household/hh5b.sav,hh5b.sav,.sav,10236,34484,afd7efc1,not encrypted,file,not archive,dataset,data/interim/unpacked/kyrgyzstan/dataverse_files/depth_02/LIK_10_13_spss__b52af7b0/spss/data2013/household/hh5b.sav,safe,already present; not overwritten
kyrgyzstan,kyrgyzstan-02-b52af7b045d9,kyrgyzstan-01-58e70c17db2b,2,spss/data2013/household/hh6a.sav,hh6a.sav,.sav,11669,52010,d01a5f02,not encrypted,file,not archive,dataset,data/interim/unpacked/kyrgyzstan/dataverse_files/depth_02/LIK_10_13_spss__b52af7b0/spss/data2013/household/hh6a.sav,safe,already present; not overwritten
kyrgyzstan,kyrgyzstan-02-b52af7b045d9,kyrgyzstan-01-58e70c17db2b,2,spss/data2013/household/hh6b.sav,hh6b.sav,.sav,7574,30122,8fd9f2b3,not encrypted,file,not archive,dataset,data/interim/unpacked/kyrgyzstan/dataverse_files/depth_02/LIK_10_13_spss__b52af7b0/spss/data2013/household/hh6b.sav,safe,already present; not overwritten
kyrgyzstan,kyrgyzstan-02-b52af7b045d9,kyrgyzstan-01-58e70c17db2b,2,spss/data2013/household/hh7.sav,hh7.sav,.sav,15614,116824,b589eedd,not encrypted,file,not archive,dataset,data/interim/unpacked/kyrgyzstan/dataverse_files/depth_02/LIK_10_13_spss__b52af7b0/spss/data2013/household/hh7.sav,safe,already present; not overwritten
kyrgyzstan,kyrgyzstan-02-b52af7b045d9,kyrgyzstan-01-58e70c17db2b,2,spss/data2013/individual/id0.sav,id0.sav,.sav,120823,625812,51c8b304,not encrypted,file,not archive,dataset,data/interim/unpacked/kyrgyzstan/dataverse_files/depth_02/LIK_10_13_spss__b52af7b0/spss/data2013/individual/id0.sav,safe,already present; not overwritten
kyrgyzstan,kyrgyzstan-02-b52af7b045d9,kyrgyzstan-01-58e70c17db2b,2,spss/data2013/individual/id1.sav,id1.sav,.sav,84908,226040,06341deb,not encrypted,file,not archive,dataset,data/interim/unpacked/kyrgyzstan/dataverse_files/depth_02/LIK_10_13_spss__b52af7b0/spss/data2013/individual/id1.sav,safe,already present; not overwritten
kyrgyzstan,kyrgyzstan-02-b52af7b045d9,kyrgyzstan-01-58e70c17db2b,2,spss/data2013/individual/id2a.sav,id2a.sav,.sav,38265,407414,3b85aff5,not encrypted,file,not archive,dataset,data/interim/unpacked/kyrgyzstan/dataverse_files/depth_02/LIK_10_13_spss__b52af7b0/spss/data2013/individual/id2a.sav,safe,already present; not overwritten
kyrgyzstan,kyrgyzstan-02-b52af7b045d9,kyrgyzstan-01-58e70c17db2b,2,spss/data2013/individual/id2b.sav,id2b.sav,.sav,84984,462450,a4115dbb,not encrypted,file,not archive,dataset,data/interim/unpacked/kyrgyzstan/dataverse_files/depth_02/LIK_10_13_spss__b52af7b0/spss/data2013/individual/id2b.sav,safe,already present; not overwritten
kyrgyzstan,kyrgyzstan-02-b52af7b045d9,kyrgyzstan-01-58e70c17db2b,2,spss/data2013/individual/id2c.sav,id2c.sav,.sav,11553,32240,6501b4bd,not encrypted,file,not archive,dataset,data/interim/unpacked/kyrgyzstan/dataverse_files/depth_02/LIK_10_13_spss__b52af7b0/spss/data2013/individual/id2c.sav,safe,already present; not overwritten
kyrgyzstan,kyrgyzstan-02-b52af7b045d9,kyrgyzstan-01-58e70c17db2b,2,spss/data2013/individual/id3a.sav,id3a.sav,.sav,25444,108290,1d8ad092,not encrypted,file,not archive,dataset,data/interim/unpacked/kyrgyzstan/dataverse_files/depth_02/LIK_10_13_spss__b52af7b0/spss/data2013/individual/id3a.sav,safe,already present; not overwritten
kyrgyzstan,kyrgyzstan-02-b52af7b045d9,kyrgyzstan-01-58e70c17db2b,2,spss/data2013/individual/id3b.sav,id3b.sav,.sav,127525,506330,e4e3755b,not encrypted,file,not archive,dataset,data/interim/unpacked/kyrgyzstan/dataverse_files/depth_02/LIK_10_13_spss__b52af7b0/spss/data2013/individual/id3b.sav,safe,already present; not overwritten
kyrgyzstan,kyrgyzstan-02-b52af7b045d9,kyrgyzstan-01-58e70c17db2b,2,spss/data2013/individual/id3c.sav,id3c.sav,.sav,36654,220524,8806810d,not encrypted,file,not archive,dataset,data/interim/unpacked/kyrgyzstan/dataverse_files/depth_02/LIK_10_13_spss__b52af7b0/spss/data2013/individual/id3c.sav,safe,already present; not overwritten
kyrgyzstan,kyrgyzstan-02-b52af7b045d9,kyrgyzstan-01-58e70c17db2b,2,spss/data2013/individual/id3d.sav,id3d.sav,.sav,41521,251426,01a28597,not encrypted,file,not archive,dataset,data/interim/unpacked/kyrgyzstan/dataverse_files/depth_02/LIK_10_13_spss__b52af7b0/spss/data2013/individual/id3d.sav,safe,already present; not overwritten
kyrgyzstan,kyrgyzstan-02-b52af7b045d9,kyrgyzstan-01-58e70c17db2b,2,spss/data2013/individual/id3e.sav,id3e.sav,.sav,16400,87904,e66d8b49,not encrypted,file,not archive,dataset,data/interim/unpacked/kyrgyzstan/dataverse_files/depth_02/LIK_10_13_spss__b52af7b0/spss/data2013/individual/id3e.sav,safe,already present; not overwritten
kyrgyzstan,kyrgyzstan-02-b52af7b045d9,kyrgyzstan-01-58e70c17db2b,2,spss/data2013/individual/id4.sav,id4.sav,.sav,39265,353278,f2e141b8,not encrypted,file,not archive,dataset,data/interim/unpacked/kyrgyzstan/dataverse_files/depth_02/LIK_10_13_spss__b52af7b0/spss/data2013/individual/id4.sav,safe,already present; not overwritten
kyrgyzstan,kyrgyzstan-02-b52af7b045d9,kyrgyzstan-01-58e70c17db2b,2,spss/data2013/individual/id5b.sav,id5b.sav,.sav,78925,349970,346b4096,not encrypted,file,not archive,dataset,data/interim/unpacked/kyrgyzstan/dataverse_files/depth_02/LIK_10_13_spss__b52af7b0/spss/data2013/individual/id5b.sav,safe,already present; not overwritten
kyrgyzstan,kyrgyzstan-02-b52af7b045d9,kyrgyzstan-01-58e70c17db2b,2,spss/data2013/individual/id5c.sav,id5c.sav,.sav,487342,3936736,ac2f0ace,not encrypted,file,not archive,dataset,data/interim/unpacked/kyrgyzstan/dataverse_files/depth_02/LIK_10_13_spss__b52af7b0/spss/data2013/individual/id5c.sav,safe,already present; not overwritten
kyrgyzstan,kyrgyzstan-02-b52af7b045d9,kyrgyzstan-01-58e70c17db2b,2,spss/data2013/individual/id5d.sav,id5d.sav,.sav,17300,109398,f167f349,not encrypted,file,not archive,dataset,data/interim/unpacked/kyrgyzstan/dataverse_files/depth_02/LIK_10_13_spss__b52af7b0/spss/data2013/individual/id5d.sav,safe,already present; not overwritten
kyrgyzstan,kyrgyzstan-02-b52af7b045d9,kyrgyzstan-01-58e70c17db2b,2,spss/data2013/individual/id5dch.sav,id5dch.sav,.sav,9390,32228,0b335542,not encrypted,file,not archive,dataset,data/interim/unpacked/kyrgyzstan/dataverse_files/depth_02/LIK_10_13_spss__b52af7b0/spss/data2013/individual/id5dch.sav,safe,already present; not overwritten
kyrgyzstan,kyrgyzstan-02-b52af7b045d9,kyrgyzstan-01-58e70c17db2b,2,spss/data2013/individual/id5e.sav,id5e.sav,.sav,47122,150540,3194b98d,not encrypted,file,not archive,dataset,data/interim/unpacked/kyrgyzstan/dataverse_files/depth_02/LIK_10_13_spss__b52af7b0/spss/data2013/individual/id5e.sav,safe,already present; not overwritten
kyrgyzstan,kyrgyzstan-02-b52af7b045d9,kyrgyzstan-01-58e70c17db2b,2,spss/data2013/individual/id5f.sav,id5f.sav,.sav,5043,22622,26141565,not encrypted,file,not archive,dataset,data/interim/unpacked/kyrgyzstan/dataverse_files/depth_02/LIK_10_13_spss__b52af7b0/spss/data2013/individual/id5f.sav,safe,already present; not overwritten
kyrgyzstan,kyrgyzstan-02-b52af7b045d9,kyrgyzstan-01-58e70c17db2b,2,spss/data2013/individual/id6.sav,id6.sav,.sav,88302,232604,cc8a880e,not encrypted,file,not archive,dataset,data/interim/unpacked/kyrgyzstan/dataverse_files/depth_02/LIK_10_13_spss__b52af7b0/spss/data2013/individual/id6.sav,safe,already present; not overwritten
kyrgyzstan,kyrgyzstan-02-b52af7b045d9,kyrgyzstan-01-58e70c17db2b,2,spss/data2013/individual/id7.sav,id7.sav,.sav,54404,257200,6f085a08,not encrypted,file,not archive,dataset,data/interim/unpacked/kyrgyzstan/dataverse_files/depth_02/LIK_10_13_spss__b52af7b0/spss/data2013/individual/id7.sav,safe,already present; not overwritten
kyrgyzstan,kyrgyzstan-02-b52af7b045d9,kyrgyzstan-01-58e70c17db2b,2,spss/data2013/individual/id8a.sav,id8a.sav,.sav,42009,422634,6a0680d1,not encrypted,file,not archive,dataset,data/interim/unpacked/kyrgyzstan/dataverse_files/depth_02/LIK_10_13_spss__b52af7b0/spss/data2013/individual/id8a.sav,safe,already present; not overwritten
kyrgyzstan,kyrgyzstan-02-b52af7b045d9,kyrgyzstan-01-58e70c17db2b,2,spss/data2013/individual/id8b.sav,id8b.sav,.sav,47748,178588,2acf1418,not encrypted,file,not archive,dataset,data/interim/unpacked/kyrgyzstan/dataverse_files/depth_02/LIK_10_13_spss__b52af7b0/spss/data2013/individual/id8b.sav,safe,already present; not overwritten
kyrgyzstan,kyrgyzstan-02-b52af7b045d9,kyrgyzstan-01-58e70c17db2b,2,spss/data2013/individual/id8c.sav,id8c.sav,.sav,90331,320758,a7eccb16,not encrypted,file,not archive,dataset,data/interim/unpacked/kyrgyzstan/dataverse_files/depth_02/LIK_10_13_spss__b52af7b0/spss/data2013/individual/id8c.sav,safe,already present; not overwritten
kyrgyzstan,kyrgyzstan-02-b52af7b045d9,kyrgyzstan-01-58e70c17db2b,2,spss/data2013/individual/id8d.sav,id8d.sav,.sav,96963,601000,6da26e2b,not encrypted,file,not archive,dataset,data/interim/unpacked/kyrgyzstan/dataverse_files/depth_02/LIK_10_13_spss__b52af7b0/spss/data2013/individual/id8d.sav,safe,already present; not overwritten
kyrgyzstan,kyrgyzstan-02-b52af7b045d9,kyrgyzstan-01-58e70c17db2b,2,spss/data2013/individual/id8e.sav,id8e.sav,.sav,53338,225698,82909e69,not encrypted,file,not archive,dataset,data/interim/unpacked/kyrgyzstan/dataverse_files/depth_02/LIK_10_13_spss__b52af7b0/spss/data2013/individual/id8e.sav,safe,already present; not overwritten
kyrgyzstan,kyrgyzstan-02-b52af7b045d9,kyrgyzstan-01-58e70c17db2b,2,spss/data2013/individual/id8f.sav,id8f.sav,.sav,154610,657526,0875fb49,not encrypted,file,not archive,dataset,data/interim/unpacked/kyrgyzstan/dataverse_files/depth_02/LIK_10_13_spss__b52af7b0/spss/data2013/individual/id8f.sav,safe,already present; not overwritten
kyrgyzstan,kyrgyzstan-02-b52af7b045d9,kyrgyzstan-01-58e70c17db2b,2,spss/data2013/individual/id8g.sav,id8g.sav,.sav,40487,173978,a8a9275b,not encrypted,file,not archive,dataset,data/interim/unpacked/kyrgyzstan/dataverse_files/depth_02/LIK_10_13_spss__b52af7b0/spss/data2013/individual/id8g.sav,safe,already present; not overwritten
kyrgyzstan,kyrgyzstan-02-b52af7b045d9,kyrgyzstan-01-58e70c17db2b,2,spss/mroster/mroster1013_short.sav,mroster1013_short.sav,.sav,283153,1528780,5afb5f14,not encrypted,file,not archive,dataset,data/interim/unpacked/kyrgyzstan/dataverse_files/depth_02/LIK_10_13_spss__b52af7b0/spss/mroster/mroster1013_short.sav,safe,already present; not overwritten
kyrgyzstan,kyrgyzstan-02-e03a0c7475d5,kyrgyzstan-01-58e70c17db2b,2,LiK16_IDSC-IZA/LiK publications_Sep2019.docx,LiK publications_Sep2019.docx,.docx,18072,20751,834c38d6,not encrypted,file,not archive,publication,data/interim/unpacked/kyrgyzstan/dataverse_files/depth_02/LiK_2016__e03a0c74/LiK16_IDSC-IZA/LiK_publications_Sep2019.docx,safe,already present; not overwritten
kyrgyzstan,kyrgyzstan-02-e03a0c7475d5,kyrgyzstan-01-58e70c17db2b,2,LiK16_IDSC-IZA/LiK16 questionnaires/English/1.Control and cover_Eng_LiK16.pdf,1.Control and cover_Eng_LiK16.pdf,.control and cover_eng_lik16.pdf,144222,163195,2a700b62,not encrypted,file,not archive,questionnaire,data/interim/unpacked/kyrgyzstan/dataverse_files/depth_02/LiK_2016__e03a0c74/LiK16_IDSC-IZA/LiK16_questionnaires/English/1.Control_and_cover_Eng_LiK16.pdf,safe,already present; not overwritten
kyrgyzstan,kyrgyzstan-02-e03a0c7475d5,kyrgyzstan-01-58e70c17db2b,2,LiK16_IDSC-IZA/LiK16 questionnaires/English/2.Household forms_Eng_LiK16.pdf,2.Household forms_Eng_LiK16.pdf,.household forms_eng_lik16.pdf,240046,483094,a42d5ca9,not encrypted,file,not archive,questionnaire,data/interim/unpacked/kyrgyzstan/dataverse_files/depth_02/LiK_2016__e03a0c74/LiK16_IDSC-IZA/LiK16_questionnaires/English/2.Household_forms_Eng_LiK16.pdf,safe,already present; not overwritten
kyrgyzstan,kyrgyzstan-02-e03a0c7475d5,kyrgyzstan-01-58e70c17db2b,2,LiK16_IDSC-IZA/LiK16 questionnaires/English/3.Individual forms_Eng_LiK16.pdf,3.Individual forms_Eng_LiK16.pdf,.individual forms_eng_lik16.pdf,562055,715318,466f4455,not encrypted,file,not archive,questionnaire,data/interim/unpacked/kyrgyzstan/dataverse_files/depth_02/LiK_2016__e03a0c74/LiK16_IDSC-IZA/LiK16_questionnaires/English/3.Individual_forms_Eng_LiK16.pdf,safe,already present; not overwritten
kyrgyzstan,kyrgyzstan-02-e03a0c7475d5,kyrgyzstan-01-58e70c17db2b,2,LiK16_IDSC-IZA/LiK16 questionnaires/English/4.Community forms_Eng_LiK16.pdf,4.Community forms_Eng_LiK16.pdf,.community forms_eng_lik16.pdf,184231,224769,23c62a45,not encrypted,file,not archive,questionnaire,data/interim/unpacked/kyrgyzstan/dataverse_files/depth_02/LiK_2016__e03a0c74/LiK16_IDSC-IZA/LiK16_questionnaires/English/4.Community_forms_Eng_LiK16.pdf,safe,already present; not overwritten
kyrgyzstan,kyrgyzstan-02-e03a0c7475d5,kyrgyzstan-01-58e70c17db2b,2,LiK16_IDSC-IZA/LiK16 questionnaires/English/5.Agriculture forms_Eng_LiK16.pdf,5.Agriculture forms_Eng_LiK16.pdf,.agriculture forms_eng_lik16.pdf,302007,312016,bd907336,not encrypted,file,not archive,questionnaire,data/interim/unpacked/kyrgyzstan/dataverse_files/depth_02/LiK_2016__e03a0c74/LiK16_IDSC-IZA/LiK16_questionnaires/English/5.Agriculture_forms_Eng_LiK16.pdf,safe,already present; not overwritten
kyrgyzstan,kyrgyzstan-02-e03a0c7475d5,kyrgyzstan-01-58e70c17db2b,2,LiK16_IDSC-IZA/LiK16 questionnaires/English/LiK16 Questionnaires_Eng.zip,LiK16 Questionnaires_Eng.zip,.zip,1421710,1421490,86976c82,not encrypted,file,nested archive,questionnaire,data/interim/unpacked/kyrgyzstan/dataverse_files/depth_02/LiK_2016__e03a0c74/LiK16_IDSC-IZA/LiK16_questionnaires/English/LiK16_Questionnaires_Eng.zip,safe,already present; not overwritten
kyrgyzstan,kyrgyzstan-02-e03a0c7475d5,kyrgyzstan-01-58e70c17db2b,2,LiK16_IDSC-IZA/LiK16 questionnaires/Kyrgyz/1.Control and cover_Kyr_LiK16.pdf,1.Control and cover_Kyr_LiK16.pdf,.control and cover_kyr_lik16.pdf,309611,332335,18a66492,not encrypted,file,not archive,questionnaire,data/interim/unpacked/kyrgyzstan/dataverse_files/depth_02/LiK_2016__e03a0c74/LiK16_IDSC-IZA/LiK16_questionnaires/Kyrgyz/1.Control_and_cover_Kyr_LiK16.pdf,safe,already present; not overwritten
kyrgyzstan,kyrgyzstan-02-e03a0c7475d5,kyrgyzstan-01-58e70c17db2b,2,LiK16_IDSC-IZA/LiK16 questionnaires/Kyrgyz/2.Household_forms_Kyr_LiK16.pdf,2.Household_forms_Kyr_LiK16.pdf,.household_forms_kyr_lik16.pdf,435044,553199,16f4ff18,not encrypted,file,not archive,questionnaire,data/interim/unpacked/kyrgyzstan/dataverse_files/depth_02/LiK_2016__e03a0c74/LiK16_IDSC-IZA/LiK16_questionnaires/Kyrgyz/2.Household_forms_Kyr_LiK16.pdf,safe,already present; not overwritten
kyrgyzstan,kyrgyzstan-02-e03a0c7475d5,kyrgyzstan-01-58e70c17db2b,2,LiK16_IDSC-IZA/LiK16 questionnaires/Kyrgyz/3.Individual_forms_Kyr_LiK16.pdf,3.Individual_forms_Kyr_LiK16.pdf,.individual_forms_kyr_lik16.pdf,667932,819629,fd7b81f8,not encrypted,file,not archive,questionnaire,data/interim/unpacked/kyrgyzstan/dataverse_files/depth_02/LiK_2016__e03a0c74/LiK16_IDSC-IZA/LiK16_questionnaires/Kyrgyz/3.Individual_forms_Kyr_LiK16.pdf,safe,already present; not overwritten
kyrgyzstan,kyrgyzstan-02-e03a0c7475d5,kyrgyzstan-01-58e70c17db2b,2,LiK16_IDSC-IZA/LiK16 questionnaires/Kyrgyz/4.Community_form_Kyr_LiK16.pdf,4.Community_form_Kyr_LiK16.pdf,.community_form_kyr_lik16.pdf,450121,794009,32eaacc7,not encrypted,file,not archive,questionnaire,data/interim/unpacked/kyrgyzstan/dataverse_files/depth_02/LiK_2016__e03a0c74/LiK16_IDSC-IZA/LiK16_questionnaires/Kyrgyz/4.Community_form_Kyr_LiK16.pdf,safe,already present; not overwritten
kyrgyzstan,kyrgyzstan-02-e03a0c7475d5,kyrgyzstan-01-58e70c17db2b,2,LiK16_IDSC-IZA/LiK16 questionnaires/Kyrgyz/5.AG forms_Kyr_LiK16.pdf,5.AG forms_Kyr_LiK16.pdf,.ag forms_kyr_lik16.pdf,786379,933517,a20aef8b,not encrypted,file,not archive,questionnaire,data/interim/unpacked/kyrgyzstan/dataverse_files/depth_02/LiK_2016__e03a0c74/LiK16_IDSC-IZA/LiK16_questionnaires/Kyrgyz/5.AG_forms_Kyr_LiK16.pdf,safe,already present; not overwritten
kyrgyzstan,kyrgyzstan-02-e03a0c7475d5,kyrgyzstan-01-58e70c17db2b,2,LiK16_IDSC-IZA/LiK16 questionnaires/Kyrgyz/LiK16 Questionnaires_Kyr.zip,LiK16 Questionnaires_Kyr.zip,.zip,2627370,2626965,da5e2d28,not encrypted,file,nested archive,questionnaire,data/interim/unpacked/kyrgyzstan/dataverse_files/depth_02/LiK_2016__e03a0c74/LiK16_IDSC-IZA/LiK16_questionnaires/Kyrgyz/LiK16_Questionnaires_Kyr.zip,safe,already present; not overwritten
kyrgyzstan,kyrgyzstan-02-e03a0c7475d5,kyrgyzstan-01-58e70c17db2b,2,LiK16_IDSC-IZA/LiK16 questionnaires/LiK interviewers manual 2016_Rus.pdf,LiK interviewers manual 2016_Rus.pdf,.pdf,465220,539322,1bef1b44,not encrypted,file,not archive,questionnaire,data/interim/unpacked/kyrgyzstan/dataverse_files/depth_02/LiK_2016__e03a0c74/LiK16_IDSC-IZA/LiK16_questionnaires/LiK_interviewers_manual_2016_Rus.pdf,safe,already present; not overwritten
kyrgyzstan,kyrgyzstan-02-e03a0c7475d5,kyrgyzstan-01-58e70c17db2b,2,LiK16_IDSC-IZA/LiK16 questionnaires/LiK16_Ag Qre manual_Rus.pdf,LiK16_Ag Qre manual_Rus.pdf,.pdf,600820,662729,613a7d8b,not encrypted,file,not archive,questionnaire,data/interim/unpacked/kyrgyzstan/dataverse_files/depth_02/LiK_2016__e03a0c74/LiK16_IDSC-IZA/LiK16_questionnaires/LiK16_Ag_Qre_manual_Rus.pdf,safe,already present; not overwritten
kyrgyzstan,kyrgyzstan-02-e03a0c7475d5,kyrgyzstan-01-58e70c17db2b,2,LiK16_IDSC-IZA/LiK16 questionnaires/Russian/1.Control and cover_Rus_LiK16.pdf,1.Control and cover_Rus_LiK16.pdf,.control and cover_rus_lik16.pdf,155663,174356,b81b951f,not encrypted,file,not archive,questionnaire,data/interim/unpacked/kyrgyzstan/dataverse_files/depth_02/LiK_2016__e03a0c74/LiK16_IDSC-IZA/LiK16_questionnaires/Russian/1.Control_and_cover_Rus_LiK16.pdf,safe,already present; not overwritten
kyrgyzstan,kyrgyzstan-02-e03a0c7475d5,kyrgyzstan-01-58e70c17db2b,2,LiK16_IDSC-IZA/LiK16 questionnaires/Russian/2.Household forms_Rus_LiK16.pdf,2.Household forms_Rus_LiK16.pdf,.household forms_rus_lik16.pdf,415303,628986,4ad7a38c,not encrypted,file,not archive,questionnaire,data/interim/unpacked/kyrgyzstan/dataverse_files/depth_02/LiK_2016__e03a0c74/LiK16_IDSC-IZA/LiK16_questionnaires/Russian/2.Household_forms_Rus_LiK16.pdf,safe,already present; not overwritten
kyrgyzstan,kyrgyzstan-02-e03a0c7475d5,kyrgyzstan-01-58e70c17db2b,2,LiK16_IDSC-IZA/LiK16 questionnaires/Russian/3.Individual forms_Rus_LiK16.pdf,3.Individual forms_Rus_LiK16.pdf,.individual forms_rus_lik16.pdf,531896,899859,d21f10be,not encrypted,file,not archive,questionnaire,data/interim/unpacked/kyrgyzstan/dataverse_files/depth_02/LiK_2016__e03a0c74/LiK16_IDSC-IZA/LiK16_questionnaires/Russian/3.Individual_forms_Rus_LiK16.pdf,safe,already present; not overwritten
kyrgyzstan,kyrgyzstan-02-e03a0c7475d5,kyrgyzstan-01-58e70c17db2b,2,LiK16_IDSC-IZA/LiK16 questionnaires/Russian/4.Community forms_Rus_LiK16.pdf,4.Community forms_Rus_LiK16.pdf,.community forms_rus_lik16.pdf,177590,326639,2747592b,not encrypted,file,not archive,questionnaire,data/interim/unpacked/kyrgyzstan/dataverse_files/depth_02/LiK_2016__e03a0c74/LiK16_IDSC-IZA/LiK16_questionnaires/Russian/4.Community_forms_Rus_LiK16.pdf,safe,already present; not overwritten
kyrgyzstan,kyrgyzstan-02-e03a0c7475d5,kyrgyzstan-01-58e70c17db2b,2,LiK16_IDSC-IZA/LiK16 questionnaires/Russian/5.AG forms_Rus_LiK16.pdf,5.AG forms_Rus_LiK16.pdf,.ag forms_rus_lik16.pdf,327397,337875,591a6357,not encrypted,file,not archive,questionnaire,data/interim/unpacked/kyrgyzstan/dataverse_files/depth_02/LiK_2016__e03a0c74/LiK16_IDSC-IZA/LiK16_questionnaires/Russian/5.AG_forms_Rus_LiK16.pdf,safe,already present; not overwritten
kyrgyzstan,kyrgyzstan-02-e03a0c7475d5,kyrgyzstan-01-58e70c17db2b,2,LiK16_IDSC-IZA/LiK16 questionnaires/Russian/LiK16 Questionnaires_Rus.zip,LiK16 Questionnaires_Rus.zip,.zip,1603675,1603430,c5fe449d,not encrypted,file,nested archive,questionnaire,data/interim/unpacked/kyrgyzstan/dataverse_files/depth_02/LiK_2016__e03a0c74/LiK16_IDSC-IZA/LiK16_questionnaires/Russian/LiK16_Questionnaires_Rus.zip,safe,already present; not overwritten
kyrgyzstan,kyrgyzstan-02-e03a0c7475d5,kyrgyzstan-01-58e70c17db2b,2,LiK16_IDSC-IZA/LiK16_data_spss/Agriculture/agr0.sav,agr0.sav,.sav,29240,164988,41397481,not encrypted,file,not archive,dataset,data/interim/unpacked/kyrgyzstan/dataverse_files/depth_02/LiK_2016__e03a0c74/LiK16_IDSC-IZA/LiK16_data_spss/Agriculture/agr0.sav,safe,already present; not overwritten
kyrgyzstan,kyrgyzstan-02-e03a0c7475d5,kyrgyzstan-01-58e70c17db2b,2,LiK16_IDSC-IZA/LiK16_data_spss/Agriculture/agr1.sav,agr1.sav,.sav,7495,31376,9f142bd8,not encrypted,file,not archive,dataset,data/interim/unpacked/kyrgyzstan/dataverse_files/depth_02/LiK_2016__e03a0c74/LiK16_IDSC-IZA/LiK16_data_spss/Agriculture/agr1.sav,safe,already present; not overwritten
kyrgyzstan,kyrgyzstan-02-e03a0c7475d5,kyrgyzstan-01-58e70c17db2b,2,LiK16_IDSC-IZA/LiK16_data_spss/Agriculture/agr10_1.sav,agr10_1.sav,.sav,7445,30904,b8c1e506,not encrypted,file,not archive,dataset,data/interim/unpacked/kyrgyzstan/dataverse_files/depth_02/LiK_2016__e03a0c74/LiK16_IDSC-IZA/LiK16_data_spss/Agriculture/agr10_1.sav,safe,already present; not overwritten
kyrgyzstan,kyrgyzstan-02-e03a0c7475d5,kyrgyzstan-01-58e70c17db2b,2,LiK16_IDSC-IZA/LiK16_data_spss/Agriculture/agr10_1a.sav,agr10_1a.sav,.sav,5109,22942,255734bc,not encrypted,file,not archive,dataset,data/interim/unpacked/kyrgyzstan/dataverse_files/depth_02/LiK_2016__e03a0c74/LiK16_IDSC-IZA/LiK16_data_spss/Agriculture/agr10_1a.sav,safe,already present; not overwritten
kyrgyzstan,kyrgyzstan-02-e03a0c7475d5,kyrgyzstan-01-58e70c17db2b,2,LiK16_IDSC-IZA/LiK16_data_spss/Agriculture/agr10_3.sav,agr10_3.sav,.sav,74316,430324,d48fb0d8,not encrypted,file,not archive,dataset,data/interim/unpacked/kyrgyzstan/dataverse_files/depth_02/LiK_2016__e03a0c74/LiK16_IDSC-IZA/LiK16_data_spss/Agriculture/agr10_3.sav,safe,already present; not overwritten
kyrgyzstan,kyrgyzstan-02-e03a0c7475d5,kyrgyzstan-01-58e70c17db2b,2,LiK16_IDSC-IZA/LiK16_data_spss/Agriculture/agr11.sav,agr11.sav,.sav,7653,56606,d738d571,not encrypted,file,not archive,dataset,data/interim/unpacked/kyrgyzstan/dataverse_files/depth_02/LiK_2016__e03a0c74/LiK16_IDSC-IZA/LiK16_data_spss/Agriculture/agr11.sav,safe,already present; not overwritten
kyrgyzstan,kyrgyzstan-02-e03a0c7475d5,kyrgyzstan-01-58e70c17db2b,2,LiK16_IDSC-IZA/LiK16_data_spss/Agriculture/agr2_234.sav,agr2_234.sav,.sav,44779,233328,c32e7a2b,not encrypted,file,not archive,dataset,data/interim/unpacked/kyrgyzstan/dataverse_files/depth_02/LiK_2016__e03a0c74/LiK16_IDSC-IZA/LiK16_data_spss/Agriculture/agr2_234.sav,safe,already present; not overwritten
kyrgyzstan,kyrgyzstan-02-e03a0c7475d5,kyrgyzstan-01-58e70c17db2b,2,LiK16_IDSC-IZA/LiK16_data_spss/Agriculture/agr2_5.sav,agr2_5.sav,.sav,55946,202140,a84c580a,not encrypted,file,not archive,dataset,data/interim/unpacked/kyrgyzstan/dataverse_files/depth_02/LiK_2016__e03a0c74/LiK16_IDSC-IZA/LiK16_data_spss/Agriculture/agr2_5.sav,safe,already present; not overwritten
kyrgyzstan,kyrgyzstan-02-e03a0c7475d5,kyrgyzstan-01-58e70c17db2b,2,LiK16_IDSC-IZA/LiK16_data_spss/Agriculture/agr2_6.sav,agr2_6.sav,.sav,11099,41400,855ed42c,not encrypted,file,not archive,dataset,data/interim/unpacked/kyrgyzstan/dataverse_files/depth_02/LiK_2016__e03a0c74/LiK16_IDSC-IZA/LiK16_data_spss/Agriculture/agr2_6.sav,safe,already present; not overwritten
kyrgyzstan,kyrgyzstan-02-e03a0c7475d5,kyrgyzstan-01-58e70c17db2b,2,LiK16_IDSC-IZA/LiK16_data_spss/Agriculture/agr3.sav,agr3.sav,.sav,7476,31344,7272502f,not encrypted,file,not archive,dataset,data/interim/unpacked/kyrgyzstan/dataverse_files/depth_02/LiK_2016__e03a0c74/LiK16_IDSC-IZA/LiK16_data_spss/Agriculture/agr3.sav,safe,already present; not overwritten
kyrgyzstan,kyrgyzstan-02-e03a0c7475d5,kyrgyzstan-01-58e70c17db2b,2,LiK16_IDSC-IZA/LiK16_data_spss/Agriculture/agr7_1a.sav,agr7_1a.sav,.sav,37818,138857,1b2a7d4f,not encrypted,file,not archive,dataset,data/interim/unpacked/kyrgyzstan/dataverse_files/depth_02/LiK_2016__e03a0c74/LiK16_IDSC-IZA/LiK16_data_spss/Agriculture/agr7_1a.sav,safe,already present; not overwritten
kyrgyzstan,kyrgyzstan-02-e03a0c7475d5,kyrgyzstan-01-58e70c17db2b,2,LiK16_IDSC-IZA/LiK16_data_spss/Agriculture/agr7_1b.sav,agr7_1b.sav,.sav,12681,36703,481fdbbd,not encrypted,file,not archive,dataset,data/interim/unpacked/kyrgyzstan/dataverse_files/depth_02/LiK_2016__e03a0c74/LiK16_IDSC-IZA/LiK16_data_spss/Agriculture/agr7_1b.sav,safe,already present; not overwritten
kyrgyzstan,kyrgyzstan-02-e03a0c7475d5,kyrgyzstan-01-58e70c17db2b,2,LiK16_IDSC-IZA/LiK16_data_spss/Agriculture/agr7_24.sav,agr7_24.sav,.sav,9528,40216,6f953ed7,not encrypted,file,not archive,dataset,data/interim/unpacked/kyrgyzstan/dataverse_files/depth_02/LiK_2016__e03a0c74/LiK16_IDSC-IZA/LiK16_data_spss/Agriculture/agr7_24.sav,safe,already present; not overwritten
kyrgyzstan,kyrgyzstan-02-e03a0c7475d5,kyrgyzstan-01-58e70c17db2b,2,LiK16_IDSC-IZA/LiK16_data_spss/Agriculture/agr7_2_4b.sav,agr7_2_4b.sav,.sav,9528,40216,6f953ed7,not encrypted,file,not archive,dataset,data/interim/unpacked/kyrgyzstan/dataverse_files/depth_02/LiK_2016__e03a0c74/LiK16_IDSC-IZA/LiK16_data_spss/Agriculture/agr7_2_4b.sav,safe,already present; not overwritten
kyrgyzstan,kyrgyzstan-02-e03a0c7475d5,kyrgyzstan-01-58e70c17db2b,2,LiK16_IDSC-IZA/LiK16_data_spss/Agriculture/agr7_3.sav,agr7_3.sav,.sav,25556,89228,916dd6bf,not encrypted,file,not archive,dataset,data/interim/unpacked/kyrgyzstan/dataverse_files/depth_02/LiK_2016__e03a0c74/LiK16_IDSC-IZA/LiK16_data_spss/Agriculture/agr7_3.sav,safe,already present; not overwritten
kyrgyzstan,kyrgyzstan-02-e03a0c7475d5,kyrgyzstan-01-58e70c17db2b,2,LiK16_IDSC-IZA/LiK16_data_spss/Agriculture/agr7_4.sav,agr7_4.sav,.sav,24706,76356,4750ae80,not encrypted,file,not archive,dataset,data/interim/unpacked/kyrgyzstan/dataverse_files/depth_02/LiK_2016__e03a0c74/LiK16_IDSC-IZA/LiK16_data_spss/Agriculture/agr7_4.sav,safe,already present; not overwritten
kyrgyzstan,kyrgyzstan-02-e03a0c7475d5,kyrgyzstan-01-58e70c17db2b,2,LiK16_IDSC-IZA/LiK16_data_spss/Community/cm1.sav,cm1.sav,.sav,15980,56096,ceefb873,not encrypted,file,not archive,dataset,data/interim/unpacked/kyrgyzstan/dataverse_files/depth_02/LiK_2016__e03a0c74/LiK16_IDSC-IZA/LiK16_data_spss/Community/cm1.sav,safe,already present; not overwritten
kyrgyzstan,kyrgyzstan-02-e03a0c7475d5,kyrgyzstan-01-58e70c17db2b,2,LiK16_IDSC-IZA/LiK16_data_spss/Community/cm_price.sav,cm_price.sav,.sav,26010,88242,76d63aca,not encrypted,file,not archive,dataset,data/interim/unpacked/kyrgyzstan/dataverse_files/depth_02/LiK_2016__e03a0c74/LiK16_IDSC-IZA/LiK16_data_spss/Community/cm_price.sav,safe,already present; not overwritten
kyrgyzstan,kyrgyzstan-02-e03a0c7475d5,kyrgyzstan-01-58e70c17db2b,2,LiK16_IDSC-IZA/LiK16_data_spss/Control/cc_hh.sav,cc_hh.sav,.sav,16010,94201,3c404599,not encrypted,file,not archive,dataset,data/interim/unpacked/kyrgyzstan/dataverse_files/depth_02/LiK_2016__e03a0c74/LiK16_IDSC-IZA/LiK16_data_spss/Control/cc_hh.sav,safe,already present; not overwritten
kyrgyzstan,kyrgyzstan-02-e03a0c7475d5,kyrgyzstan-01-58e70c17db2b,2,LiK16_IDSC-IZA/LiK16_data_spss/Control/cc_ind.sav,cc_ind.sav,.sav,155294,723553,fced2ff7,not encrypted,file,not archive,dataset,data/interim/unpacked/kyrgyzstan/dataverse_files/depth_02/LiK_2016__e03a0c74/LiK16_IDSC-IZA/LiK16_data_spss/Control/cc_ind.sav,safe,already present; not overwritten
kyrgyzstan,kyrgyzstan-02-e03a0c7475d5,kyrgyzstan-01-58e70c17db2b,2,LiK16_IDSC-IZA/LiK16_data_spss/Control/mroster1016_short.sav,mroster1016_short.sav,.sav,325492,1832698,d29386a2,not encrypted,file,not archive,dataset,data/interim/unpacked/kyrgyzstan/dataverse_files/depth_02/LiK_2016__e03a0c74/LiK16_IDSC-IZA/LiK16_data_spss/Control/mroster1016_short.sav,safe,already present; not overwritten
kyrgyzstan,kyrgyzstan-02-e03a0c7475d5,kyrgyzstan-01-58e70c17db2b,2,LiK16_IDSC-IZA/LiK16_data_spss/Household/hh0.sav,hh0.sav,.sav,51323,283511,7b41c6ff,not encrypted,file,not archive,dataset,data/interim/unpacked/kyrgyzstan/dataverse_files/depth_02/LiK_2016__e03a0c74/LiK16_IDSC-IZA/LiK16_data_spss/Household/hh0.sav,safe,already present; not overwritten
kyrgyzstan,kyrgyzstan-02-e03a0c7475d5,kyrgyzstan-01-58e70c17db2b,2,LiK16_IDSC-IZA/LiK16_data_spss/Household/hh1a.sav,hh1a.sav,.sav,103152,374066,2e774990,not encrypted,file,not archive,dataset,data/interim/unpacked/kyrgyzstan/dataverse_files/depth_02/LiK_2016__e03a0c74/LiK16_IDSC-IZA/LiK16_data_spss/Household/hh1a.sav,safe,already present; not overwritten
kyrgyzstan,kyrgyzstan-02-e03a0c7475d5,kyrgyzstan-01-58e70c17db2b,2,LiK16_IDSC-IZA/LiK16_data_spss/Household/hh1b.sav,hh1b.sav,.sav,35686,165214,5c17db25,not encrypted,file,not archive,dataset,data/interim/unpacked/kyrgyzstan/dataverse_files/depth_02/LiK_2016__e03a0c74/LiK16_IDSC-IZA/LiK16_data_spss/Household/hh1b.sav,safe,already present; not overwritten
kyrgyzstan,kyrgyzstan-02-e03a0c7475d5,kyrgyzstan-01-58e70c17db2b,2,LiK16_IDSC-IZA/LiK16_data_spss/Household/hh1c.sav,hh1c.sav,.sav,17780,45852,31663a50,not encrypted,file,not archive,dataset,data/interim/unpacked/kyrgyzstan/dataverse_files/depth_02/LiK_2016__e03a0c74/LiK16_IDSC-IZA/LiK16_data_spss/Household/hh1c.sav,safe,already present; not overwritten
kyrgyzstan,kyrgyzstan-02-e03a0c7475d5,kyrgyzstan-01-58e70c17db2b,2,LiK16_IDSC-IZA/LiK16_data_spss/Household/hh1d.sav,hh1d.sav,.sav,21642,89782,23d52397,not encrypted,file,not archive,dataset,data/interim/unpacked/kyrgyzstan/dataverse_files/depth_02/LiK_2016__e03a0c74/LiK16_IDSC-IZA/LiK16_data_spss/Household/hh1d.sav,safe,already present; not overwritten
kyrgyzstan,kyrgyzstan-02-e03a0c7475d5,kyrgyzstan-01-58e70c17db2b,2,LiK16_IDSC-IZA/LiK16_data_spss/Household/hh2a.sav,hh2a.sav,.sav,38641,212076,a9d5526f,not encrypted,file,not archive,dataset,data/interim/unpacked/kyrgyzstan/dataverse_files/depth_02/LiK_2016__e03a0c74/LiK16_IDSC-IZA/LiK16_data_spss/Household/hh2a.sav,safe,already present; not overwritten
kyrgyzstan,kyrgyzstan-02-e03a0c7475d5,kyrgyzstan-01-58e70c17db2b,2,LiK16_IDSC-IZA/LiK16_data_spss/Household/hh2b.sav,hh2b.sav,.sav,156303,697308,92b03d07,not encrypted,file,not archive,dataset,data/interim/unpacked/kyrgyzstan/dataverse_files/depth_02/LiK_2016__e03a0c74/LiK16_IDSC-IZA/LiK16_data_spss/Household/hh2b.sav,safe,already present; not overwritten
kyrgyzstan,kyrgyzstan-02-e03a0c7475d5,kyrgyzstan-01-58e70c17db2b,2,LiK16_IDSC-IZA/LiK16_data_spss/Household/hh2d.sav,hh2d.sav,.sav,13181,99780,eb3c84fb,not encrypted,file,not archive,dataset,data/interim/unpacked/kyrgyzstan/dataverse_files/depth_02/LiK_2016__e03a0c74/LiK16_IDSC-IZA/LiK16_data_spss/Household/hh2d.sav,safe,already present; not overwritten
kyrgyzstan,kyrgyzstan-02-e03a0c7475d5,kyrgyzstan-01-58e70c17db2b,2,LiK16_IDSC-IZA/LiK16_data_spss/Household/hh4a.sav,hh4a.sav,.sav,462279,1618818,f1c02657,not encrypted,file,not archive,dataset,data/interim/unpacked/kyrgyzstan/dataverse_files/depth_02/LiK_2016__e03a0c74/LiK16_IDSC-IZA/LiK16_data_spss/Household/hh4a.sav,safe,already present; not overwritten
kyrgyzstan,kyrgyzstan-02-e03a0c7475d5,kyrgyzstan-01-58e70c17db2b,2,LiK16_IDSC-IZA/LiK16_data_spss/Household/hh4b.sav,hh4b.sav,.sav,152562,766558,ef347fe4,not encrypted,file,not archive,dataset,data/interim/unpacked/kyrgyzstan/dataverse_files/depth_02/LiK_2016__e03a0c74/LiK16_IDSC-IZA/LiK16_data_spss/Household/hh4b.sav,safe,already present; not overwritten
kyrgyzstan,kyrgyzstan-02-e03a0c7475d5,kyrgyzstan-01-58e70c17db2b,2,LiK16_IDSC-IZA/LiK16_data_spss/Household/hh4c.sav,hh4c.sav,.sav,66792,344014,e085db8d,not encrypted,file,not archive,dataset,data/interim/unpacked/kyrgyzstan/dataverse_files/depth_02/LiK_2016__e03a0c74/LiK16_IDSC-IZA/LiK16_data_spss/Household/hh4c.sav,safe,already present; not overwritten
kyrgyzstan,kyrgyzstan-02-e03a0c7475d5,kyrgyzstan-01-58e70c17db2b,2,LiK16_IDSC-IZA/LiK16_data_spss/Household/hh5a.sav,hh5a.sav,.sav,21339,93904,d34d61cf,not encrypted,file,not archive,dataset,data/interim/unpacked/kyrgyzstan/dataverse_files/depth_02/LiK_2016__e03a0c74/LiK16_IDSC-IZA/LiK16_data_spss/Household/hh5a.sav,safe,already present; not overwritten
kyrgyzstan,kyrgyzstan-02-e03a0c7475d5,kyrgyzstan-01-58e70c17db2b,2,LiK16_IDSC-IZA/LiK16_data_spss/Household/hh5b.sav,hh5b.sav,.sav,8345,30618,dcd34605,not encrypted,file,not archive,dataset,data/interim/unpacked/kyrgyzstan/dataverse_files/depth_02/LiK_2016__e03a0c74/LiK16_IDSC-IZA/LiK16_data_spss/Household/hh5b.sav,safe,already present; not overwritten
kyrgyzstan,kyrgyzstan-02-e03a0c7475d5,kyrgyzstan-01-58e70c17db2b,2,LiK16_IDSC-IZA/LiK16_data_spss/Household/hh6a.sav,hh6a.sav,.sav,8657,34770,1fe550a3,not encrypted,file,not archive,dataset,data/interim/unpacked/kyrgyzstan/dataverse_files/depth_02/LiK_2016__e03a0c74/LiK16_IDSC-IZA/LiK16_data_spss/Household/hh6a.sav,safe,already present; not overwritten
kyrgyzstan,kyrgyzstan-02-e03a0c7475d5,kyrgyzstan-01-58e70c17db2b,2,LiK16_IDSC-IZA/LiK16_data_spss/Household/hh6b.sav,hh6b.sav,.sav,7123,25840,e52e8f87,not encrypted,file,not archive,dataset,data/interim/unpacked/kyrgyzstan/dataverse_files/depth_02/LiK_2016__e03a0c74/LiK16_IDSC-IZA/LiK16_data_spss/Household/hh6b.sav,safe,already present; not overwritten
kyrgyzstan,kyrgyzstan-02-e03a0c7475d5,kyrgyzstan-01-58e70c17db2b,2,LiK16_IDSC-IZA/LiK16_data_spss/Household/hh7.sav,hh7.sav,.sav,12714,94888,2886c11f,not encrypted,file,not archive,dataset,data/interim/unpacked/kyrgyzstan/dataverse_files/depth_02/LiK_2016__e03a0c74/LiK16_IDSC-IZA/LiK16_data_spss/Household/hh7.sav,safe,already present; not overwritten
kyrgyzstan,kyrgyzstan-02-e03a0c7475d5,kyrgyzstan-01-58e70c17db2b,2,LiK16_IDSC-IZA/LiK16_data_spss/Individual/id0.sav,id0.sav,.sav,120227,605610,19916547,not encrypted,file,not archive,dataset,data/interim/unpacked/kyrgyzstan/dataverse_files/depth_02/LiK_2016__e03a0c74/LiK16_IDSC-IZA/LiK16_data_spss/Individual/id0.sav,safe,already present; not overwritten
kyrgyzstan,kyrgyzstan-02-e03a0c7475d5,kyrgyzstan-01-58e70c17db2b,2,LiK16_IDSC-IZA/LiK16_data_spss/Individual/id1.sav,id1.sav,.sav,78133,204482,86223e11,not encrypted,file,not archive,dataset,data/interim/unpacked/kyrgyzstan/dataverse_files/depth_02/LiK_2016__e03a0c74/LiK16_IDSC-IZA/LiK16_data_spss/Individual/id1.sav,safe,already present; not overwritten
kyrgyzstan,kyrgyzstan-02-e03a0c7475d5,kyrgyzstan-01-58e70c17db2b,2,LiK16_IDSC-IZA/LiK16_data_spss/Individual/id2a.sav,id2a.sav,.sav,57892,376746,5cea97a7,not encrypted,file,not archive,dataset,data/interim/unpacked/kyrgyzstan/dataverse_files/depth_02/LiK_2016__e03a0c74/LiK16_IDSC-IZA/LiK16_data_spss/Individual/id2a.sav,safe,already present; not overwritten
kyrgyzstan,kyrgyzstan-02-e03a0c7475d5,kyrgyzstan-01-58e70c17db2b,2,LiK16_IDSC-IZA/LiK16_data_spss/Individual/id2b.sav,id2b.sav,.sav,118233,607358,0ba54bab,not encrypted,file,not archive,dataset,data/interim/unpacked/kyrgyzstan/dataverse_files/depth_02/LiK_2016__e03a0c74/LiK16_IDSC-IZA/LiK16_data_spss/Individual/id2b.sav,safe,already present; not overwritten
kyrgyzstan,kyrgyzstan-02-e03a0c7475d5,kyrgyzstan-01-58e70c17db2b,2,LiK16_IDSC-IZA/LiK16_data_spss/Individual/id3.sav,id3.sav,.sav,158463,1178236,47b1927d,not encrypted,file,not archive,dataset,data/interim/unpacked/kyrgyzstan/dataverse_files/depth_02/LiK_2016__e03a0c74/LiK16_IDSC-IZA/LiK16_data_spss/Individual/id3.sav,safe,already present; not overwritten
kyrgyzstan,kyrgyzstan-02-e03a0c7475d5,kyrgyzstan-01-58e70c17db2b,2,LiK16_IDSC-IZA/LiK16_data_spss/Individual/id3d.sav,id3d.sav,.sav,46428,217100,c50ad627,not encrypted,file,not archive,dataset,data/interim/unpacked/kyrgyzstan/dataverse_files/depth_02/LiK_2016__e03a0c74/LiK16_IDSC-IZA/LiK16_data_spss/Individual/id3d.sav,safe,already present; not overwritten
kyrgyzstan,kyrgyzstan-02-e03a0c7475d5,kyrgyzstan-01-58e70c17db2b,2,LiK16_IDSC-IZA/LiK16_data_spss/Individual/id3e.sav,id3e.sav,.sav,53035,259774,6f9cc307,not encrypted,file,not archive,dataset,data/interim/unpacked/kyrgyzstan/dataverse_files/depth_02/LiK_2016__e03a0c74/LiK16_IDSC-IZA/LiK16_data_spss/Individual/id3e.sav,safe,already present; not overwritten
kyrgyzstan,kyrgyzstan-02-e03a0c7475d5,kyrgyzstan-01-58e70c17db2b,2,LiK16_IDSC-IZA/LiK16_data_spss/Individual/id4.sav,id4.sav,.sav,45279,252740,0c1952bf,not encrypted,file,not archive,dataset,data/interim/unpacked/kyrgyzstan/dataverse_files/depth_02/LiK_2016__e03a0c74/LiK16_IDSC-IZA/LiK16_data_spss/Individual/id4.sav,safe,already present; not overwritten
kyrgyzstan,kyrgyzstan-02-e03a0c7475d5,kyrgyzstan-01-58e70c17db2b,2,LiK16_IDSC-IZA/LiK16_data_spss/Individual/id5.sav,id5.sav,.sav,136303,530678,2597c72f,not encrypted,file,not archive,dataset,data/interim/unpacked/kyrgyzstan/dataverse_files/depth_02/LiK_2016__e03a0c74/LiK16_IDSC-IZA/LiK16_data_spss/Individual/id5.sav,safe,already present; not overwritten
kyrgyzstan,kyrgyzstan-02-e03a0c7475d5,kyrgyzstan-01-58e70c17db2b,2,LiK16_IDSC-IZA/LiK16_data_spss/Individual/id5_504.sav,id5_504.sav,.sav,266864,1123054,29440483,not encrypted,file,not archive,dataset,data/interim/unpacked/kyrgyzstan/dataverse_files/depth_02/LiK_2016__e03a0c74/LiK16_IDSC-IZA/LiK16_data_spss/Individual/id5_504.sav,safe,already present; not overwritten
kyrgyzstan,kyrgyzstan-02-e03a0c7475d5,kyrgyzstan-01-58e70c17db2b,2,LiK16_IDSC-IZA/LiK16_data_spss/Individual/id6.sav,id6.sav,.sav,148426,496146,fe51fc0f,not encrypted,file,not archive,dataset,data/interim/unpacked/kyrgyzstan/dataverse_files/depth_02/LiK_2016__e03a0c74/LiK16_IDSC-IZA/LiK16_data_spss/Individual/id6.sav,safe,already present; not overwritten
kyrgyzstan,kyrgyzstan-02-e03a0c7475d5,kyrgyzstan-01-58e70c17db2b,2,LiK16_IDSC-IZA/LiK16_data_spss/Individual/id7.sav,id7.sav,.sav,76741,344786,dbc3ac44,not encrypted,file,not archive,dataset,data/interim/unpacked/kyrgyzstan/dataverse_files/depth_02/LiK_2016__e03a0c74/LiK16_IDSC-IZA/LiK16_data_spss/Individual/id7.sav,safe,already present; not overwritten
kyrgyzstan,kyrgyzstan-02-e03a0c7475d5,kyrgyzstan-01-58e70c17db2b,2,LiK16_IDSC-IZA/LiK16_data_spss/Individual/id7_715.sav,id7_715.sav,.sav,266622,937244,9735f460,not encrypted,file,not archive,dataset,data/interim/unpacked/kyrgyzstan/dataverse_files/depth_02/LiK_2016__e03a0c74/LiK16_IDSC-IZA/LiK16_data_spss/Individual/id7_715.sav,safe,already present; not overwritten
kyrgyzstan,kyrgyzstan-02-e03a0c7475d5,kyrgyzstan-01-58e70c17db2b,2,LiK16_IDSC-IZA/LiK16_data_spss/Individual/id8.sav,id8.sav,.sav,260487,1423346,47f36b16,not encrypted,file,not archive,dataset,data/interim/unpacked/kyrgyzstan/dataverse_files/depth_02/LiK_2016__e03a0c74/LiK16_IDSC-IZA/LiK16_data_spss/Individual/id8.sav,safe,already present; not overwritten
kyrgyzstan,kyrgyzstan-02-e03a0c7475d5,kyrgyzstan-01-58e70c17db2b,2,LiK16_IDSC-IZA/LiK16_data_stata/Agriculture/agr0.dta,agr0.dta,.dta,26771,133965,7ad66518,not encrypted,file,not archive,dataset,data/interim/unpacked/kyrgyzstan/dataverse_files/depth_02/LiK_2016__e03a0c74/LiK16_IDSC-IZA/LiK16_data_stata/Agriculture/agr0.dta,safe,already present; not overwritten
kyrgyzstan,kyrgyzstan-02-e03a0c7475d5,kyrgyzstan-01-58e70c17db2b,2,LiK16_IDSC-IZA/LiK16_data_stata/Agriculture/agr1.dta,agr1.dta,.dta,5704,14103,a3277b3b,not encrypted,file,not archive,dataset,data/interim/unpacked/kyrgyzstan/dataverse_files/depth_02/LiK_2016__e03a0c74/LiK16_IDSC-IZA/LiK16_data_stata/Agriculture/agr1.dta,safe,already present; not overwritten
kyrgyzstan,kyrgyzstan-02-e03a0c7475d5,kyrgyzstan-01-58e70c17db2b,2,LiK16_IDSC-IZA/LiK16_data_stata/Agriculture/agr10_1.dta,agr10_1.dta,.dta,5590,32413,f6ae869e,not encrypted,file,not archive,dataset,data/interim/unpacked/kyrgyzstan/dataverse_files/depth_02/LiK_2016__e03a0c74/LiK16_IDSC-IZA/LiK16_data_stata/Agriculture/agr10_1.dta,safe,already present; not overwritten
kyrgyzstan,kyrgyzstan-02-e03a0c7475d5,kyrgyzstan-01-58e70c17db2b,2,LiK16_IDSC-IZA/LiK16_data_stata/Agriculture/agr10_1a.dta,agr10_1a.dta,.dta,4147,14268,e1cf8413,not encrypted,file,not archive,dataset,data/interim/unpacked/kyrgyzstan/dataverse_files/depth_02/LiK_2016__e03a0c74/LiK16_IDSC-IZA/LiK16_data_stata/Agriculture/agr10_1a.dta,safe,already present; not overwritten
kyrgyzstan,kyrgyzstan-02-e03a0c7475d5,kyrgyzstan-01-58e70c17db2b,2,LiK16_IDSC-IZA/LiK16_data_stata/Agriculture/agr10_3.dta,agr10_3.dta,.dta,61697,288075,b6c8cfac,not encrypted,file,not archive,dataset,data/interim/unpacked/kyrgyzstan/dataverse_files/depth_02/LiK_2016__e03a0c74/LiK16_IDSC-IZA/LiK16_data_stata/Agriculture/agr10_3.dta,safe,already present; not overwritten
kyrgyzstan,kyrgyzstan-02-e03a0c7475d5,kyrgyzstan-01-58e70c17db2b,2,LiK16_IDSC-IZA/LiK16_data_stata/Agriculture/agr11.dta,agr11.dta,.dta,6395,45419,292782f2,not encrypted,file,not archive,dataset,data/interim/unpacked/kyrgyzstan/dataverse_files/depth_02/LiK_2016__e03a0c74/LiK16_IDSC-IZA/LiK16_data_stata/Agriculture/agr11.dta,safe,already present; not overwritten
kyrgyzstan,kyrgyzstan-02-e03a0c7475d5,kyrgyzstan-01-58e70c17db2b,2,LiK16_IDSC-IZA/LiK16_data_stata/Agriculture/agr2_234.dta,agr2_234.dta,.dta,42999,270148,c7d873a3,not encrypted,file,not archive,dataset,data/interim/unpacked/kyrgyzstan/dataverse_files/depth_02/LiK_2016__e03a0c74/LiK16_IDSC-IZA/LiK16_data_stata/Agriculture/agr2_234.dta,safe,already present; not overwritten
kyrgyzstan,kyrgyzstan-02-e03a0c7475d5,kyrgyzstan-01-58e70c17db2b,2,LiK16_IDSC-IZA/LiK16_data_stata/Agriculture/agr2_5.dta,agr2_5.dta,.dta,48664,353580,12b6f30b,not encrypted,file,not archive,dataset,data/interim/unpacked/kyrgyzstan/dataverse_files/depth_02/LiK_2016__e03a0c74/LiK16_IDSC-IZA/LiK16_data_stata/Agriculture/agr2_5.dta,safe,already present; not overwritten
kyrgyzstan,kyrgyzstan-02-e03a0c7475d5,kyrgyzstan-01-58e70c17db2b,2,LiK16_IDSC-IZA/LiK16_data_stata/Agriculture/agr2_6.dta,agr2_6.dta,.dta,9814,43727,ab4601fb,not encrypted,file,not archive,dataset,data/interim/unpacked/kyrgyzstan/dataverse_files/depth_02/LiK_2016__e03a0c74/LiK16_IDSC-IZA/LiK16_data_stata/Agriculture/agr2_6.dta,safe,already present; not overwritten
kyrgyzstan,kyrgyzstan-02-e03a0c7475d5,kyrgyzstan-01-58e70c17db2b,2,LiK16_IDSC-IZA/LiK16_data_stata/Agriculture/agr3.dta,agr3.dta,.dta,5983,14618,0880a101,not encrypted,file,not archive,dataset,data/interim/unpacked/kyrgyzstan/dataverse_files/depth_02/LiK_2016__e03a0c74/LiK16_IDSC-IZA/LiK16_data_stata/Agriculture/agr3.dta,safe,already present; not overwritten
kyrgyzstan,kyrgyzstan-02-e03a0c7475d5,kyrgyzstan-01-58e70c17db2b,2,LiK16_IDSC-IZA/LiK16_data_stata/Agriculture/agr7_1a.dta,agr7_1a.dta,.dta,27822,124261,0ea5444d,not encrypted,file,not archive,dataset,data/interim/unpacked/kyrgyzstan/dataverse_files/depth_02/LiK_2016__e03a0c74/LiK16_IDSC-IZA/LiK16_data_stata/Agriculture/agr7_1a.dta,safe,already present; not overwritten
kyrgyzstan,kyrgyzstan-02-e03a0c7475d5,kyrgyzstan-01-58e70c17db2b,2,LiK16_IDSC-IZA/LiK16_data_stata/Agriculture/agr7_1b.dta,agr7_1b.dta,.dta,9499,27083,1729ef74,not encrypted,file,not archive,dataset,data/interim/unpacked/kyrgyzstan/dataverse_files/depth_02/LiK_2016__e03a0c74/LiK16_IDSC-IZA/LiK16_data_stata/Agriculture/agr7_1b.dta,safe,already present; not overwritten
kyrgyzstan,kyrgyzstan-02-e03a0c7475d5,kyrgyzstan-01-58e70c17db2b,2,LiK16_IDSC-IZA/LiK16_data_stata/Agriculture/agr7_24.dta,agr7_24.dta,.dta,7275,33956,e6b48818,not encrypted,file,not archive,dataset,data/interim/unpacked/kyrgyzstan/dataverse_files/depth_02/LiK_2016__e03a0c74/LiK16_IDSC-IZA/LiK16_data_stata/Agriculture/agr7_24.dta,safe,already present; not overwritten
kyrgyzstan,kyrgyzstan-02-e03a0c7475d5,kyrgyzstan-01-58e70c17db2b,2,LiK16_IDSC-IZA/LiK16_data_stata/Agriculture/agr7_2_4b.dta,agr7_2_4b.dta,.dta,6979,33372,2531255a,not encrypted,file,not archive,dataset,data/interim/unpacked/kyrgyzstan/dataverse_files/depth_02/LiK_2016__e03a0c74/LiK16_IDSC-IZA/LiK16_data_stata/Agriculture/agr7_2_4b.dta,safe,already present; not overwritten
kyrgyzstan,kyrgyzstan-02-e03a0c7475d5,kyrgyzstan-01-58e70c17db2b,2,LiK16_IDSC-IZA/LiK16_data_stata/Agriculture/agr7_3.dta,agr7_3.dta,.dta,22674,111557,408d6efd,not encrypted,file,not archive,dataset,data/interim/unpacked/kyrgyzstan/dataverse_files/depth_02/LiK_2016__e03a0c74/LiK16_IDSC-IZA/LiK16_data_stata/Agriculture/agr7_3.dta,safe,already present; not overwritten
kyrgyzstan,kyrgyzstan-02-e03a0c7475d5,kyrgyzstan-01-58e70c17db2b,2,LiK16_IDSC-IZA/LiK16_data_stata/Agriculture/agr7_4.dta,agr7_4.dta,.dta,18993,72197,861ebdf9,not encrypted,file,not archive,dataset,data/interim/unpacked/kyrgyzstan/dataverse_files/depth_02/LiK_2016__e03a0c74/LiK16_IDSC-IZA/LiK16_data_stata/Agriculture/agr7_4.dta,safe,already present; not overwritten
kyrgyzstan,kyrgyzstan-02-e03a0c7475d5,kyrgyzstan-01-58e70c17db2b,2,LiK16_IDSC-IZA/LiK16_data_stata/Community/cm1.dta,cm1.dta,.dta,16554,89248,c2378984,not encrypted,file,not archive,dataset,data/interim/unpacked/kyrgyzstan/dataverse_files/depth_02/LiK_2016__e03a0c74/LiK16_IDSC-IZA/LiK16_data_stata/Community/cm1.dta,safe,already present; not overwritten
kyrgyzstan,kyrgyzstan-02-e03a0c7475d5,kyrgyzstan-01-58e70c17db2b,2,LiK16_IDSC-IZA/LiK16_data_stata/Community/cm_price.dta,cm_price.dta,.dta,21631,61620,f6dec26c,not encrypted,file,not archive,dataset,data/interim/unpacked/kyrgyzstan/dataverse_files/depth_02/LiK_2016__e03a0c74/LiK16_IDSC-IZA/LiK16_data_stata/Community/cm_price.dta,safe,already present; not overwritten
kyrgyzstan,kyrgyzstan-02-e03a0c7475d5,kyrgyzstan-01-58e70c17db2b,2,LiK16_IDSC-IZA/LiK16_data_stata/Control/cc_hh.dta,cc_hh.dta,.dta,11383,44717,2d6f0ac0,not encrypted,file,not archive,dataset,data/interim/unpacked/kyrgyzstan/dataverse_files/depth_02/LiK_2016__e03a0c74/LiK16_IDSC-IZA/LiK16_data_stata/Control/cc_hh.dta,safe,already present; not overwritten
kyrgyzstan,kyrgyzstan-02-e03a0c7475d5,kyrgyzstan-01-58e70c17db2b,2,LiK16_IDSC-IZA/LiK16_data_stata/Control/cc_ind.dta,cc_ind.dta,.dta,97974,377596,ed3da713,not encrypted,file,not archive,dataset,data/interim/unpacked/kyrgyzstan/dataverse_files/depth_02/LiK_2016__e03a0c74/LiK16_IDSC-IZA/LiK16_data_stata/Control/cc_ind.dta,safe,already present; not overwritten
kyrgyzstan,kyrgyzstan-02-e03a0c7475d5,kyrgyzstan-01-58e70c17db2b,2,LiK16_IDSC-IZA/LiK16_data_stata/Control/mroster1016_short.dta,mroster1016_short.dta,.dta,219098,843081,b8462983,not encrypted,file,not archive,dataset,data/interim/unpacked/kyrgyzstan/dataverse_files/depth_02/LiK_2016__e03a0c74/LiK16_IDSC-IZA/LiK16_data_stata/Control/mroster1016_short.dta,safe,already present; not overwritten
kyrgyzstan,kyrgyzstan-02-e03a0c7475d5,kyrgyzstan-01-58e70c17db2b,2,LiK16_IDSC-IZA/LiK16_data_stata/Household/hh0.dta,hh0.dta,.dta,39547,267844,ed8b8a4c,not encrypted,file,not archive,dataset,data/interim/unpacked/kyrgyzstan/dataverse_files/depth_02/LiK_2016__e03a0c74/LiK16_IDSC-IZA/LiK16_data_stata/Household/hh0.dta,safe,already present; not overwritten
kyrgyzstan,kyrgyzstan-02-e03a0c7475d5,kyrgyzstan-01-58e70c17db2b,2,LiK16_IDSC-IZA/LiK16_data_stata/Household/hh1a.dta,hh1a.dta,.dta,78776,189712,91677962,not encrypted,file,not archive,dataset,data/interim/unpacked/kyrgyzstan/dataverse_files/depth_02/LiK_2016__e03a0c74/LiK16_IDSC-IZA/LiK16_data_stata/Household/hh1a.dta,safe,already present; not overwritten
kyrgyzstan,kyrgyzstan-02-e03a0c7475d5,kyrgyzstan-01-58e70c17db2b,2,LiK16_IDSC-IZA/LiK16_data_stata/Household/hh1b.dta,hh1b.dta,.dta,31405,104099,299250cf,not encrypted,file,not archive,dataset,data/interim/unpacked/kyrgyzstan/dataverse_files/depth_02/LiK_2016__e03a0c74/LiK16_IDSC-IZA/LiK16_data_stata/Household/hh1b.dta,safe,already present; not overwritten
kyrgyzstan,kyrgyzstan-02-e03a0c7475d5,kyrgyzstan-01-58e70c17db2b,2,LiK16_IDSC-IZA/LiK16_data_stata/Household/hh1c.dta,hh1c.dta,.dta,13911,43322,d2437c07,not encrypted,file,not archive,dataset,data/interim/unpacked/kyrgyzstan/dataverse_files/depth_02/LiK_2016__e03a0c74/LiK16_IDSC-IZA/LiK16_data_stata/Household/hh1c.dta,safe,already present; not overwritten
kyrgyzstan,kyrgyzstan-02-e03a0c7475d5,kyrgyzstan-01-58e70c17db2b,2,LiK16_IDSC-IZA/LiK16_data_stata/Household/hh1d.dta,hh1d.dta,.dta,17238,60272,d665f6ad,not encrypted,file,not archive,dataset,data/interim/unpacked/kyrgyzstan/dataverse_files/depth_02/LiK_2016__e03a0c74/LiK16_IDSC-IZA/LiK16_data_stata/Household/hh1d.dta,safe,already present; not overwritten
kyrgyzstan,kyrgyzstan-02-e03a0c7475d5,kyrgyzstan-01-58e70c17db2b,2,LiK16_IDSC-IZA/LiK16_data_stata/Household/hh2a.dta,hh2a.dta,.dta,29019,157622,d2da46a0,not encrypted,file,not archive,dataset,data/interim/unpacked/kyrgyzstan/dataverse_files/depth_02/LiK_2016__e03a0c74/LiK16_IDSC-IZA/LiK16_data_stata/Household/hh2a.dta,safe,already present; not overwritten
kyrgyzstan,kyrgyzstan-02-e03a0c7475d5,kyrgyzstan-01-58e70c17db2b,2,LiK16_IDSC-IZA/LiK16_data_stata/Household/hh2b.dta,hh2b.dta,.dta,112695,339391,3c65f118,not encrypted,file,not archive,dataset,data/interim/unpacked/kyrgyzstan/dataverse_files/depth_02/LiK_2016__e03a0c74/LiK16_IDSC-IZA/LiK16_data_stata/Household/hh2b.dta,safe,already present; not overwritten
kyrgyzstan,kyrgyzstan-02-e03a0c7475d5,kyrgyzstan-01-58e70c17db2b,2,LiK16_IDSC-IZA/LiK16_data_stata/Household/hh2d.dta,hh2d.dta,.dta,11080,95383,53aeb2eb,not encrypted,file,not archive,dataset,data/interim/unpacked/kyrgyzstan/dataverse_files/depth_02/LiK_2016__e03a0c74/LiK16_IDSC-IZA/LiK16_data_stata/Household/hh2d.dta,safe,already present; not overwritten
kyrgyzstan,kyrgyzstan-02-e03a0c7475d5,kyrgyzstan-01-58e70c17db2b,2,LiK16_IDSC-IZA/LiK16_data_stata/Household/hh4a.dta,hh4a.dta,.dta,343731,1750823,a8205af5,not encrypted,file,not archive,dataset,data/interim/unpacked/kyrgyzstan/dataverse_files/depth_02/LiK_2016__e03a0c74/LiK16_IDSC-IZA/LiK16_data_stata/Household/hh4a.dta,safe,already present; not overwritten
kyrgyzstan,kyrgyzstan-02-e03a0c7475d5,kyrgyzstan-01-58e70c17db2b,2,LiK16_IDSC-IZA/LiK16_data_stata/Household/hh4b.dta,hh4b.dta,.dta,130718,320825,b61f809a,not encrypted,file,not archive,dataset,data/interim/unpacked/kyrgyzstan/dataverse_files/depth_02/LiK_2016__e03a0c74/LiK16_IDSC-IZA/LiK16_data_stata/Household/hh4b.dta,safe,already present; not overwritten
kyrgyzstan,kyrgyzstan-02-e03a0c7475d5,kyrgyzstan-01-58e70c17db2b,2,LiK16_IDSC-IZA/LiK16_data_stata/Household/hh4c.dta,hh4c.dta,.dta,54318,338702,782db1e2,not encrypted,file,not archive,dataset,data/interim/unpacked/kyrgyzstan/dataverse_files/depth_02/LiK_2016__e03a0c74/LiK16_IDSC-IZA/LiK16_data_stata/Household/hh4c.dta,safe,already present; not overwritten
kyrgyzstan,kyrgyzstan-02-e03a0c7475d5,kyrgyzstan-01-58e70c17db2b,2,LiK16_IDSC-IZA/LiK16_data_stata/Household/hh5a.dta,hh5a.dta,.dta,17506,39076,77a11d13,not encrypted,file,not archive,dataset,data/interim/unpacked/kyrgyzstan/dataverse_files/depth_02/LiK_2016__e03a0c74/LiK16_IDSC-IZA/LiK16_data_stata/Household/hh5a.dta,safe,already present; not overwritten
kyrgyzstan,kyrgyzstan-02-e03a0c7475d5,kyrgyzstan-01-58e70c17db2b,2,LiK16_IDSC-IZA/LiK16_data_stata/Household/hh5b.dta,hh5b.dta,.dta,6856,13781,02eed30a,not encrypted,file,not archive,dataset,data/interim/unpacked/kyrgyzstan/dataverse_files/depth_02/LiK_2016__e03a0c74/LiK16_IDSC-IZA/LiK16_data_stata/Household/hh5b.dta,safe,already present; not overwritten
kyrgyzstan,kyrgyzstan-02-e03a0c7475d5,kyrgyzstan-01-58e70c17db2b,2,LiK16_IDSC-IZA/LiK16_data_stata/Household/hh6a.dta,hh6a.dta,.dta,7037,30039,afcb51a3,not encrypted,file,not archive,dataset,data/interim/unpacked/kyrgyzstan/dataverse_files/depth_02/LiK_2016__e03a0c74/LiK16_IDSC-IZA/LiK16_data_stata/Household/hh6a.dta,safe,already present; not overwritten
kyrgyzstan,kyrgyzstan-02-e03a0c7475d5,kyrgyzstan-01-58e70c17db2b,2,LiK16_IDSC-IZA/LiK16_data_stata/Household/hh6b.dta,hh6b.dta,.dta,5516,25450,964d8abc,not encrypted,file,not archive,dataset,data/interim/unpacked/kyrgyzstan/dataverse_files/depth_02/LiK_2016__e03a0c74/LiK16_IDSC-IZA/LiK16_data_stata/Household/hh6b.dta,safe,already present; not overwritten
kyrgyzstan,kyrgyzstan-02-e03a0c7475d5,kyrgyzstan-01-58e70c17db2b,2,LiK16_IDSC-IZA/LiK16_data_stata/Household/hh7.dta,hh7.dta,.dta,10186,81131,5219d437,not encrypted,file,not archive,dataset,data/interim/unpacked/kyrgyzstan/dataverse_files/depth_02/LiK_2016__e03a0c74/LiK16_IDSC-IZA/LiK16_data_stata/Household/hh7.dta,safe,already present; not overwritten
kyrgyzstan,kyrgyzstan-02-e03a0c7475d5,kyrgyzstan-01-58e70c17db2b,2,LiK16_IDSC-IZA/LiK16_data_stata/Individual/id0.dta,id0.dta,.dta,98802,692178,77d3bacf,not encrypted,file,not archive,dataset,data/interim/unpacked/kyrgyzstan/dataverse_files/depth_02/LiK_2016__e03a0c74/LiK16_IDSC-IZA/LiK16_data_stata/Individual/id0.dta,safe,already present; not overwritten
kyrgyzstan,kyrgyzstan-02-e03a0c7475d5,kyrgyzstan-01-58e70c17db2b,2,LiK16_IDSC-IZA/LiK16_data_stata/Individual/id1.dta,id1.dta,.dta,67945,150045,2354c6f1,not encrypted,file,not archive,dataset,data/interim/unpacked/kyrgyzstan/dataverse_files/depth_02/LiK_2016__e03a0c74/LiK16_IDSC-IZA/LiK16_data_stata/Individual/id1.dta,safe,already present; not overwritten
kyrgyzstan,kyrgyzstan-02-e03a0c7475d5,kyrgyzstan-01-58e70c17db2b,2,LiK16_IDSC-IZA/LiK16_data_stata/Individual/id2a.dta,id2a.dta,.dta,48266,332229,b4c5f33a,not encrypted,file,not archive,dataset,data/interim/unpacked/kyrgyzstan/dataverse_files/depth_02/LiK_2016__e03a0c74/LiK16_IDSC-IZA/LiK16_data_stata/Individual/id2a.dta,safe,already present; not overwritten
kyrgyzstan,kyrgyzstan-02-e03a0c7475d5,kyrgyzstan-01-58e70c17db2b,2,LiK16_IDSC-IZA/LiK16_data_stata/Individual/id2b.dta,id2b.dta,.dta,93720,526250,f6656aa2,not encrypted,file,not archive,dataset,data/interim/unpacked/kyrgyzstan/dataverse_files/depth_02/LiK_2016__e03a0c74/LiK16_IDSC-IZA/LiK16_data_stata/Individual/id2b.dta,safe,already present; not overwritten
kyrgyzstan,kyrgyzstan-02-e03a0c7475d5,kyrgyzstan-01-58e70c17db2b,2,LiK16_IDSC-IZA/LiK16_data_stata/Individual/id3.dta,id3.dta,.dta,148055,1638095,095b68c3,not encrypted,file,not archive,dataset,data/interim/unpacked/kyrgyzstan/dataverse_files/depth_02/LiK_2016__e03a0c74/LiK16_IDSC-IZA/LiK16_data_stata/Individual/id3.dta,safe,already present; not overwritten
kyrgyzstan,kyrgyzstan-02-e03a0c7475d5,kyrgyzstan-01-58e70c17db2b,2,LiK16_IDSC-IZA/LiK16_data_stata/Individual/id3d.dta,id3d.dta,.dta,33220,153594,ef3495b4,not encrypted,file,not archive,dataset,data/interim/unpacked/kyrgyzstan/dataverse_files/depth_02/LiK_2016__e03a0c74/LiK16_IDSC-IZA/LiK16_data_stata/Individual/id3d.dta,safe,already present; not overwritten
kyrgyzstan,kyrgyzstan-02-e03a0c7475d5,kyrgyzstan-01-58e70c17db2b,2,LiK16_IDSC-IZA/LiK16_data_stata/Individual/id3e.dta,id3e.dta,.dta,37836,189901,d4dc5b5e,not encrypted,file,not archive,dataset,data/interim/unpacked/kyrgyzstan/dataverse_files/depth_02/LiK_2016__e03a0c74/LiK16_IDSC-IZA/LiK16_data_stata/Individual/id3e.dta,safe,already present; not overwritten
kyrgyzstan,kyrgyzstan-02-e03a0c7475d5,kyrgyzstan-01-58e70c17db2b,2,LiK16_IDSC-IZA/LiK16_data_stata/Individual/id4.dta,id4.dta,.dta,36384,215308,d3bd5131,not encrypted,file,not archive,dataset,data/interim/unpacked/kyrgyzstan/dataverse_files/depth_02/LiK_2016__e03a0c74/LiK16_IDSC-IZA/LiK16_data_stata/Individual/id4.dta,safe,already present; not overwritten
kyrgyzstan,kyrgyzstan-02-e03a0c7475d5,kyrgyzstan-01-58e70c17db2b,2,LiK16_IDSC-IZA/LiK16_data_stata/Individual/id5.dta,id5.dta,.dta,131172,479169,30cb9d00,not encrypted,file,not archive,dataset,data/interim/unpacked/kyrgyzstan/dataverse_files/depth_02/LiK_2016__e03a0c74/LiK16_IDSC-IZA/LiK16_data_stata/Individual/id5.dta,safe,already present; not overwritten
kyrgyzstan,kyrgyzstan-02-e03a0c7475d5,kyrgyzstan-01-58e70c17db2b,2,LiK16_IDSC-IZA/LiK16_data_stata/Individual/id5_504.dta,id5_504.dta,.dta,236423,563148,6b8cb92d,not encrypted,file,not archive,dataset,data/interim/unpacked/kyrgyzstan/dataverse_files/depth_02/LiK_2016__e03a0c74/LiK16_IDSC-IZA/LiK16_data_stata/Individual/id5_504.dta,safe,already present; not overwritten
kyrgyzstan,kyrgyzstan-02-e03a0c7475d5,kyrgyzstan-01-58e70c17db2b,2,LiK16_IDSC-IZA/LiK16_data_stata/Individual/id6.dta,id6.dta,.dta,130654,445914,ac1580d1,not encrypted,file,not archive,dataset,data/interim/unpacked/kyrgyzstan/dataverse_files/depth_02/LiK_2016__e03a0c74/LiK16_IDSC-IZA/LiK16_data_stata/Individual/id6.dta,safe,already present; not overwritten
kyrgyzstan,kyrgyzstan-02-e03a0c7475d5,kyrgyzstan-01-58e70c17db2b,2,LiK16_IDSC-IZA/LiK16_data_stata/Individual/id7.dta,id7.dta,.dta,66509,291718,1c1e3bf2,not encrypted,file,not archive,dataset,data/interim/unpacked/kyrgyzstan/dataverse_files/depth_02/LiK_2016__e03a0c74/LiK16_IDSC-IZA/LiK16_data_stata/Individual/id7.dta,safe,already present; not overwritten
kyrgyzstan,kyrgyzstan-02-e03a0c7475d5,kyrgyzstan-01-58e70c17db2b,2,LiK16_IDSC-IZA/LiK16_data_stata/Individual/id7_715.dta,id7_715.dta,.dta,215428,501449,87c16332,not encrypted,file,not archive,dataset,data/interim/unpacked/kyrgyzstan/dataverse_files/depth_02/LiK_2016__e03a0c74/LiK16_IDSC-IZA/LiK16_data_stata/Individual/id7_715.dta,safe,already present; not overwritten
kyrgyzstan,kyrgyzstan-02-e03a0c7475d5,kyrgyzstan-01-58e70c17db2b,2,LiK16_IDSC-IZA/LiK16_data_stata/Individual/id8.dta,id8.dta,.dta,255468,1462932,4edc192d,not encrypted,file,not archive,dataset,data/interim/unpacked/kyrgyzstan/dataverse_files/depth_02/LiK_2016__e03a0c74/LiK16_IDSC-IZA/LiK16_data_stata/Individual/id8.dta,safe,already present; not overwritten
kyrgyzstan,kyrgyzstan-02-e03a0c7475d5,kyrgyzstan-01-58e70c17db2b,2,LiK16_IDSC-IZA/~$K publications_Sep2019.docx,~$K publications_Sep2019.docx,.docx,101,162,c0b28db0,not encrypted,file,not archive,publication,data/interim/unpacked/kyrgyzstan/dataverse_files/depth_02/LiK_2016__e03a0c74/LiK16_IDSC-IZA/K_publications_Sep2019.docx,safe,already present; not overwritten
kyrgyzstan,kyrgyzstan-02-e244fdd87bf8,kyrgyzstan-01-58e70c17db2b,2,2010/docs/Codebook LiK10-11.pdf,Codebook LiK10-11.pdf,.pdf,64875,72354,0c6ecb43,not encrypted,file,not archive,codebook,data/interim/unpacked/kyrgyzstan/dataverse_files/depth_02/LIK_10_13_Docu__e244fdd8/2010/docs/Codebook_LiK10-11.pdf,safe,already present; not overwritten
kyrgyzstan,kyrgyzstan-02-e244fdd87bf8,kyrgyzstan-01-58e70c17db2b,2,2010/docs/Interviewers_manual_LiK10_Eng.pdf,Interviewers_manual_LiK10_Eng.pdf,.pdf,645721,709998,cc844afd,not encrypted,file,not archive,manual,data/interim/unpacked/kyrgyzstan/dataverse_files/depth_02/LIK_10_13_Docu__e244fdd8/2010/docs/Interviewers_manual_LiK10_Eng.pdf,safe,already present; not overwritten
kyrgyzstan,kyrgyzstan-02-e244fdd87bf8,kyrgyzstan-01-58e70c17db2b,2,2010/docs/Interviewers_manual_LiK10_Rus.pdf,Interviewers_manual_LiK10_Rus.pdf,.pdf,846088,921191,ab66650d,not encrypted,file,not archive,manual,data/interim/unpacked/kyrgyzstan/dataverse_files/depth_02/LIK_10_13_Docu__e244fdd8/2010/docs/Interviewers_manual_LiK10_Rus.pdf,safe,already present; not overwritten
kyrgyzstan,kyrgyzstan-02-e244fdd87bf8,kyrgyzstan-01-58e70c17db2b,2,2010/docs/Thumbs.db,Thumbs.db,.db,26676,37376,ab9183e2,not encrypted,file,not archive,other,data/interim/unpacked/kyrgyzstan/dataverse_files/depth_02/LIK_10_13_Docu__e244fdd8/2010/docs/Thumbs.db,safe,already present; not overwritten
kyrgyzstan,kyrgyzstan-02-e244fdd87bf8,kyrgyzstan-01-58e70c17db2b,2,2010/eng/1.Control_form_LiK10_Eng.pdf,1.Control_form_LiK10_Eng.pdf,.control_form_lik10_eng.pdf,98975,110571,f756b51a,not encrypted,file,not archive,questionnaire,data/interim/unpacked/kyrgyzstan/dataverse_files/depth_02/LIK_10_13_Docu__e244fdd8/2010/eng/1.Control_form_LiK10_Eng.pdf,safe,already present; not overwritten
kyrgyzstan,kyrgyzstan-02-e244fdd87bf8,kyrgyzstan-01-58e70c17db2b,2,2010/eng/2.Household_form_LiK10_Eng.pdf,2.Household_form_LiK10_Eng.pdf,.household_form_lik10_eng.pdf,495053,620933,9b55e569,not encrypted,file,not archive,questionnaire,data/interim/unpacked/kyrgyzstan/dataverse_files/depth_02/LIK_10_13_Docu__e244fdd8/2010/eng/2.Household_form_LiK10_Eng.pdf,safe,already present; not overwritten
kyrgyzstan,kyrgyzstan-02-e244fdd87bf8,kyrgyzstan-01-58e70c17db2b,2,2010/eng/3.Individual_form_LiK10_Eng.pdf,3.Individual_form_LiK10_Eng.pdf,.individual_form_lik10_eng.pdf,253451,267183,2a8482d8,not encrypted,file,not archive,questionnaire,data/interim/unpacked/kyrgyzstan/dataverse_files/depth_02/LIK_10_13_Docu__e244fdd8/2010/eng/3.Individual_form_LiK10_Eng.pdf,safe,already present; not overwritten
kyrgyzstan,kyrgyzstan-02-e244fdd87bf8,kyrgyzstan-01-58e70c17db2b,2,2010/eng/4.Community_form_LiK10_Eng.pdf,4.Community_form_LiK10_Eng.pdf,.community_form_lik10_eng.pdf,198286,228760,ebfaf932,not encrypted,file,not archive,questionnaire,data/interim/unpacked/kyrgyzstan/dataverse_files/depth_02/LIK_10_13_Docu__e244fdd8/2010/eng/4.Community_form_LiK10_Eng.pdf,safe,already present; not overwritten
kyrgyzstan,kyrgyzstan-02-e244fdd87bf8,kyrgyzstan-01-58e70c17db2b,2,2010/eng/5.Interviewers_manual_LiK10_Eng.pdf,5.Interviewers_manual_LiK10_Eng.pdf,.interviewers_manual_lik10_eng.pdf,645721,709998,cc844afd,not encrypted,file,not archive,manual,data/interim/unpacked/kyrgyzstan/dataverse_files/depth_02/LIK_10_13_Docu__e244fdd8/2010/eng/5.Interviewers_manual_LiK10_Eng.pdf,safe,already present; not overwritten
kyrgyzstan,kyrgyzstan-02-e244fdd87bf8,kyrgyzstan-01-58e70c17db2b,2,2010/eng/Thumbs.db,Thumbs.db,.db,24788,37888,b483c0ad,not encrypted,file,not archive,other,data/interim/unpacked/kyrgyzstan/dataverse_files/depth_02/LIK_10_13_Docu__e244fdd8/2010/eng/Thumbs.db,safe,already present; not overwritten
kyrgyzstan,kyrgyzstan-02-e244fdd87bf8,kyrgyzstan-01-58e70c17db2b,2,2010/kyr/2.Household_form_LiK10_Kyr.pdf,2.Household_form_LiK10_Kyr.pdf,.household_form_lik10_kyr.pdf,339755,560729,3a587465,not encrypted,file,not archive,questionnaire,data/interim/unpacked/kyrgyzstan/dataverse_files/depth_02/LIK_10_13_Docu__e244fdd8/2010/kyr/2.Household_form_LiK10_Kyr.pdf,safe,already present; not overwritten
kyrgyzstan,kyrgyzstan-02-e244fdd87bf8,kyrgyzstan-01-58e70c17db2b,2,2010/kyr/3.Individual_form_LiK10_Kyr.pdf,3.Individual_form_LiK10_Kyr.pdf,.individual_form_lik10_kyr.pdf,336717,553679,f2eaf779,not encrypted,file,not archive,questionnaire,data/interim/unpacked/kyrgyzstan/dataverse_files/depth_02/LIK_10_13_Docu__e244fdd8/2010/kyr/3.Individual_form_LiK10_Kyr.pdf,safe,already present; not overwritten
kyrgyzstan,kyrgyzstan-02-e244fdd87bf8,kyrgyzstan-01-58e70c17db2b,2,2010/kyr/4.Community_form_LiK10_Kyr.pdf,4.Community_form_LiK10_Kyr.pdf,.community_form_lik10_kyr.pdf,157280,234601,1cd963c6,not encrypted,file,not archive,questionnaire,data/interim/unpacked/kyrgyzstan/dataverse_files/depth_02/LIK_10_13_Docu__e244fdd8/2010/kyr/4.Community_form_LiK10_Kyr.pdf,safe,already present; not overwritten
kyrgyzstan,kyrgyzstan-02-e244fdd87bf8,kyrgyzstan-01-58e70c17db2b,2,2010/kyr/Thumbs.db,Thumbs.db,.db,32457,45056,05444c46,not encrypted,file,not archive,other,data/interim/unpacked/kyrgyzstan/dataverse_files/depth_02/LIK_10_13_Docu__e244fdd8/2010/kyr/Thumbs.db,safe,already present; not overwritten
kyrgyzstan,kyrgyzstan-02-e244fdd87bf8,kyrgyzstan-01-58e70c17db2b,2,2010/rus/1.Control_form_LiK10_Rus.pdf,1.Control_form_LiK10_Rus.pdf,.control_form_lik10_rus.pdf,78306,87185,d223eb37,not encrypted,file,not archive,questionnaire,data/interim/unpacked/kyrgyzstan/dataverse_files/depth_02/LIK_10_13_Docu__e244fdd8/2010/rus/1.Control_form_LiK10_Rus.pdf,safe,already present; not overwritten
kyrgyzstan,kyrgyzstan-02-e244fdd87bf8,kyrgyzstan-01-58e70c17db2b,2,2010/rus/2.Household_form_LiK10_Rus.pdf,2.Household_form_LiK10_Rus.pdf,.household_form_lik10_rus.pdf,498617,739018,9e5d2a98,not encrypted,file,not archive,questionnaire,data/interim/unpacked/kyrgyzstan/dataverse_files/depth_02/LIK_10_13_Docu__e244fdd8/2010/rus/2.Household_form_LiK10_Rus.pdf,safe,already present; not overwritten
kyrgyzstan,kyrgyzstan-02-e244fdd87bf8,kyrgyzstan-01-58e70c17db2b,2,2010/rus/3.Individual_form_LiK10_Rus.pdf,3.Individual_form_LiK10_Rus.pdf,.individual_form_lik10_rus.pdf,498072,738152,0375eec3,not encrypted,file,not archive,questionnaire,data/interim/unpacked/kyrgyzstan/dataverse_files/depth_02/LIK_10_13_Docu__e244fdd8/2010/rus/3.Individual_form_LiK10_Rus.pdf,safe,already present; not overwritten
kyrgyzstan,kyrgyzstan-02-e244fdd87bf8,kyrgyzstan-01-58e70c17db2b,2,2010/rus/4.Community_form_LiK10_Rus.pdf,4.Community_form_LiK10_Rus.pdf,.community_form_lik10_rus.pdf,257509,342186,b0ab32fc,not encrypted,file,not archive,questionnaire,data/interim/unpacked/kyrgyzstan/dataverse_files/depth_02/LIK_10_13_Docu__e244fdd8/2010/rus/4.Community_form_LiK10_Rus.pdf,safe,already present; not overwritten
kyrgyzstan,kyrgyzstan-02-e244fdd87bf8,kyrgyzstan-01-58e70c17db2b,2,2010/rus/Thumbs.db,Thumbs.db,.db,30309,43008,82f066ed,not encrypted,file,not archive,other,data/interim/unpacked/kyrgyzstan/dataverse_files/depth_02/LIK_10_13_Docu__e244fdd8/2010/rus/Thumbs.db,safe,already present; not overwritten
kyrgyzstan,kyrgyzstan-02-e244fdd87bf8,kyrgyzstan-01-58e70c17db2b,2,2010/Thumbs.db,Thumbs.db,.db,22206,29184,08735586,not encrypted,file,not archive,other,data/interim/unpacked/kyrgyzstan/dataverse_files/depth_02/LIK_10_13_Docu__e244fdd8/2010/Thumbs.db,safe,already present; not overwritten
kyrgyzstan,kyrgyzstan-02-e244fdd87bf8,kyrgyzstan-01-58e70c17db2b,2,2011/docs/Codebook LiK10-11.pdf,Codebook LiK10-11.pdf,.pdf,64875,72354,0c6ecb43,not encrypted,file,not archive,codebook,data/interim/unpacked/kyrgyzstan/dataverse_files/depth_02/LIK_10_13_Docu__e244fdd8/2011/docs/Codebook_LiK10-11.pdf,safe,already present; not overwritten
kyrgyzstan,kyrgyzstan-02-e244fdd87bf8,kyrgyzstan-01-58e70c17db2b,2,2011/docs/Interviewers_manual_rus_2011.pdf,Interviewers_manual_rus_2011.pdf,.pdf,902932,989189,ef0d8386,not encrypted,file,not archive,manual,data/interim/unpacked/kyrgyzstan/dataverse_files/depth_02/LIK_10_13_Docu__e244fdd8/2011/docs/Interviewers_manual_rus_2011.pdf,safe,already present; not overwritten
kyrgyzstan,kyrgyzstan-02-e244fdd87bf8,kyrgyzstan-01-58e70c17db2b,2,2011/docs/Thumbs.db,Thumbs.db,.db,22213,29184,9323a32f,not encrypted,file,not archive,other,data/interim/unpacked/kyrgyzstan/dataverse_files/depth_02/LIK_10_13_Docu__e244fdd8/2011/docs/Thumbs.db,safe,already present; not overwritten
kyrgyzstan,kyrgyzstan-02-e244fdd87bf8,kyrgyzstan-01-58e70c17db2b,2,2011/eng/1.Control_form_LiK11_Eng.pdf,1.Control_form_LiK11_Eng.pdf,.control_form_lik11_eng.pdf,27017,32194,721e0e99,not encrypted,file,not archive,questionnaire,data/interim/unpacked/kyrgyzstan/dataverse_files/depth_02/LIK_10_13_Docu__e244fdd8/2011/eng/1.Control_form_LiK11_Eng.pdf,safe,already present; not overwritten
kyrgyzstan,kyrgyzstan-02-e244fdd87bf8,kyrgyzstan-01-58e70c17db2b,2,2011/eng/2.Household_form_LiK11_Eng.pdf,2.Household_form_LiK11_Eng.pdf,.household_form_lik11_eng.pdf,543576,885599,2d1c4512,not encrypted,file,not archive,questionnaire,data/interim/unpacked/kyrgyzstan/dataverse_files/depth_02/LIK_10_13_Docu__e244fdd8/2011/eng/2.Household_form_LiK11_Eng.pdf,safe,already present; not overwritten
kyrgyzstan,kyrgyzstan-02-e244fdd87bf8,kyrgyzstan-01-58e70c17db2b,2,2011/eng/3.Individual_forms_LiK11_Eng.pdf,3.Individual_forms_LiK11_Eng.pdf,.individual_forms_lik11_eng.pdf,492723,1315705,b2d6c145,not encrypted,file,not archive,questionnaire,data/interim/unpacked/kyrgyzstan/dataverse_files/depth_02/LIK_10_13_Docu__e244fdd8/2011/eng/3.Individual_forms_LiK11_Eng.pdf,safe,already present; not overwritten
kyrgyzstan,kyrgyzstan-02-e244fdd87bf8,kyrgyzstan-01-58e70c17db2b,2,2011/eng/4.Community_forms_LiK11_Eng.pdf,4.Community_forms_LiK11_Eng.pdf,.community_forms_lik11_eng.pdf,205356,233965,3c41464f,not encrypted,file,not archive,questionnaire,data/interim/unpacked/kyrgyzstan/dataverse_files/depth_02/LIK_10_13_Docu__e244fdd8/2011/eng/4.Community_forms_LiK11_Eng.pdf,safe,already present; not overwritten
kyrgyzstan,kyrgyzstan-02-e244fdd87bf8,kyrgyzstan-01-58e70c17db2b,2,2011/eng/Thumbs.db,Thumbs.db,.db,35817,51200,3561d6c6,not encrypted,file,not archive,other,data/interim/unpacked/kyrgyzstan/dataverse_files/depth_02/LIK_10_13_Docu__e244fdd8/2011/eng/Thumbs.db,safe,already present; not overwritten
kyrgyzstan,kyrgyzstan-02-e244fdd87bf8,kyrgyzstan-01-58e70c17db2b,2,2011/kyr/1.Cover_control_kyr_lik11.pdf,1.Cover_control_kyr_lik11.pdf,.cover_control_kyr_lik11.pdf,70764,76542,571d3154,not encrypted,file,not archive,publication,data/interim/unpacked/kyrgyzstan/dataverse_files/depth_02/LIK_10_13_Docu__e244fdd8/2011/kyr/1.Cover_control_kyr_lik11.pdf,safe,already present; not overwritten
kyrgyzstan,kyrgyzstan-02-e244fdd87bf8,kyrgyzstan-01-58e70c17db2b,2,2011/kyr/2.Household_forms_kyr_lik11.pdf,2.Household_forms_kyr_lik11.pdf,.household_forms_kyr_lik11.pdf,317582,532183,a0a5f5cd,not encrypted,file,not archive,questionnaire,data/interim/unpacked/kyrgyzstan/dataverse_files/depth_02/LIK_10_13_Docu__e244fdd8/2011/kyr/2.Household_forms_kyr_lik11.pdf,safe,already present; not overwritten
kyrgyzstan,kyrgyzstan-02-e244fdd87bf8,kyrgyzstan-01-58e70c17db2b,2,2011/kyr/3.Individual forms_Kyr_LiK11.pdf,3.Individual forms_Kyr_LiK11.pdf,.individual forms_kyr_lik11.pdf,423847,1213866,9d97a271,not encrypted,file,not archive,questionnaire,data/interim/unpacked/kyrgyzstan/dataverse_files/depth_02/LIK_10_13_Docu__e244fdd8/2011/kyr/3.Individual_forms_Kyr_LiK11.pdf,safe,already present; not overwritten
kyrgyzstan,kyrgyzstan-02-e244fdd87bf8,kyrgyzstan-01-58e70c17db2b,2,2011/kyr/4.Community_forms_kyr_lik11.pdf,4.Community_forms_kyr_lik11.pdf,.community_forms_kyr_lik11.pdf,120555,225020,1cad45c9,not encrypted,file,not archive,questionnaire,data/interim/unpacked/kyrgyzstan/dataverse_files/depth_02/LIK_10_13_Docu__e244fdd8/2011/kyr/4.Community_forms_kyr_lik11.pdf,safe,already present; not overwritten
kyrgyzstan,kyrgyzstan-02-e244fdd87bf8,kyrgyzstan-01-58e70c17db2b,2,2011/kyr/Thumbs.db,Thumbs.db,.db,45541,59904,b9653f66,not encrypted,file,not archive,other,data/interim/unpacked/kyrgyzstan/dataverse_files/depth_02/LIK_10_13_Docu__e244fdd8/2011/kyr/Thumbs.db,safe,already present; not overwritten
kyrgyzstan,kyrgyzstan-02-e244fdd87bf8,kyrgyzstan-01-58e70c17db2b,2,2011/rus/1.Cover_control_rus_lik11.pdf,1.Cover_control_rus_lik11.pdf,.cover_control_rus_lik11.pdf,47821,52652,d3470976,not encrypted,file,not archive,publication,data/interim/unpacked/kyrgyzstan/dataverse_files/depth_02/LIK_10_13_Docu__e244fdd8/2011/rus/1.Cover_control_rus_lik11.pdf,safe,already present; not overwritten
kyrgyzstan,kyrgyzstan-02-e244fdd87bf8,kyrgyzstan-01-58e70c17db2b,2,2011/rus/2.Household_forms_rus_lik11.pdf,2.Household_forms_rus_lik11.pdf,.household_forms_rus_lik11.pdf,484886,717977,856b1d6d,not encrypted,file,not archive,questionnaire,data/interim/unpacked/kyrgyzstan/dataverse_files/depth_02/LIK_10_13_Docu__e244fdd8/2011/rus/2.Household_forms_rus_lik11.pdf,safe,already present; not overwritten
kyrgyzstan,kyrgyzstan-02-e244fdd87bf8,kyrgyzstan-01-58e70c17db2b,2,2011/rus/3.Individual_forms_rus_lik11.pdf,3.Individual_forms_rus_lik11.pdf,.individual_forms_rus_lik11.pdf,562607,1392323,53ce5c8b,not encrypted,file,not archive,questionnaire,data/interim/unpacked/kyrgyzstan/dataverse_files/depth_02/LIK_10_13_Docu__e244fdd8/2011/rus/3.Individual_forms_rus_lik11.pdf,safe,already present; not overwritten
kyrgyzstan,kyrgyzstan-02-e244fdd87bf8,kyrgyzstan-01-58e70c17db2b,2,2011/rus/4.Community_forms_rus_lik11.pdf,4.Community_forms_rus_lik11.pdf,.community_forms_rus_lik11.pdf,198412,302776,ecf72e2a,not encrypted,file,not archive,questionnaire,data/interim/unpacked/kyrgyzstan/dataverse_files/depth_02/LIK_10_13_Docu__e244fdd8/2011/rus/4.Community_forms_rus_lik11.pdf,safe,already present; not overwritten
kyrgyzstan,kyrgyzstan-02-e244fdd87bf8,kyrgyzstan-01-58e70c17db2b,2,2011/rus/Thumbs.db,Thumbs.db,.db,41649,57344,84823d9c,not encrypted,file,not archive,other,data/interim/unpacked/kyrgyzstan/dataverse_files/depth_02/LIK_10_13_Docu__e244fdd8/2011/rus/Thumbs.db,safe,already present; not overwritten
kyrgyzstan,kyrgyzstan-02-e244fdd87bf8,kyrgyzstan-01-58e70c17db2b,2,2012/docs/Interviewers_manual_rus_final_2012.pdf,Interviewers_manual_rus_final_2012.pdf,.pdf,370566,388112,c45fcc79,not encrypted,file,not archive,manual,data/interim/unpacked/kyrgyzstan/dataverse_files/depth_02/LIK_10_13_Docu__e244fdd8/2012/docs/Interviewers_manual_rus_final_2012.pdf,safe,already present; not overwritten
kyrgyzstan,kyrgyzstan-02-e244fdd87bf8,kyrgyzstan-01-58e70c17db2b,2,2012/docs/Thumbs.db,Thumbs.db,.db,10520,14848,5c1102f4,not encrypted,file,not archive,other,data/interim/unpacked/kyrgyzstan/dataverse_files/depth_02/LIK_10_13_Docu__e244fdd8/2012/docs/Thumbs.db,safe,already present; not overwritten
kyrgyzstan,kyrgyzstan-02-e244fdd87bf8,kyrgyzstan-01-58e70c17db2b,2,2012/eng/community_forms_eng_lik12.pdf,community_forms_eng_lik12.pdf,.pdf,275607,337433,18fad0f9,not encrypted,file,not archive,questionnaire,data/interim/unpacked/kyrgyzstan/dataverse_files/depth_02/LIK_10_13_Docu__e244fdd8/2012/eng/community_forms_eng_lik12.pdf,safe,already present; not overwritten
kyrgyzstan,kyrgyzstan-02-e244fdd87bf8,kyrgyzstan-01-58e70c17db2b,2,2012/eng/cover_control_eng_lik12.pdf,cover_control_eng_lik12.pdf,.pdf,263647,278965,24a125cb,not encrypted,file,not archive,publication,data/interim/unpacked/kyrgyzstan/dataverse_files/depth_02/LIK_10_13_Docu__e244fdd8/2012/eng/cover_control_eng_lik12.pdf,safe,already present; not overwritten
kyrgyzstan,kyrgyzstan-02-e244fdd87bf8,kyrgyzstan-01-58e70c17db2b,2,2012/eng/household_forms_eng_lik12.pdf,household_forms_eng_lik12.pdf,.pdf,476361,908627,f292a651,not encrypted,file,not archive,questionnaire,data/interim/unpacked/kyrgyzstan/dataverse_files/depth_02/LIK_10_13_Docu__e244fdd8/2012/eng/household_forms_eng_lik12.pdf,safe,already present; not overwritten
kyrgyzstan,kyrgyzstan-02-e244fdd87bf8,kyrgyzstan-01-58e70c17db2b,2,2012/eng/individual_forms_eng_lik12.pdf,individual_forms_eng_lik12.pdf,.pdf,541965,1389043,f66da354,not encrypted,file,not archive,questionnaire,data/interim/unpacked/kyrgyzstan/dataverse_files/depth_02/LIK_10_13_Docu__e244fdd8/2012/eng/individual_forms_eng_lik12.pdf,safe,already present; not overwritten
kyrgyzstan,kyrgyzstan-02-e244fdd87bf8,kyrgyzstan-01-58e70c17db2b,2,2012/eng/Thumbs.db,Thumbs.db,.db,31078,42496,d8ff2fb0,not encrypted,file,not archive,other,data/interim/unpacked/kyrgyzstan/dataverse_files/depth_02/LIK_10_13_Docu__e244fdd8/2012/eng/Thumbs.db,safe,already present; not overwritten
kyrgyzstan,kyrgyzstan-02-e244fdd87bf8,kyrgyzstan-01-58e70c17db2b,2,2012/kyr/1.Cover_control_kyr_lik12.pdf,1.Cover_control_kyr_lik12.pdf,.cover_control_kyr_lik12.pdf,154297,165458,a5f67a67,not encrypted,file,not archive,publication,data/interim/unpacked/kyrgyzstan/dataverse_files/depth_02/LIK_10_13_Docu__e244fdd8/2012/kyr/1.Cover_control_kyr_lik12.pdf,safe,already present; not overwritten
kyrgyzstan,kyrgyzstan-02-e244fdd87bf8,kyrgyzstan-01-58e70c17db2b,2,2012/kyr/2.Household_forms_kyr_lik12.pdf,2.Household_forms_kyr_lik12.pdf,.household_forms_kyr_lik12.pdf,313876,600506,f4f6be4f,not encrypted,file,not archive,questionnaire,data/interim/unpacked/kyrgyzstan/dataverse_files/depth_02/LIK_10_13_Docu__e244fdd8/2012/kyr/2.Household_forms_kyr_lik12.pdf,safe,already present; not overwritten
kyrgyzstan,kyrgyzstan-02-e244fdd87bf8,kyrgyzstan-01-58e70c17db2b,2,2012/kyr/3.Individual_forms_kyr_lik12.pdf,3.Individual_forms_kyr_lik12.pdf,.individual_forms_kyr_lik12.pdf,487837,1304803,cd097c2c,not encrypted,file,not archive,questionnaire,data/interim/unpacked/kyrgyzstan/dataverse_files/depth_02/LIK_10_13_Docu__e244fdd8/2012/kyr/3.Individual_forms_kyr_lik12.pdf,safe,already present; not overwritten
kyrgyzstan,kyrgyzstan-02-e244fdd87bf8,kyrgyzstan-01-58e70c17db2b,2,2012/kyr/4.Community_forms_kyr_lik12.pdf,4.Community_forms_kyr_lik12.pdf,.community_forms_kyr_lik12.pdf,88041,151112,f56fe272,not encrypted,file,not archive,questionnaire,data/interim/unpacked/kyrgyzstan/dataverse_files/depth_02/LIK_10_13_Docu__e244fdd8/2012/kyr/4.Community_forms_kyr_lik12.pdf,safe,already present; not overwritten
kyrgyzstan,kyrgyzstan-02-e244fdd87bf8,kyrgyzstan-01-58e70c17db2b,2,2012/kyr/Thumbs.db,Thumbs.db,.db,26069,33792,56d146d3,not encrypted,file,not archive,other,data/interim/unpacked/kyrgyzstan/dataverse_files/depth_02/LIK_10_13_Docu__e244fdd8/2012/kyr/Thumbs.db,safe,already present; not overwritten
kyrgyzstan,kyrgyzstan-02-e244fdd87bf8,kyrgyzstan-01-58e70c17db2b,2,2012/rus/community_forms_rus_lik12.pdf,community_forms_rus_lik12.pdf,.pdf,293431,373373,4d6af34d,not encrypted,file,not archive,questionnaire,data/interim/unpacked/kyrgyzstan/dataverse_files/depth_02/LIK_10_13_Docu__e244fdd8/2012/rus/community_forms_rus_lik12.pdf,safe,already present; not overwritten
kyrgyzstan,kyrgyzstan-02-e244fdd87bf8,kyrgyzstan-01-58e70c17db2b,2,2012/rus/cover_control_rus_lik12.pdf,cover_control_rus_lik12.pdf,.pdf,310969,329871,a9b7046e,not encrypted,file,not archive,publication,data/interim/unpacked/kyrgyzstan/dataverse_files/depth_02/LIK_10_13_Docu__e244fdd8/2012/rus/cover_control_rus_lik12.pdf,safe,already present; not overwritten
kyrgyzstan,kyrgyzstan-02-e244fdd87bf8,kyrgyzstan-01-58e70c17db2b,2,2012/rus/household_forms_rus_lik12.pdf,household_forms_rus_lik12.pdf,.pdf,662802,965305,3a035623,not encrypted,file,not archive,questionnaire,data/interim/unpacked/kyrgyzstan/dataverse_files/depth_02/LIK_10_13_Docu__e244fdd8/2012/rus/household_forms_rus_lik12.pdf,safe,already present; not overwritten
kyrgyzstan,kyrgyzstan-02-e244fdd87bf8,kyrgyzstan-01-58e70c17db2b,2,2012/rus/individual_forms_rus_lik12.pdf,individual_forms_rus_lik12.pdf,.pdf,796142,2071083,04f5bf7f,not encrypted,file,not archive,questionnaire,data/interim/unpacked/kyrgyzstan/dataverse_files/depth_02/LIK_10_13_Docu__e244fdd8/2012/rus/individual_forms_rus_lik12.pdf,safe,already present; not overwritten
kyrgyzstan,kyrgyzstan-02-e244fdd87bf8,kyrgyzstan-01-58e70c17db2b,2,2012/rus/interviewers_manual_rus_final_2012.pdf,interviewers_manual_rus_final_2012.pdf,.pdf,370566,388112,c45fcc79,not encrypted,file,not archive,manual,data/interim/unpacked/kyrgyzstan/dataverse_files/depth_02/LIK_10_13_Docu__e244fdd8/2012/rus/interviewers_manual_rus_final_2012.pdf,safe,already present; not overwritten
kyrgyzstan,kyrgyzstan-02-e244fdd87bf8,kyrgyzstan-01-58e70c17db2b,2,2012/rus/Thumbs.db,Thumbs.db,.db,22275,29184,b37ef963,not encrypted,file,not archive,other,data/interim/unpacked/kyrgyzstan/dataverse_files/depth_02/LIK_10_13_Docu__e244fdd8/2012/rus/Thumbs.db,safe,already present; not overwritten
kyrgyzstan,kyrgyzstan-02-e244fdd87bf8,kyrgyzstan-01-58e70c17db2b,2,2013/Questionnaires/eng/1.Control and cover_Eng_Lik13.pdf,1.Control and cover_Eng_Lik13.pdf,.control and cover_eng_lik13.pdf,67884,74368,533c2af5,not encrypted,file,not archive,questionnaire,data/interim/unpacked/kyrgyzstan/dataverse_files/depth_02/LIK_10_13_Docu__e244fdd8/2013/Questionnaires/eng/1.Control_and_cover_Eng_Lik13.pdf,safe,already present; not overwritten
kyrgyzstan,kyrgyzstan-02-e244fdd87bf8,kyrgyzstan-01-58e70c17db2b,2,2013/Questionnaires/eng/2.Household forms_Eng_LiK13.pdf,2.Household forms_Eng_LiK13.pdf,.household forms_eng_lik13.pdf,181374,198522,67813f79,not encrypted,file,not archive,questionnaire,data/interim/unpacked/kyrgyzstan/dataverse_files/depth_02/LIK_10_13_Docu__e244fdd8/2013/Questionnaires/eng/2.Household_forms_Eng_LiK13.pdf,safe,already present; not overwritten
kyrgyzstan,kyrgyzstan-02-e244fdd87bf8,kyrgyzstan-01-58e70c17db2b,2,2013/Questionnaires/eng/3. Individual forms_Eng_LiK13.pdf,3. Individual forms_Eng_LiK13.pdf,. individual forms_eng_lik13.pdf,265705,289521,f928a1dd,not encrypted,file,not archive,questionnaire,data/interim/unpacked/kyrgyzstan/dataverse_files/depth_02/LIK_10_13_Docu__e244fdd8/2013/Questionnaires/eng/3._Individual_forms_Eng_LiK13.pdf,safe,already present; not overwritten
kyrgyzstan,kyrgyzstan-02-e244fdd87bf8,kyrgyzstan-01-58e70c17db2b,2,2013/Questionnaires/eng/4.Community forms_Eng_LiK13.pdf,4.Community forms_Eng_LiK13.pdf,.community forms_eng_lik13.pdf,84518,92165,ff601791,not encrypted,file,not archive,questionnaire,data/interim/unpacked/kyrgyzstan/dataverse_files/depth_02/LIK_10_13_Docu__e244fdd8/2013/Questionnaires/eng/4.Community_forms_Eng_LiK13.pdf,safe,already present; not overwritten
kyrgyzstan,kyrgyzstan-02-e244fdd87bf8,kyrgyzstan-01-58e70c17db2b,2,2013/Questionnaires/eng/LiK interviewers manual 2013_Rus.pdf,LiK interviewers manual 2013_Rus.pdf,.pdf,349518,363448,5cb72d4c,not encrypted,file,not archive,questionnaire,data/interim/unpacked/kyrgyzstan/dataverse_files/depth_02/LIK_10_13_Docu__e244fdd8/2013/Questionnaires/eng/LiK_interviewers_manual_2013_Rus.pdf,safe,already present; not overwritten
kyrgyzstan,kyrgyzstan-02-e244fdd87bf8,kyrgyzstan-01-58e70c17db2b,2,2013/Questionnaires/kyr/1.Cover and control_Kyr_LiK13.pdf,1.Cover and control_Kyr_LiK13.pdf,.cover and control_kyr_lik13.pdf,377917,394668,66e84def,not encrypted,file,not archive,questionnaire,data/interim/unpacked/kyrgyzstan/dataverse_files/depth_02/LIK_10_13_Docu__e244fdd8/2013/Questionnaires/kyr/1.Cover_and_control_Kyr_LiK13.pdf,safe,already present; not overwritten
kyrgyzstan,kyrgyzstan-02-e244fdd87bf8,kyrgyzstan-01-58e70c17db2b,2,2013/Questionnaires/kyr/2.Household forms_Kyr_LiK13.pdf,2.Household forms_Kyr_LiK13.pdf,.household forms_kyr_lik13.pdf,641442,977483,3e30baff,not encrypted,file,not archive,questionnaire,data/interim/unpacked/kyrgyzstan/dataverse_files/depth_02/LIK_10_13_Docu__e244fdd8/2013/Questionnaires/kyr/2.Household_forms_Kyr_LiK13.pdf,safe,already present; not overwritten
kyrgyzstan,kyrgyzstan-02-e244fdd87bf8,kyrgyzstan-01-58e70c17db2b,2,2013/Questionnaires/kyr/3.Individual forms_Kyr_LiK13.pdf,3.Individual forms_Kyr_LiK13.pdf,.individual forms_kyr_lik13.pdf,836216,1912802,ce65d9ac,not encrypted,file,not archive,questionnaire,data/interim/unpacked/kyrgyzstan/dataverse_files/depth_02/LIK_10_13_Docu__e244fdd8/2013/Questionnaires/kyr/3.Individual_forms_Kyr_LiK13.pdf,safe,already present; not overwritten
kyrgyzstan,kyrgyzstan-02-e244fdd87bf8,kyrgyzstan-01-58e70c17db2b,2,2013/Questionnaires/kyr/Thumbs.db,Thumbs.db,.db,23894,31744,a1781bc9,not encrypted,file,not archive,questionnaire,data/interim/unpacked/kyrgyzstan/dataverse_files/depth_02/LIK_10_13_Docu__e244fdd8/2013/Questionnaires/kyr/Thumbs.db,safe,already present; not overwritten
kyrgyzstan,kyrgyzstan-02-e244fdd87bf8,kyrgyzstan-01-58e70c17db2b,2,2013/Questionnaires/rus/1.Cover and control_Rus_LiK13.pdf,1.Cover and control_Rus_LiK13.pdf,.cover and control_rus_lik13.pdf,305785,324854,8bd7c15a,not encrypted,file,not archive,questionnaire,data/interim/unpacked/kyrgyzstan/dataverse_files/depth_02/LIK_10_13_Docu__e244fdd8/2013/Questionnaires/rus/1.Cover_and_control_Rus_LiK13.pdf,safe,already present; not overwritten
kyrgyzstan,kyrgyzstan-02-e244fdd87bf8,kyrgyzstan-01-58e70c17db2b,2,2013/Questionnaires/rus/2.Household forms_Rus_LiK13.pdf,2.Household forms_Rus_LiK13.pdf,.household forms_rus_lik13.pdf,814728,1169986,6cb727c7,not encrypted,file,not archive,questionnaire,data/interim/unpacked/kyrgyzstan/dataverse_files/depth_02/LIK_10_13_Docu__e244fdd8/2013/Questionnaires/rus/2.Household_forms_Rus_LiK13.pdf,safe,already present; not overwritten
kyrgyzstan,kyrgyzstan-02-e244fdd87bf8,kyrgyzstan-01-58e70c17db2b,2,2013/Questionnaires/rus/3.Individual forms_Rus_LiK13.pdf,3.Individual forms_Rus_LiK13.pdf,.individual forms_rus_lik13.pdf,925473,2514836,593a4dc7,not encrypted,file,not archive,questionnaire,data/interim/unpacked/kyrgyzstan/dataverse_files/depth_02/LIK_10_13_Docu__e244fdd8/2013/Questionnaires/rus/3.Individual_forms_Rus_LiK13.pdf,safe,already present; not overwritten
kyrgyzstan,kyrgyzstan-02-e244fdd87bf8,kyrgyzstan-01-58e70c17db2b,2,2013/Questionnaires/rus/4.Community forms_Rus_LiK13.pdf,4.Community forms_Rus_LiK13.pdf,.community forms_rus_lik13.pdf,359094,506922,d50f8cbd,not encrypted,file,not archive,questionnaire,data/interim/unpacked/kyrgyzstan/dataverse_files/depth_02/LIK_10_13_Docu__e244fdd8/2013/Questionnaires/rus/4.Community_forms_Rus_LiK13.pdf,safe,already present; not overwritten
kyrgyzstan,kyrgyzstan-02-e244fdd87bf8,kyrgyzstan-01-58e70c17db2b,2,2013/Questionnaires/rus/Thumbs.db,Thumbs.db,.db,22874,30208,c0535fec,not encrypted,file,not archive,questionnaire,data/interim/unpacked/kyrgyzstan/dataverse_files/depth_02/LIK_10_13_Docu__e244fdd8/2013/Questionnaires/rus/Thumbs.db,safe,already present; not overwritten
kyrgyzstan,kyrgyzstan-02-e244fdd87bf8,kyrgyzstan-01-58e70c17db2b,2,2013/Thumbs.db,Thumbs.db,.db,44234,63488,1c15e234,not encrypted,file,not archive,other,data/interim/unpacked/kyrgyzstan/dataverse_files/depth_02/LIK_10_13_Docu__e244fdd8/2013/Thumbs.db,safe,already present; not overwritten
kyrgyzstan,kyrgyzstan-02-e244fdd87bf8,kyrgyzstan-01-58e70c17db2b,2,LiK panel structure_Feb2016.docx,LiK panel structure_Feb2016.docx,.docx,74332,83199,0f2cc4b8,not encrypted,file,not archive,publication,data/interim/unpacked/kyrgyzstan/dataverse_files/depth_02/LIK_10_13_Docu__e244fdd8/LiK_panel_structure_Feb2016.docx,safe,already present; not overwritten
kyrgyzstan,kyrgyzstan-02-e244fdd87bf8,kyrgyzstan-01-58e70c17db2b,2,LiK_FAQs.pdf,LiK_FAQs.pdf,.pdf,143606,150063,707b4e37,not encrypted,file,not archive,publication,data/interim/unpacked/kyrgyzstan/dataverse_files/depth_02/LIK_10_13_Docu__e244fdd8/LiK_FAQs.pdf,safe,already present; not overwritten
kyrgyzstan,kyrgyzstan-03-78df449660e4,kyrgyzstan-02-e03a0c7475d5,3,1.Control and cover_Kyr_LiK16.pdf,1.Control and cover_Kyr_LiK16.pdf,.control and cover_kyr_lik16.pdf,309419,332335,18a66492,not encrypted,file,not archive,publication,data/interim/unpacked/kyrgyzstan/dataverse_files/depth_03/LiK16_Questionnaires_Kyr__78df4496/1.Control_and_cover_Kyr_LiK16.pdf,safe,already present; not overwritten
kyrgyzstan,kyrgyzstan-03-78df449660e4,kyrgyzstan-02-e03a0c7475d5,3,2.Household_forms_Kyr_LiK16.pdf,2.Household_forms_Kyr_LiK16.pdf,.household_forms_kyr_lik16.pdf,429355,553199,16f4ff18,not encrypted,file,not archive,questionnaire,data/interim/unpacked/kyrgyzstan/dataverse_files/depth_03/LiK16_Questionnaires_Kyr__78df4496/2.Household_forms_Kyr_LiK16.pdf,safe,already present; not overwritten
kyrgyzstan,kyrgyzstan-03-78df449660e4,kyrgyzstan-02-e03a0c7475d5,3,3.Individual_forms_Kyr_LiK16.pdf,3.Individual_forms_Kyr_LiK16.pdf,.individual_forms_kyr_lik16.pdf,661313,819629,fd7b81f8,not encrypted,file,not archive,questionnaire,data/interim/unpacked/kyrgyzstan/dataverse_files/depth_03/LiK16_Questionnaires_Kyr__78df4496/3.Individual_forms_Kyr_LiK16.pdf,safe,already present; not overwritten
kyrgyzstan,kyrgyzstan-03-78df449660e4,kyrgyzstan-02-e03a0c7475d5,3,4.Community_form_Kyr_LiK16.pdf,4.Community_form_Kyr_LiK16.pdf,.community_form_kyr_lik16.pdf,446590,794009,32eaacc7,not encrypted,file,not archive,questionnaire,data/interim/unpacked/kyrgyzstan/dataverse_files/depth_03/LiK16_Questionnaires_Kyr__78df4496/4.Community_form_Kyr_LiK16.pdf,safe,already present; not overwritten
kyrgyzstan,kyrgyzstan-03-78df449660e4,kyrgyzstan-02-e03a0c7475d5,3,5.AG forms_Kyr_LiK16.pdf,5.AG forms_Kyr_LiK16.pdf,.ag forms_kyr_lik16.pdf,779406,933517,a20aef8b,not encrypted,file,not archive,questionnaire,data/interim/unpacked/kyrgyzstan/dataverse_files/depth_03/LiK16_Questionnaires_Kyr__78df4496/5.AG_forms_Kyr_LiK16.pdf,safe,already present; not overwritten
kyrgyzstan,kyrgyzstan-03-7db7d4f3a3fb,kyrgyzstan-02-e03a0c7475d5,3,1.Control and cover_Rus_LiK16.pdf,1.Control and cover_Rus_LiK16.pdf,.control and cover_rus_lik16.pdf,155301,174356,b81b951f,not encrypted,file,not archive,publication,data/interim/unpacked/kyrgyzstan/dataverse_files/depth_03/LiK16_Questionnaires_Rus__7db7d4f3/1.Control_and_cover_Rus_LiK16.pdf,safe,already present; not overwritten
kyrgyzstan,kyrgyzstan-03-7db7d4f3a3fb,kyrgyzstan-02-e03a0c7475d5,3,2.Household forms_Rus_LiK16.pdf,2.Household forms_Rus_LiK16.pdf,.household forms_rus_lik16.pdf,413658,628986,4ad7a38c,not encrypted,file,not archive,questionnaire,data/interim/unpacked/kyrgyzstan/dataverse_files/depth_03/LiK16_Questionnaires_Rus__7db7d4f3/2.Household_forms_Rus_LiK16.pdf,safe,already present; not overwritten
kyrgyzstan,kyrgyzstan-03-7db7d4f3a3fb,kyrgyzstan-02-e03a0c7475d5,3,3.Individual forms_Rus_LiK16.pdf,3.Individual forms_Rus_LiK16.pdf,.individual forms_rus_lik16.pdf,529368,899859,d21f10be,not encrypted,file,not archive,questionnaire,data/interim/unpacked/kyrgyzstan/dataverse_files/depth_03/LiK16_Questionnaires_Rus__7db7d4f3/3.Individual_forms_Rus_LiK16.pdf,safe,already present; not overwritten
kyrgyzstan,kyrgyzstan-03-7db7d4f3a3fb,kyrgyzstan-02-e03a0c7475d5,3,4.Community forms_Rus_LiK16.pdf,4.Community forms_Rus_LiK16.pdf,.community forms_rus_lik16.pdf,176342,326639,2747592b,not encrypted,file,not archive,questionnaire,data/interim/unpacked/kyrgyzstan/dataverse_files/depth_03/LiK16_Questionnaires_Rus__7db7d4f3/4.Community_forms_Rus_LiK16.pdf,safe,already present; not overwritten
kyrgyzstan,kyrgyzstan-03-7db7d4f3a3fb,kyrgyzstan-02-e03a0c7475d5,3,5.AG forms_Rus_LiK16.pdf,5.AG forms_Rus_LiK16.pdf,.ag forms_rus_lik16.pdf,327877,337875,591a6357,not encrypted,file,not archive,questionnaire,data/interim/unpacked/kyrgyzstan/dataverse_files/depth_03/LiK16_Questionnaires_Rus__7db7d4f3/5.AG_forms_Rus_LiK16.pdf,safe,already present; not overwritten
kyrgyzstan,kyrgyzstan-03-9d935d7716e8,kyrgyzstan-02-e03a0c7475d5,3,1.Control and cover_Eng_LiK16.pdf,1.Control and cover_Eng_LiK16.pdf,.control and cover_eng_lik16.pdf,143732,163195,2a700b62,not encrypted,file,not archive,publication,data/interim/unpacked/kyrgyzstan/dataverse_files/depth_03/LiK16_Questionnaires_Eng__9d935d77/1.Control_and_cover_Eng_LiK16.pdf,safe,already present; not overwritten
kyrgyzstan,kyrgyzstan-03-9d935d7716e8,kyrgyzstan-02-e03a0c7475d5,3,2.Household forms_Eng_LiK16.pdf,2.Household forms_Eng_LiK16.pdf,.household forms_eng_lik16.pdf,237928,483094,a42d5ca9,not encrypted,file,not archive,questionnaire,data/interim/unpacked/kyrgyzstan/dataverse_files/depth_03/LiK16_Questionnaires_Eng__9d935d77/2.Household_forms_Eng_LiK16.pdf,safe,already present; not overwritten
kyrgyzstan,kyrgyzstan-03-9d935d7716e8,kyrgyzstan-02-e03a0c7475d5,3,3.Individual forms_Eng_LiK16.pdf,3.Individual forms_Eng_LiK16.pdf,.individual forms_eng_lik16.pdf,554117,715318,466f4455,not encrypted,file,not archive,questionnaire,data/interim/unpacked/kyrgyzstan/dataverse_files/depth_03/LiK16_Questionnaires_Eng__9d935d77/3.Individual_forms_Eng_LiK16.pdf,safe,already present; not overwritten
kyrgyzstan,kyrgyzstan-03-9d935d7716e8,kyrgyzstan-02-e03a0c7475d5,3,4.Community forms_Eng_LiK16.pdf,4.Community forms_Eng_LiK16.pdf,.community forms_eng_lik16.pdf,182339,224769,23c62a45,not encrypted,file,not archive,questionnaire,data/interim/unpacked/kyrgyzstan/dataverse_files/depth_03/LiK16_Questionnaires_Eng__9d935d77/4.Community_forms_Eng_LiK16.pdf,safe,already present; not overwritten
kyrgyzstan,kyrgyzstan-03-9d935d7716e8,kyrgyzstan-02-e03a0c7475d5,3,5.Agriculture forms_Eng_LiK16.pdf,5.Agriculture forms_Eng_LiK16.pdf,.agriculture forms_eng_lik16.pdf,302472,312016,bd907336,not encrypted,file,not archive,questionnaire,data/interim/unpacked/kyrgyzstan/dataverse_files/depth_03/LiK16_Questionnaires_Eng__9d935d77/5.Agriculture_forms_Eng_LiK16.pdf,safe,already present; not overwritten
uzbekistan,uzbekistan-00-9ba1340266a5,,0,UNICEF-UZ/Uzbekistan 2000 MICS_English/Readme-MICS2-Note.txt,Readme-MICS2-Note.txt,.txt,210,322,fb36ad5e,not encrypted,file,not archive,README,data/interim/unpacked/uzbekistan/UNICEF-UZ-20250314T080638Z-001/depth_00/UNICEF-UZ/Uzbekistan_2000_MICS_English/Readme-MICS2-Note.txt,safe,already present; not overwritten
uzbekistan,uzbekistan-00-9ba1340266a5,,0,UNICEF-UZ/Uzbekistan 2000 MICS_English/Uzbekistan 2000 MICS Questionnaire Immunization Module.pdf,Uzbekistan 2000 MICS Questionnaire Immunization Module.pdf,.pdf,853127,946952,ef7332bc,not encrypted,file,not archive,questionnaire,data/interim/unpacked/uzbekistan/UNICEF-UZ-20250314T080638Z-001/depth_00/UNICEF-UZ/Uzbekistan_2000_MICS_English/Uzbekistan_2000_MICS_Questionnaire_Immunization_Module.pdf,safe,already present; not overwritten
uzbekistan,uzbekistan-00-9ba1340266a5,,0,UNICEF-UZ/Uzbekistan 2000 MICS_English/Uzbekistan 2000 MICS Report.pdf,Uzbekistan 2000 MICS Report.pdf,.pdf,251812,279564,a7b66bdc,not encrypted,file,not archive,report,data/interim/unpacked/uzbekistan/UNICEF-UZ-20250314T080638Z-001/depth_00/UNICEF-UZ/Uzbekistan_2000_MICS_English/Uzbekistan_2000_MICS_Report.pdf,safe,already present; not overwritten
uzbekistan,uzbekistan-00-9ba1340266a5,,0,UNICEF-UZ/Uzbekistan 2000 MICS_English/Uzbekistan 2000 MICS Tables.pdf,Uzbekistan 2000 MICS Tables.pdf,.pdf,168946,188075,012eaff8,not encrypted,file,not archive,report,data/interim/unpacked/uzbekistan/UNICEF-UZ-20250314T080638Z-001/depth_00/UNICEF-UZ/Uzbekistan_2000_MICS_English/Uzbekistan_2000_MICS_Tables.pdf,safe,already present; not overwritten
uzbekistan,uzbekistan-00-9ba1340266a5,,0,UNICEF-UZ/Uzbekistan 2006 MICS_English.pdf,Uzbekistan 2006 MICS_English.pdf,.pdf,3384776,3753682,d3a8ebbb,not encrypted,file,not archive,publication,data/interim/unpacked/uzbekistan/UNICEF-UZ-20250314T080638Z-001/depth_00/UNICEF-UZ/Uzbekistan_2006_MICS_English.pdf,safe,already present; not overwritten
uzbekistan,uzbekistan-00-9ba1340266a5,,0,UNICEF-UZ/Uzbekistan 2021-22 MICS SFR_English [2023-02-23].pdf,Uzbekistan 2021-22 MICS SFR_English [2023-02-23].pdf,.pdf,12676711,13959866,d69f8369,not encrypted,file,not archive,publication,data/interim/unpacked/uzbekistan/UNICEF-UZ-20250314T080638Z-001/depth_00/UNICEF-UZ/Uzbekistan_2021-22_MICS_SFR_English_2023-02-23_.pdf,safe,already present; not overwritten
uzbekistan,uzbekistan-00-9ba1340266a5,,0,UNICEF-UZ/Uzbekistan MICS 2006 SPSS Datasets/ch.sav,ch.sav,.sav,790691,3399603,a9125d3b,not encrypted,file,not archive,dataset,data/interim/unpacked/uzbekistan/UNICEF-UZ-20250314T080638Z-001/depth_00/UNICEF-UZ/Uzbekistan_MICS_2006_SPSS_Datasets/ch.sav,safe,already present; not overwritten
uzbekistan,uzbekistan-00-9ba1340266a5,,0,UNICEF-UZ/Uzbekistan MICS 2006 SPSS Datasets/hh.sav,hh.sav,.sav,337763,1336047,9c6083c2,not encrypted,file,not archive,dataset,data/interim/unpacked/uzbekistan/UNICEF-UZ-20250314T080638Z-001/depth_00/UNICEF-UZ/Uzbekistan_MICS_2006_SPSS_Datasets/hh.sav,safe,already present; not overwritten
uzbekistan,uzbekistan-00-9ba1340266a5,,0,UNICEF-UZ/Uzbekistan MICS 2006 SPSS Datasets/hl.sav,hl.sav,.sav,1438533,9157297,bd7de871,not encrypted,file,not archive,dataset,data/interim/unpacked/uzbekistan/UNICEF-UZ-20250314T080638Z-001/depth_00/UNICEF-UZ/Uzbekistan_MICS_2006_SPSS_Datasets/hl.sav,safe,already present; not overwritten
uzbekistan,uzbekistan-00-9ba1340266a5,,0,UNICEF-UZ/Uzbekistan MICS 2006 SPSS Datasets/Uzbekistan_Read me.txt,Uzbekistan_Read me.txt,.txt,761,1495,8b7a1f50,not encrypted,file,not archive,other,data/interim/unpacked/uzbekistan/UNICEF-UZ-20250314T080638Z-001/depth_00/UNICEF-UZ/Uzbekistan_MICS_2006_SPSS_Datasets/Uzbekistan_Read_me.txt,safe,already present; not overwritten
uzbekistan,uzbekistan-00-9ba1340266a5,,0,UNICEF-UZ/Uzbekistan MICS 2006 SPSS Datasets/who_z.sav,who_z.sav,.sav,111441,286964,8c6fabb8,not encrypted,file,not archive,dataset,data/interim/unpacked/uzbekistan/UNICEF-UZ-20250314T080638Z-001/depth_00/UNICEF-UZ/Uzbekistan_MICS_2006_SPSS_Datasets/who_z.sav,safe,already present; not overwritten
uzbekistan,uzbekistan-00-9ba1340266a5,,0,UNICEF-UZ/Uzbekistan MICS 2006 SPSS Datasets/wm.sav,wm.sav,.sav,934103,4665645,479ce525,not encrypted,file,not archive,dataset,data/interim/unpacked/uzbekistan/UNICEF-UZ-20250314T080638Z-001/depth_00/UNICEF-UZ/Uzbekistan_MICS_2006_SPSS_Datasets/wm.sav,safe,already present; not overwritten
uzbekistan,uzbekistan-00-9ba1340266a5,,0,UNICEF-UZ/Uzbekistan MICS2 2000_Datasets/UZBEKISTAN.DOC,UZBEKISTAN.DOC,.doc,39353,344064,8de8e3f5,not encrypted,file,not archive,publication,data/interim/unpacked/uzbekistan/UNICEF-UZ-20250314T080638Z-001/depth_00/UNICEF-UZ/Uzbekistan_MICS2_2000_Datasets/UZBEKISTAN.DOC,safe,already present; not overwritten
uzbekistan,uzbekistan-00-9ba1340266a5,,0,UNICEF-UZ/Uzbekistan MICS2 2000_Datasets/UZch.sav,UZch.sav,.sav,283429,1108760,d4467970,not encrypted,file,not archive,dataset,data/interim/unpacked/uzbekistan/UNICEF-UZ-20250314T080638Z-001/depth_00/UNICEF-UZ/Uzbekistan_MICS2_2000_Datasets/UZch.sav,safe,already present; not overwritten
uzbekistan,uzbekistan-00-9ba1340266a5,,0,UNICEF-UZ/Uzbekistan MICS2 2000_Datasets/UZHh.sav,UZHh.sav,.sav,133194,343840,f68edde7,not encrypted,file,not archive,dataset,data/interim/unpacked/uzbekistan/UNICEF-UZ-20250314T080638Z-001/depth_00/UNICEF-UZ/Uzbekistan_MICS2_2000_Datasets/UZHh.sav,safe,already present; not overwritten
uzbekistan,uzbekistan-00-9ba1340266a5,,0,UNICEF-UZ/Uzbekistan MICS2 2000_Datasets/UZhl.sav,UZhl.sav,.sav,927335,3726284,cc100195,not encrypted,file,not archive,dataset,data/interim/unpacked/uzbekistan/UNICEF-UZ-20250314T080638Z-001/depth_00/UNICEF-UZ/Uzbekistan_MICS2_2000_Datasets/UZhl.sav,safe,already present; not overwritten
uzbekistan,uzbekistan-00-9ba1340266a5,,0,UNICEF-UZ/Uzbekistan MICS2 2000_Datasets/UZWm.sav,UZWm.sav,.sav,482489,1928048,558cfd46,not encrypted,file,not archive,dataset,data/interim/unpacked/uzbekistan/UNICEF-UZ-20250314T080638Z-001/depth_00/UNICEF-UZ/Uzbekistan_MICS2_2000_Datasets/UZWm.sav,safe,already present; not overwritten
uzbekistan,uzbekistan-00-9ba1340266a5,,0,UNICEF-UZ/Uzbekistan MICS6 Datasets/Readme_Uzbekistan_MICS6.rtf,Readme_Uzbekistan_MICS6.rtf,.rtf,27910,130798,7d728458,not encrypted,file,not archive,README,data/interim/unpacked/uzbekistan/UNICEF-UZ-20250314T080638Z-001/depth_00/UNICEF-UZ/Uzbekistan_MICS6_Datasets/Readme_Uzbekistan_MICS6.rtf,safe,already present; not overwritten
uzbekistan,uzbekistan-00-9ba1340266a5,,0,UNICEF-UZ/Uzbekistan MICS6 Datasets/Uzbekistan MICS6 SPSS Datasets/bh.sav,bh.sav,.sav,349630,1168865,a4c0e414,not encrypted,file,not archive,dataset,data/interim/unpacked/uzbekistan/UNICEF-UZ-20250314T080638Z-001/depth_00/UNICEF-UZ/Uzbekistan_MICS6_Datasets/Uzbekistan_MICS6_SPSS_Datasets/bh.sav,safe,already present; not overwritten
uzbekistan,uzbekistan-00-9ba1340266a5,,0,UNICEF-UZ/Uzbekistan MICS6 Datasets/Uzbekistan MICS6 SPSS Datasets/ch.sav,ch.sav,.sav,1274507,7568642,c9858d56,not encrypted,file,not archive,dataset,data/interim/unpacked/uzbekistan/UNICEF-UZ-20250314T080638Z-001/depth_00/UNICEF-UZ/Uzbekistan_MICS6_Datasets/Uzbekistan_MICS6_SPSS_Datasets/ch.sav,safe,already present; not overwritten
uzbekistan,uzbekistan-00-9ba1340266a5,,0,UNICEF-UZ/Uzbekistan MICS6 Datasets/Uzbekistan MICS6 SPSS Datasets/fs.sav,fs.sav,.sav,621238,2191327,912e5cdb,not encrypted,file,not archive,dataset,data/interim/unpacked/uzbekistan/UNICEF-UZ-20250314T080638Z-001/depth_00/UNICEF-UZ/Uzbekistan_MICS6_Datasets/Uzbekistan_MICS6_SPSS_Datasets/fs.sav,safe,already present; not overwritten
uzbekistan,uzbekistan-00-9ba1340266a5,,0,UNICEF-UZ/Uzbekistan MICS6 Datasets/Uzbekistan MICS6 SPSS Datasets/Graph.gph,Graph.gph,.gph,1273,7035,92789f7d,not encrypted,file,not archive,other,data/interim/unpacked/uzbekistan/UNICEF-UZ-20250314T080638Z-001/depth_00/UNICEF-UZ/Uzbekistan_MICS6_Datasets/Uzbekistan_MICS6_SPSS_Datasets/Graph.gph,safe,already present; not overwritten
uzbekistan,uzbekistan-00-9ba1340266a5,,0,UNICEF-UZ/Uzbekistan MICS6 Datasets/Uzbekistan MICS6 SPSS Datasets/hh.sav,hh.sav,.sav,697321,4788669,a2d8fc9c,not encrypted,file,not archive,dataset,data/interim/unpacked/uzbekistan/UNICEF-UZ-20250314T080638Z-001/depth_00/UNICEF-UZ/Uzbekistan_MICS6_Datasets/Uzbekistan_MICS6_SPSS_Datasets/hh.sav,safe,already present; not overwritten
uzbekistan,uzbekistan-00-9ba1340266a5,,0,UNICEF-UZ/Uzbekistan MICS6 Datasets/Uzbekistan MICS6 SPSS Datasets/hl.sav,hl.sav,.sav,2217452,9434073,8ee65404,not encrypted,file,not archive,dataset,data/interim/unpacked/uzbekistan/UNICEF-UZ-20250314T080638Z-001/depth_00/UNICEF-UZ/Uzbekistan_MICS6_Datasets/Uzbekistan_MICS6_SPSS_Datasets/hl.sav,safe,already present; not overwritten
uzbekistan,uzbekistan-00-9ba1340266a5,,0,UNICEF-UZ/Uzbekistan MICS6 Datasets/Uzbekistan MICS6 SPSS Datasets/wm.sav,wm.sav,.sav,1630809,9695631,62ec5787,not encrypted,file,not archive,dataset,data/interim/unpacked/uzbekistan/UNICEF-UZ-20250314T080638Z-001/depth_00/UNICEF-UZ/Uzbekistan_MICS6_Datasets/Uzbekistan_MICS6_SPSS_Datasets/wm.sav,safe,already present; not overwritten
