country,relative_path,source_archive,nesting_depth,filename,extension,size,probable_survey,probable_year,probable_wave_or_round,probable_observation_level,suspected_role,openable_status,opening_error,notes
kyrgyzstan,data/kyrgyzstan/dataverse_files.zip,,,dataverse_files.zip,.zip,72129966,Life in Kyrgyzstan Study (LiK),,,UNCERTAIN,other,openable,,original archive/file in legacy raw-data location; left unchanged
uzbekistan,data/uzbekistan/UNICEF-UZ-20250314T080638Z-001.zip,,,UNICEF-UZ-20250314T080638Z-001.zip,.zip,29646052,Uzbekistan UNICEF survey collection (exact component inferred from path),,,UNCERTAIN,other,openable,,original archive/file in legacy raw-data location; left unchanged
kyrgyzstan,data/interim/unpacked/kyrgyzstan/dataverse_files/depth_00/Documentation.zip,kyrgyzstan-00-9f4206f0c161,0,Documentation.zip,.zip,1219342,Life in Kyrgyzstan Study (LiK),,,UNCERTAIN,other,openable,,
kyrgyzstan,data/interim/unpacked/kyrgyzstan/dataverse_files/depth_00/IDSC_repository.zip,kyrgyzstan-00-9f4206f0c161,0,IDSC_repository.zip,.zip,70891297,Life in Kyrgyzstan Study (LiK),,,person,other,openable,,
kyrgyzstan,data/interim/unpacked/kyrgyzstan/dataverse_files/depth_00/MANIFEST.TXT,kyrgyzstan-00-9f4206f0c161,0,MANIFEST.TXT,.txt,107,Life in Kyrgyzstan Study (LiK),,,UNCERTAIN,README,openable,,
kyrgyzstan,data/interim/unpacked/kyrgyzstan/dataverse_files/depth_01/Documentation__a2e795f2/LiK_FAQs.pdf,kyrgyzstan-01-a2e795f2838c,1,LiK_FAQs.pdf,.pdf,357465,Life in Kyrgyzstan Study (LiK),,,UNCERTAIN,publication,openable,,
kyrgyzstan,data/interim/unpacked/kyrgyzstan/dataverse_files/depth_01/Documentation__a2e795f2/LiK_FAQs_Rus.pdf,kyrgyzstan-01-a2e795f2838c,1,LiK_FAQs_Rus.pdf,.pdf,742588,Life in Kyrgyzstan Study (LiK),,,UNCERTAIN,publication,openable,,
kyrgyzstan,data/interim/unpacked/kyrgyzstan/dataverse_files/depth_01/Documentation__a2e795f2/LiK_PUBLICATIONS.pdf,kyrgyzstan-01-a2e795f2838c,1,LiK_PUBLICATIONS.pdf,.pdf,263649,Life in Kyrgyzstan Study (LiK),,,UNCERTAIN,publication,openable,,
kyrgyzstan,data/interim/unpacked/kyrgyzstan/dataverse_files/depth_01/IDSC_repository__58e70c17/LIK_10_13_Docu.zip,kyrgyzstan-01-58e70c17db2b,1,LIK_10_13_Docu.zip,.zip,21184698,Life in Kyrgyzstan Study (LiK),,,person,other,openable,,
kyrgyzstan,data/interim/unpacked/kyrgyzstan/dataverse_files/depth_01/IDSC_repository__58e70c17/LIK_10_13_spss.zip,kyrgyzstan-01-58e70c17db2b,1,LIK_10_13_spss.zip,.zip,12240200,Life in Kyrgyzstan Study (LiK),,,person,other,openable,,
kyrgyzstan,data/interim/unpacked/kyrgyzstan/dataverse_files/depth_01/IDSC_repository__58e70c17/LIK_10_13_stata.zip,kyrgyzstan-01-58e70c17db2b,1,LIK_10_13_stata.zip,.zip,10132898,Life in Kyrgyzstan Study (LiK),,,person,other,openable,,
kyrgyzstan,data/interim/unpacked/kyrgyzstan/dataverse_files/depth_01/IDSC_repository__58e70c17/LiK_2016.zip,kyrgyzstan-01-58e70c17db2b,1,LiK_2016.zip,.zip,19574155,Life in Kyrgyzstan Study (LiK),2016,2016,person,other,openable,,
kyrgyzstan,data/interim/unpacked/kyrgyzstan/dataverse_files/depth_01/IDSC_repository__58e70c17/LiK_2022.zip,kyrgyzstan-01-58e70c17db2b,1,LiK_2022.zip,.zip,8746570,Life in Kyrgyzstan Study (LiK),2022,2022,person,other,openable,,
kyrgyzstan,data/interim/unpacked/kyrgyzstan/dataverse_files/depth_02/LIK_10_13_Docu__e244fdd8/2010/docs/Codebook_LiK10-11.pdf,kyrgyzstan-02-e244fdd87bf8,2,Codebook_LiK10-11.pdf,.pdf,72354,Life in Kyrgyzstan Study (LiK),2010,2010,UNCERTAIN,codebook,openable,,
kyrgyzstan,data/interim/unpacked/kyrgyzstan/dataverse_files/depth_02/LIK_10_13_Docu__e244fdd8/2010/docs/Interviewers_manual_LiK10_Eng.pdf,kyrgyzstan-02-e244fdd87bf8,2,Interviewers_manual_LiK10_Eng.pdf,.pdf,709998,Life in Kyrgyzstan Study (LiK),2010,2010,UNCERTAIN,manual,openable,,
kyrgyzstan,data/interim/unpacked/kyrgyzstan/dataverse_files/depth_02/LIK_10_13_Docu__e244fdd8/2010/docs/Interviewers_manual_LiK10_Rus.pdf,kyrgyzstan-02-e244fdd87bf8,2,Interviewers_manual_LiK10_Rus.pdf,.pdf,921191,Life in Kyrgyzstan Study (LiK),2010,2010,UNCERTAIN,manual,openable,,
kyrgyzstan,data/interim/unpacked/kyrgyzstan/dataverse_files/depth_02/LIK_10_13_Docu__e244fdd8/2010/docs/Thumbs.db,kyrgyzstan-02-e244fdd87bf8,2,Thumbs.db,.db,37376,Life in Kyrgyzstan Study (LiK),2010,2010,UNCERTAIN,other,openable,,
kyrgyzstan,data/interim/unpacked/kyrgyzstan/dataverse_files/depth_02/LIK_10_13_Docu__e244fdd8/2010/eng/1.Control_form_LiK10_Eng.pdf,kyrgyzstan-02-e244fdd87bf8,2,1.Control_form_LiK10_Eng.pdf,.control_form_lik10_eng.pdf,110571,Life in Kyrgyzstan Study (LiK),2010,2010,UNCERTAIN,questionnaire,openable,,
kyrgyzstan,data/interim/unpacked/kyrgyzstan/dataverse_files/depth_02/LIK_10_13_Docu__e244fdd8/2010/eng/2.Household_form_LiK10_Eng.pdf,kyrgyzstan-02-e244fdd87bf8,2,2.Household_form_LiK10_Eng.pdf,.household_form_lik10_eng.pdf,620933,Life in Kyrgyzstan Study (LiK),2010,2010,UNCERTAIN,questionnaire,openable,,
kyrgyzstan,data/interim/unpacked/kyrgyzstan/dataverse_files/depth_02/LIK_10_13_Docu__e244fdd8/2010/eng/3.Individual_form_LiK10_Eng.pdf,kyrgyzstan-02-e244fdd87bf8,2,3.Individual_form_LiK10_Eng.pdf,.individual_form_lik10_eng.pdf,267183,Life in Kyrgyzstan Study (LiK),2010,2010,UNCERTAIN,questionnaire,openable,,
kyrgyzstan,data/interim/unpacked/kyrgyzstan/dataverse_files/depth_02/LIK_10_13_Docu__e244fdd8/2010/eng/4.Community_form_LiK10_Eng.pdf,kyrgyzstan-02-e244fdd87bf8,2,4.Community_form_LiK10_Eng.pdf,.community_form_lik10_eng.pdf,228760,Life in Kyrgyzstan Study (LiK),2010,2010,UNCERTAIN,questionnaire,openable,,
kyrgyzstan,data/interim/unpacked/kyrgyzstan/dataverse_files/depth_02/LIK_10_13_Docu__e244fdd8/2010/eng/5.Interviewers_manual_LiK10_Eng.pdf,kyrgyzstan-02-e244fdd87bf8,2,5.Interviewers_manual_LiK10_Eng.pdf,.interviewers_manual_lik10_eng.pdf,709998,Life in Kyrgyzstan Study (LiK),2010,2010,UNCERTAIN,manual,openable,,
kyrgyzstan,data/interim/unpacked/kyrgyzstan/dataverse_files/depth_02/LIK_10_13_Docu__e244fdd8/2010/eng/Thumbs.db,kyrgyzstan-02-e244fdd87bf8,2,Thumbs.db,.db,37888,Life in Kyrgyzstan Study (LiK),2010,2010,UNCERTAIN,other,openable,,
kyrgyzstan,data/interim/unpacked/kyrgyzstan/dataverse_files/depth_02/LIK_10_13_Docu__e244fdd8/2010/kyr/2.Household_form_LiK10_Kyr.pdf,kyrgyzstan-02-e244fdd87bf8,2,2.Household_form_LiK10_Kyr.pdf,.household_form_lik10_kyr.pdf,560729,Life in Kyrgyzstan Study (LiK),2010,2010,UNCERTAIN,questionnaire,openable,,
kyrgyzstan,data/interim/unpacked/kyrgyzstan/dataverse_files/depth_02/LIK_10_13_Docu__e244fdd8/2010/kyr/3.Individual_form_LiK10_Kyr.pdf,kyrgyzstan-02-e244fdd87bf8,2,3.Individual_form_LiK10_Kyr.pdf,.individual_form_lik10_kyr.pdf,553679,Life in Kyrgyzstan Study (LiK),2010,2010,UNCERTAIN,questionnaire,openable,,
kyrgyzstan,data/interim/unpacked/kyrgyzstan/dataverse_files/depth_02/LIK_10_13_Docu__e244fdd8/2010/kyr/4.Community_form_LiK10_Kyr.pdf,kyrgyzstan-02-e244fdd87bf8,2,4.Community_form_LiK10_Kyr.pdf,.community_form_lik10_kyr.pdf,234601,Life in Kyrgyzstan Study (LiK),2010,2010,UNCERTAIN,questionnaire,openable,,
kyrgyzstan,data/interim/unpacked/kyrgyzstan/dataverse_files/depth_02/LIK_10_13_Docu__e244fdd8/2010/kyr/Thumbs.db,kyrgyzstan-02-e244fdd87bf8,2,Thumbs.db,.db,45056,Life in Kyrgyzstan Study (LiK),2010,2010,UNCERTAIN,other,openable,,
kyrgyzstan,data/interim/unpacked/kyrgyzstan/dataverse_files/depth_02/LIK_10_13_Docu__e244fdd8/2010/rus/1.Control_form_LiK10_Rus.pdf,kyrgyzstan-02-e244fdd87bf8,2,1.Control_form_LiK10_Rus.pdf,.control_form_lik10_rus.pdf,87185,Life in Kyrgyzstan Study (LiK),2010,2010,UNCERTAIN,questionnaire,openable,,
kyrgyzstan,data/interim/unpacked/kyrgyzstan/dataverse_files/depth_02/LIK_10_13_Docu__e244fdd8/2010/rus/2.Household_form_LiK10_Rus.pdf,kyrgyzstan-02-e244fdd87bf8,2,2.Household_form_LiK10_Rus.pdf,.household_form_lik10_rus.pdf,739018,Life in Kyrgyzstan Study (LiK),2010,2010,UNCERTAIN,questionnaire,openable,,
kyrgyzstan,data/interim/unpacked/kyrgyzstan/dataverse_files/depth_02/LIK_10_13_Docu__e244fdd8/2010/rus/3.Individual_form_LiK10_Rus.pdf,kyrgyzstan-02-e244fdd87bf8,2,3.Individual_form_LiK10_Rus.pdf,.individual_form_lik10_rus.pdf,738152,Life in Kyrgyzstan Study (LiK),2010,2010,UNCERTAIN,questionnaire,openable,,
kyrgyzstan,data/interim/unpacked/kyrgyzstan/dataverse_files/depth_02/LIK_10_13_Docu__e244fdd8/2010/rus/4.Community_form_LiK10_Rus.pdf,kyrgyzstan-02-e244fdd87bf8,2,4.Community_form_LiK10_Rus.pdf,.community_form_lik10_rus.pdf,342186,Life in Kyrgyzstan Study (LiK),2010,2010,UNCERTAIN,questionnaire,openable,,
kyrgyzstan,data/interim/unpacked/kyrgyzstan/dataverse_files/depth_02/LIK_10_13_Docu__e244fdd8/2010/rus/Thumbs.db,kyrgyzstan-02-e244fdd87bf8,2,Thumbs.db,.db,43008,Life in Kyrgyzstan Study (LiK),2010,2010,UNCERTAIN,other,openable,,
kyrgyzstan,data/interim/unpacked/kyrgyzstan/dataverse_files/depth_02/LIK_10_13_Docu__e244fdd8/2010/Thumbs.db,kyrgyzstan-02-e244fdd87bf8,2,Thumbs.db,.db,29184,Life in Kyrgyzstan Study (LiK),2010,2010,UNCERTAIN,other,openable,,
kyrgyzstan,data/interim/unpacked/kyrgyzstan/dataverse_files/depth_02/LIK_10_13_Docu__e244fdd8/2011/docs/Codebook_LiK10-11.pdf,kyrgyzstan-02-e244fdd87bf8,2,Codebook_LiK10-11.pdf,.pdf,72354,Life in Kyrgyzstan Study (LiK),2011,2011,UNCERTAIN,codebook,openable,,
kyrgyzstan,data/interim/unpacked/kyrgyzstan/dataverse_files/depth_02/LIK_10_13_Docu__e244fdd8/2011/docs/Interviewers_manual_rus_2011.pdf,kyrgyzstan-02-e244fdd87bf8,2,Interviewers_manual_rus_2011.pdf,.pdf,989189,Life in Kyrgyzstan Study (LiK),2011,2011,UNCERTAIN,manual,openable,,
kyrgyzstan,data/interim/unpacked/kyrgyzstan/dataverse_files/depth_02/LIK_10_13_Docu__e244fdd8/2011/docs/Thumbs.db,kyrgyzstan-02-e244fdd87bf8,2,Thumbs.db,.db,29184,Life in Kyrgyzstan Study (LiK),2011,2011,UNCERTAIN,other,openable,,
kyrgyzstan,data/interim/unpacked/kyrgyzstan/dataverse_files/depth_02/LIK_10_13_Docu__e244fdd8/2011/eng/1.Control_form_LiK11_Eng.pdf,kyrgyzstan-02-e244fdd87bf8,2,1.Control_form_LiK11_Eng.pdf,.control_form_lik11_eng.pdf,32194,Life in Kyrgyzstan Study (LiK),2011,2011,UNCERTAIN,questionnaire,openable,,
kyrgyzstan,data/interim/unpacked/kyrgyzstan/dataverse_files/depth_02/LIK_10_13_Docu__e244fdd8/2011/eng/2.Household_form_LiK11_Eng.pdf,kyrgyzstan-02-e244fdd87bf8,2,2.Household_form_LiK11_Eng.pdf,.household_form_lik11_eng.pdf,885599,Life in Kyrgyzstan Study (LiK),2011,2011,UNCERTAIN,questionnaire,openable,,
kyrgyzstan,data/interim/unpacked/kyrgyzstan/dataverse_files/depth_02/LIK_10_13_Docu__e244fdd8/2011/eng/3.Individual_forms_LiK11_Eng.pdf,kyrgyzstan-02-e244fdd87bf8,2,3.Individual_forms_LiK11_Eng.pdf,.individual_forms_lik11_eng.pdf,1315705,Life in Kyrgyzstan Study (LiK),2011,2011,UNCERTAIN,questionnaire,openable,,
kyrgyzstan,data/interim/unpacked/kyrgyzstan/dataverse_files/depth_02/LIK_10_13_Docu__e244fdd8/2011/eng/4.Community_forms_LiK11_Eng.pdf,kyrgyzstan-02-e244fdd87bf8,2,4.Community_forms_LiK11_Eng.pdf,.community_forms_lik11_eng.pdf,233965,Life in Kyrgyzstan Study (LiK),2011,2011,UNCERTAIN,questionnaire,openable,,
kyrgyzstan,data/interim/unpacked/kyrgyzstan/dataverse_files/depth_02/LIK_10_13_Docu__e244fdd8/2011/eng/Thumbs.db,kyrgyzstan-02-e244fdd87bf8,2,Thumbs.db,.db,51200,Life in Kyrgyzstan Study (LiK),2011,2011,UNCERTAIN,other,openable,,
kyrgyzstan,data/interim/unpacked/kyrgyzstan/dataverse_files/depth_02/LIK_10_13_Docu__e244fdd8/2011/kyr/1.Cover_control_kyr_lik11.pdf,kyrgyzstan-02-e244fdd87bf8,2,1.Cover_control_kyr_lik11.pdf,.cover_control_kyr_lik11.pdf,76542,Life in Kyrgyzstan Study (LiK),2011,2011,UNCERTAIN,publication,openable,,
kyrgyzstan,data/interim/unpacked/kyrgyzstan/dataverse_files/depth_02/LIK_10_13_Docu__e244fdd8/2011/kyr/2.Household_forms_kyr_lik11.pdf,kyrgyzstan-02-e244fdd87bf8,2,2.Household_forms_kyr_lik11.pdf,.household_forms_kyr_lik11.pdf,532183,Life in Kyrgyzstan Study (LiK),2011,2011,UNCERTAIN,questionnaire,openable,,
kyrgyzstan,data/interim/unpacked/kyrgyzstan/dataverse_files/depth_02/LIK_10_13_Docu__e244fdd8/2011/kyr/3.Individual_forms_Kyr_LiK11.pdf,kyrgyzstan-02-e244fdd87bf8,2,3.Individual_forms_Kyr_LiK11.pdf,.individual_forms_kyr_lik11.pdf,1213866,Life in Kyrgyzstan Study (LiK),2011,2011,UNCERTAIN,questionnaire,openable,,
kyrgyzstan,data/interim/unpacked/kyrgyzstan/dataverse_files/depth_02/LIK_10_13_Docu__e244fdd8/2011/kyr/4.Community_forms_kyr_lik11.pdf,kyrgyzstan-02-e244fdd87bf8,2,4.Community_forms_kyr_lik11.pdf,.community_forms_kyr_lik11.pdf,225020,Life in Kyrgyzstan Study (LiK),2011,2011,UNCERTAIN,questionnaire,openable,,
kyrgyzstan,data/interim/unpacked/kyrgyzstan/dataverse_files/depth_02/LIK_10_13_Docu__e244fdd8/2011/kyr/Thumbs.db,kyrgyzstan-02-e244fdd87bf8,2,Thumbs.db,.db,59904,Life in Kyrgyzstan Study (LiK),2011,2011,UNCERTAIN,other,openable,,
kyrgyzstan,data/interim/unpacked/kyrgyzstan/dataverse_files/depth_02/LIK_10_13_Docu__e244fdd8/2011/rus/1.Cover_control_rus_lik11.pdf,kyrgyzstan-02-e244fdd87bf8,2,1.Cover_control_rus_lik11.pdf,.cover_control_rus_lik11.pdf,52652,Life in Kyrgyzstan Study (LiK),2011,2011,UNCERTAIN,publication,openable,,
kyrgyzstan,data/interim/unpacked/kyrgyzstan/dataverse_files/depth_02/LIK_10_13_Docu__e244fdd8/2011/rus/2.Household_forms_rus_lik11.pdf,kyrgyzstan-02-e244fdd87bf8,2,2.Household_forms_rus_lik11.pdf,.household_forms_rus_lik11.pdf,717977,Life in Kyrgyzstan Study (LiK),2011,2011,UNCERTAIN,questionnaire,openable,,
kyrgyzstan,data/interim/unpacked/kyrgyzstan/dataverse_files/depth_02/LIK_10_13_Docu__e244fdd8/2011/rus/3.Individual_forms_rus_lik11.pdf,kyrgyzstan-02-e244fdd87bf8,2,3.Individual_forms_rus_lik11.pdf,.individual_forms_rus_lik11.pdf,1392323,Life in Kyrgyzstan Study (LiK),2011,2011,UNCERTAIN,questionnaire,openable,,
kyrgyzstan,data/interim/unpacked/kyrgyzstan/dataverse_files/depth_02/LIK_10_13_Docu__e244fdd8/2011/rus/4.Community_forms_rus_lik11.pdf,kyrgyzstan-02-e244fdd87bf8,2,4.Community_forms_rus_lik11.pdf,.community_forms_rus_lik11.pdf,302776,Life in Kyrgyzstan Study (LiK),2011,2011,UNCERTAIN,questionnaire,openable,,
kyrgyzstan,data/interim/unpacked/kyrgyzstan/dataverse_files/depth_02/LIK_10_13_Docu__e244fdd8/2011/rus/Thumbs.db,kyrgyzstan-02-e244fdd87bf8,2,Thumbs.db,.db,57344,Life in Kyrgyzstan Study (LiK),2011,2011,UNCERTAIN,other,openable,,
kyrgyzstan,data/interim/unpacked/kyrgyzstan/dataverse_files/depth_02/LIK_10_13_Docu__e244fdd8/2012/docs/Interviewers_manual_rus_final_2012.pdf,kyrgyzstan-02-e244fdd87bf8,2,Interviewers_manual_rus_final_2012.pdf,.pdf,388112,Life in Kyrgyzstan Study (LiK),2012,2012,UNCERTAIN,manual,openable,,
kyrgyzstan,data/interim/unpacked/kyrgyzstan/dataverse_files/depth_02/LIK_10_13_Docu__e244fdd8/2012/docs/Thumbs.db,kyrgyzstan-02-e244fdd87bf8,2,Thumbs.db,.db,14848,Life in Kyrgyzstan Study (LiK),2012,2012,UNCERTAIN,other,openable,,
kyrgyzstan,data/interim/unpacked/kyrgyzstan/dataverse_files/depth_02/LIK_10_13_Docu__e244fdd8/2012/eng/community_forms_eng_lik12.pdf,kyrgyzstan-02-e244fdd87bf8,2,community_forms_eng_lik12.pdf,.pdf,337433,Life in Kyrgyzstan Study (LiK),2012,2012,community,questionnaire,openable,,
kyrgyzstan,data/interim/unpacked/kyrgyzstan/dataverse_files/depth_02/LIK_10_13_Docu__e244fdd8/2012/eng/cover_control_eng_lik12.pdf,kyrgyzstan-02-e244fdd87bf8,2,cover_control_eng_lik12.pdf,.pdf,278965,Life in Kyrgyzstan Study (LiK),2012,2012,UNCERTAIN,publication,openable,,
kyrgyzstan,data/interim/unpacked/kyrgyzstan/dataverse_files/depth_02/LIK_10_13_Docu__e244fdd8/2012/eng/household_forms_eng_lik12.pdf,kyrgyzstan-02-e244fdd87bf8,2,household_forms_eng_lik12.pdf,.pdf,908627,Life in Kyrgyzstan Study (LiK),2012,2012,household,questionnaire,openable,,
kyrgyzstan,data/interim/unpacked/kyrgyzstan/dataverse_files/depth_02/LIK_10_13_Docu__e244fdd8/2012/eng/individual_forms_eng_lik12.pdf,kyrgyzstan-02-e244fdd87bf8,2,individual_forms_eng_lik12.pdf,.pdf,1389043,Life in Kyrgyzstan Study (LiK),2012,2012,person,questionnaire,openable,,
kyrgyzstan,data/interim/unpacked/kyrgyzstan/dataverse_files/depth_02/LIK_10_13_Docu__e244fdd8/2012/eng/Thumbs.db,kyrgyzstan-02-e244fdd87bf8,2,Thumbs.db,.db,42496,Life in Kyrgyzstan Study (LiK),2012,2012,UNCERTAIN,other,openable,,
kyrgyzstan,data/interim/unpacked/kyrgyzstan/dataverse_files/depth_02/LIK_10_13_Docu__e244fdd8/2012/kyr/1.Cover_control_kyr_lik12.pdf,kyrgyzstan-02-e244fdd87bf8,2,1.Cover_control_kyr_lik12.pdf,.cover_control_kyr_lik12.pdf,165458,Life in Kyrgyzstan Study (LiK),2012,2012,UNCERTAIN,publication,openable,,
kyrgyzstan,data/interim/unpacked/kyrgyzstan/dataverse_files/depth_02/LIK_10_13_Docu__e244fdd8/2012/kyr/2.Household_forms_kyr_lik12.pdf,kyrgyzstan-02-e244fdd87bf8,2,2.Household_forms_kyr_lik12.pdf,.household_forms_kyr_lik12.pdf,600506,Life in Kyrgyzstan Study (LiK),2012,2012,UNCERTAIN,questionnaire,openable,,
kyrgyzstan,data/interim/unpacked/kyrgyzstan/dataverse_files/depth_02/LIK_10_13_Docu__e244fdd8/2012/kyr/3.Individual_forms_kyr_lik12.pdf,kyrgyzstan-02-e244fdd87bf8,2,3.Individual_forms_kyr_lik12.pdf,.individual_forms_kyr_lik12.pdf,1304803,Life in Kyrgyzstan Study (LiK),2012,2012,UNCERTAIN,questionnaire,openable,,
kyrgyzstan,data/interim/unpacked/kyrgyzstan/dataverse_files/depth_02/LIK_10_13_Docu__e244fdd8/2012/kyr/4.Community_forms_kyr_lik12.pdf,kyrgyzstan-02-e244fdd87bf8,2,4.Community_forms_kyr_lik12.pdf,.community_forms_kyr_lik12.pdf,151112,Life in Kyrgyzstan Study (LiK),2012,2012,UNCERTAIN,questionnaire,openable,,
kyrgyzstan,data/interim/unpacked/kyrgyzstan/dataverse_files/depth_02/LIK_10_13_Docu__e244fdd8/2012/kyr/Thumbs.db,kyrgyzstan-02-e244fdd87bf8,2,Thumbs.db,.db,33792,Life in Kyrgyzstan Study (LiK),2012,2012,UNCERTAIN,other,openable,,
kyrgyzstan,data/interim/unpacked/kyrgyzstan/dataverse_files/depth_02/LIK_10_13_Docu__e244fdd8/2012/rus/community_forms_rus_lik12.pdf,kyrgyzstan-02-e244fdd87bf8,2,community_forms_rus_lik12.pdf,.pdf,373373,Life in Kyrgyzstan Study (LiK),2012,2012,community,questionnaire,openable,,
kyrgyzstan,data/interim/unpacked/kyrgyzstan/dataverse_files/depth_02/LIK_10_13_Docu__e244fdd8/2012/rus/cover_control_rus_lik12.pdf,kyrgyzstan-02-e244fdd87bf8,2,cover_control_rus_lik12.pdf,.pdf,329871,Life in Kyrgyzstan Study (LiK),2012,2012,UNCERTAIN,publication,openable,,
kyrgyzstan,data/interim/unpacked/kyrgyzstan/dataverse_files/depth_02/LIK_10_13_Docu__e244fdd8/2012/rus/household_forms_rus_lik12.pdf,kyrgyzstan-02-e244fdd87bf8,2,household_forms_rus_lik12.pdf,.pdf,965305,Life in Kyrgyzstan Study (LiK),2012,2012,household,questionnaire,openable,,
kyrgyzstan,data/interim/unpacked/kyrgyzstan/dataverse_files/depth_02/LIK_10_13_Docu__e244fdd8/2012/rus/individual_forms_rus_lik12.pdf,kyrgyzstan-02-e244fdd87bf8,2,individual_forms_rus_lik12.pdf,.pdf,2071083,Life in Kyrgyzstan Study (LiK),2012,2012,person,questionnaire,openable,,
kyrgyzstan,data/interim/unpacked/kyrgyzstan/dataverse_files/depth_02/LIK_10_13_Docu__e244fdd8/2012/rus/interviewers_manual_rus_final_2012.pdf,kyrgyzstan-02-e244fdd87bf8,2,interviewers_manual_rus_final_2012.pdf,.pdf,388112,Life in Kyrgyzstan Study (LiK),2012,2012,UNCERTAIN,manual,openable,,
kyrgyzstan,data/interim/unpacked/kyrgyzstan/dataverse_files/depth_02/LIK_10_13_Docu__e244fdd8/2012/rus/Thumbs.db,kyrgyzstan-02-e244fdd87bf8,2,Thumbs.db,.db,29184,Life in Kyrgyzstan Study (LiK),2012,2012,UNCERTAIN,other,openable,,
kyrgyzstan,data/interim/unpacked/kyrgyzstan/dataverse_files/depth_02/LIK_10_13_Docu__e244fdd8/2013/Questionnaires/eng/1.Control_and_cover_Eng_Lik13.pdf,kyrgyzstan-02-e244fdd87bf8,2,1.Control_and_cover_Eng_Lik13.pdf,.control_and_cover_eng_lik13.pdf,74368,Life in Kyrgyzstan Study (LiK),2013,2013,UNCERTAIN,questionnaire,openable,,
kyrgyzstan,data/interim/unpacked/kyrgyzstan/dataverse_files/depth_02/LIK_10_13_Docu__e244fdd8/2013/Questionnaires/eng/2.Household_forms_Eng_LiK13.pdf,kyrgyzstan-02-e244fdd87bf8,2,2.Household_forms_Eng_LiK13.pdf,.household_forms_eng_lik13.pdf,198522,Life in Kyrgyzstan Study (LiK),2013,2013,UNCERTAIN,questionnaire,openable,,
kyrgyzstan,data/interim/unpacked/kyrgyzstan/dataverse_files/depth_02/LIK_10_13_Docu__e244fdd8/2013/Questionnaires/eng/3._Individual_forms_Eng_LiK13.pdf,kyrgyzstan-02-e244fdd87bf8,2,3._Individual_forms_Eng_LiK13.pdf,._individual_forms_eng_lik13.pdf,289521,Life in Kyrgyzstan Study (LiK),2013,2013,UNCERTAIN,questionnaire,openable,,
kyrgyzstan,data/interim/unpacked/kyrgyzstan/dataverse_files/depth_02/LIK_10_13_Docu__e244fdd8/2013/Questionnaires/eng/4.Community_forms_Eng_LiK13.pdf,kyrgyzstan-02-e244fdd87bf8,2,4.Community_forms_Eng_LiK13.pdf,.community_forms_eng_lik13.pdf,92165,Life in Kyrgyzstan Study (LiK),2013,2013,UNCERTAIN,questionnaire,openable,,
kyrgyzstan,data/interim/unpacked/kyrgyzstan/dataverse_files/depth_02/LIK_10_13_Docu__e244fdd8/2013/Questionnaires/eng/LiK_interviewers_manual_2013_Rus.pdf,kyrgyzstan-02-e244fdd87bf8,2,LiK_interviewers_manual_2013_Rus.pdf,.pdf,363448,Life in Kyrgyzstan Study (LiK),2013,2013,UNCERTAIN,questionnaire,openable,,
kyrgyzstan,data/interim/unpacked/kyrgyzstan/dataverse_files/depth_02/LIK_10_13_Docu__e244fdd8/2013/Questionnaires/kyr/1.Cover_and_control_Kyr_LiK13.pdf,kyrgyzstan-02-e244fdd87bf8,2,1.Cover_and_control_Kyr_LiK13.pdf,.cover_and_control_kyr_lik13.pdf,394668,Life in Kyrgyzstan Study (LiK),2013,2013,UNCERTAIN,questionnaire,openable,,
kyrgyzstan,data/interim/unpacked/kyrgyzstan/dataverse_files/depth_02/LIK_10_13_Docu__e244fdd8/2013/Questionnaires/kyr/2.Household_forms_Kyr_LiK13.pdf,kyrgyzstan-02-e244fdd87bf8,2,2.Household_forms_Kyr_LiK13.pdf,.household_forms_kyr_lik13.pdf,977483,Life in Kyrgyzstan Study (LiK),2013,2013,UNCERTAIN,questionnaire,openable,,
kyrgyzstan,data/interim/unpacked/kyrgyzstan/dataverse_files/depth_02/LIK_10_13_Docu__e244fdd8/2013/Questionnaires/kyr/3.Individual_forms_Kyr_LiK13.pdf,kyrgyzstan-02-e244fdd87bf8,2,3.Individual_forms_Kyr_LiK13.pdf,.individual_forms_kyr_lik13.pdf,1912802,Life in Kyrgyzstan Study (LiK),2013,2013,UNCERTAIN,questionnaire,openable,,
kyrgyzstan,data/interim/unpacked/kyrgyzstan/dataverse_files/depth_02/LIK_10_13_Docu__e244fdd8/2013/Questionnaires/kyr/Thumbs.db,kyrgyzstan-02-e244fdd87bf8,2,Thumbs.db,.db,31744,Life in Kyrgyzstan Study (LiK),2013,2013,UNCERTAIN,questionnaire,openable,,
kyrgyzstan,data/interim/unpacked/kyrgyzstan/dataverse_files/depth_02/LIK_10_13_Docu__e244fdd8/2013/Questionnaires/rus/1.Cover_and_control_Rus_LiK13.pdf,kyrgyzstan-02-e244fdd87bf8,2,1.Cover_and_control_Rus_LiK13.pdf,.cover_and_control_rus_lik13.pdf,324854,Life in Kyrgyzstan Study (LiK),2013,2013,UNCERTAIN,questionnaire,openable,,
kyrgyzstan,data/interim/unpacked/kyrgyzstan/dataverse_files/depth_02/LIK_10_13_Docu__e244fdd8/2013/Questionnaires/rus/2.Household_forms_Rus_LiK13.pdf,kyrgyzstan-02-e244fdd87bf8,2,2.Household_forms_Rus_LiK13.pdf,.household_forms_rus_lik13.pdf,1169986,Life in Kyrgyzstan Study (LiK),2013,2013,UNCERTAIN,questionnaire,openable,,
kyrgyzstan,data/interim/unpacked/kyrgyzstan/dataverse_files/depth_02/LIK_10_13_Docu__e244fdd8/2013/Questionnaires/rus/3.Individual_forms_Rus_LiK13.pdf,kyrgyzstan-02-e244fdd87bf8,2,3.Individual_forms_Rus_LiK13.pdf,.individual_forms_rus_lik13.pdf,2514836,Life in Kyrgyzstan Study (LiK),2013,2013,UNCERTAIN,questionnaire,openable,,
kyrgyzstan,data/interim/unpacked/kyrgyzstan/dataverse_files/depth_02/LIK_10_13_Docu__e244fdd8/2013/Questionnaires/rus/4.Community_forms_Rus_LiK13.pdf,kyrgyzstan-02-e244fdd87bf8,2,4.Community_forms_Rus_LiK13.pdf,.community_forms_rus_lik13.pdf,506922,Life in Kyrgyzstan Study (LiK),2013,2013,UNCERTAIN,questionnaire,openable,,
kyrgyzstan,data/interim/unpacked/kyrgyzstan/dataverse_files/depth_02/LIK_10_13_Docu__e244fdd8/2013/Questionnaires/rus/Thumbs.db,kyrgyzstan-02-e244fdd87bf8,2,Thumbs.db,.db,30208,Life in Kyrgyzstan Study (LiK),2013,2013,UNCERTAIN,questionnaire,openable,,
kyrgyzstan,data/interim/unpacked/kyrgyzstan/dataverse_files/depth_02/LIK_10_13_Docu__e244fdd8/2013/Thumbs.db,kyrgyzstan-02-e244fdd87bf8,2,Thumbs.db,.db,63488,Life in Kyrgyzstan Study (LiK),2013,2013,UNCERTAIN,other,openable,,
kyrgyzstan,data/interim/unpacked/kyrgyzstan/dataverse_files/depth_02/LIK_10_13_Docu__e244fdd8/LiK_FAQs.pdf,kyrgyzstan-02-e244fdd87bf8,2,LiK_FAQs.pdf,.pdf,150063,Life in Kyrgyzstan Study (LiK),,,UNCERTAIN,publication,openable,,
kyrgyzstan,data/interim/unpacked/kyrgyzstan/dataverse_files/depth_02/LIK_10_13_Docu__e244fdd8/LiK_panel_structure_Feb2016.docx,kyrgyzstan-02-e244fdd87bf8,2,LiK_panel_structure_Feb2016.docx,.docx,83199,Life in Kyrgyzstan Study (LiK),2016,2016,UNCERTAIN,publication,openable,,
kyrgyzstan,data/interim/unpacked/kyrgyzstan/dataverse_files/depth_02/LIK_10_13_spss__b52af7b0/spss/additional_data/Exchange_rates_2010-13.xlsx,kyrgyzstan-02-b52af7b045d9,2,Exchange_rates_2010-13.xlsx,.xlsx,478574,Life in Kyrgyzstan Study (LiK),2010,2010,UNCERTAIN,dataset,openable,,
kyrgyzstan,data/interim/unpacked/kyrgyzstan/dataverse_files/depth_02/LIK_10_13_spss__b52af7b0/spss/data2010/community/cm1.sav,kyrgyzstan-02-b52af7b045d9,2,cm1.sav,.sav,49068,Life in Kyrgyzstan Study (LiK),2010,2010,community,dataset,openable,,
kyrgyzstan,data/interim/unpacked/kyrgyzstan/dataverse_files/depth_02/LIK_10_13_spss__b52af7b0/spss/data2010/community/cm2.sav,kyrgyzstan-02-b52af7b045d9,2,cm2.sav,.sav,81440,Life in Kyrgyzstan Study (LiK),2010,2010,community,dataset,openable,,
kyrgyzstan,data/interim/unpacked/kyrgyzstan/dataverse_files/depth_02/LIK_10_13_spss__b52af7b0/spss/data2010/control/hhcontrol.sav,kyrgyzstan-02-b52af7b045d9,2,hhcontrol.sav,.sav,103447,Life in Kyrgyzstan Study (LiK),2010,2010,household,dataset,openable,,
kyrgyzstan,data/interim/unpacked/kyrgyzstan/dataverse_files/depth_02/LIK_10_13_spss__b52af7b0/spss/data2010/control/txt_eng.sav,kyrgyzstan-02-b52af7b045d9,2,txt_eng.sav,.sav,448928,Life in Kyrgyzstan Study (LiK),2010,2010,UNCERTAIN,dataset,openable,,
kyrgyzstan,data/interim/unpacked/kyrgyzstan/dataverse_files/depth_02/LIK_10_13_spss__b52af7b0/spss/data2010/household/hh1a.sav,kyrgyzstan-02-b52af7b045d9,2,hh1a.sav,.sav,428906,Life in Kyrgyzstan Study (LiK),2010,2010,household,dataset,openable,,
kyrgyzstan,data/interim/unpacked/kyrgyzstan/dataverse_files/depth_02/LIK_10_13_spss__b52af7b0/spss/data2010/household/hh1b.sav,kyrgyzstan-02-b52af7b045d9,2,hh1b.sav,.sav,208972,Life in Kyrgyzstan Study (LiK),2010,2010,household,dataset,openable,,
kyrgyzstan,data/interim/unpacked/kyrgyzstan/dataverse_files/depth_02/LIK_10_13_spss__b52af7b0/spss/data2010/household/hh1c.sav,kyrgyzstan-02-b52af7b045d9,2,hh1c.sav,.sav,120724,Life in Kyrgyzstan Study (LiK),2010,2010,household,dataset,openable,,
kyrgyzstan,data/interim/unpacked/kyrgyzstan/dataverse_files/depth_02/LIK_10_13_spss__b52af7b0/spss/data2010/household/hh2a.sav,kyrgyzstan-02-b52af7b045d9,2,hh2a.sav,.sav,196526,Life in Kyrgyzstan Study (LiK),2010,2010,household,dataset,openable,,
kyrgyzstan,data/interim/unpacked/kyrgyzstan/dataverse_files/depth_02/LIK_10_13_spss__b52af7b0/spss/data2010/household/hh2b.sav,kyrgyzstan-02-b52af7b045d9,2,hh2b.sav,.sav,564578,Life in Kyrgyzstan Study (LiK),2010,2010,household,dataset,openable,,
kyrgyzstan,data/interim/unpacked/kyrgyzstan/dataverse_files/depth_02/LIK_10_13_spss__b52af7b0/spss/data2010/household/hh2c.sav,kyrgyzstan-02-b52af7b045d9,2,hh2c.sav,.sav,198318,Life in Kyrgyzstan Study (LiK),2010,2010,household,dataset,openable,,
kyrgyzstan,data/interim/unpacked/kyrgyzstan/dataverse_files/depth_02/LIK_10_13_spss__b52af7b0/spss/data2010/household/hh3.sav,kyrgyzstan-02-b52af7b045d9,2,hh3.sav,.sav,129620,Life in Kyrgyzstan Study (LiK),2010,2010,household,dataset,openable,,
kyrgyzstan,data/interim/unpacked/kyrgyzstan/dataverse_files/depth_02/LIK_10_13_spss__b52af7b0/spss/data2010/household/hh4a.sav,kyrgyzstan-02-b52af7b045d9,2,hh4a.sav,.sav,1166562,Life in Kyrgyzstan Study (LiK),2010,2010,household,dataset,openable,,
kyrgyzstan,data/interim/unpacked/kyrgyzstan/dataverse_files/depth_02/LIK_10_13_spss__b52af7b0/spss/data2010/household/hh4b.sav,kyrgyzstan-02-b52af7b045d9,2,hh4b.sav,.sav,627976,Life in Kyrgyzstan Study (LiK),2010,2010,household,dataset,openable,,
kyrgyzstan,data/interim/unpacked/kyrgyzstan/dataverse_files/depth_02/LIK_10_13_spss__b52af7b0/spss/data2010/household/hh5.sav,kyrgyzstan-02-b52af7b045d9,2,hh5.sav,.sav,122960,Life in Kyrgyzstan Study (LiK),2010,2010,household,dataset,openable,,
kyrgyzstan,data/interim/unpacked/kyrgyzstan/dataverse_files/depth_02/LIK_10_13_spss__b52af7b0/spss/data2010/household/hh6.sav,kyrgyzstan-02-b52af7b045d9,2,hh6.sav,.sav,58454,Life in Kyrgyzstan Study (LiK),2010,2010,household,dataset,openable,,
kyrgyzstan,data/interim/unpacked/kyrgyzstan/dataverse_files/depth_02/LIK_10_13_spss__b52af7b0/spss/data2010/household/hh6a1.sav,kyrgyzstan-02-b52af7b045d9,2,hh6a1.sav,.sav,30464,Life in Kyrgyzstan Study (LiK),2010,2010,household,dataset,openable,,
kyrgyzstan,data/interim/unpacked/kyrgyzstan/dataverse_files/depth_02/LIK_10_13_spss__b52af7b0/spss/data2010/household/hh6a2.sav,kyrgyzstan-02-b52af7b045d9,2,hh6a2.sav,.sav,34858,Life in Kyrgyzstan Study (LiK),2010,2010,household,dataset,openable,,
kyrgyzstan,data/interim/unpacked/kyrgyzstan/dataverse_files/depth_02/LIK_10_13_spss__b52af7b0/spss/data2010/household/hh7.sav,kyrgyzstan-02-b52af7b045d9,2,hh7.sav,.sav,135056,Life in Kyrgyzstan Study (LiK),2010,2010,household,dataset,openable,,
kyrgyzstan,data/interim/unpacked/kyrgyzstan/dataverse_files/depth_02/LIK_10_13_spss__b52af7b0/spss/data2010/individial/id1.sav,kyrgyzstan-02-b52af7b045d9,2,id1.sav,.sav,189936,Life in Kyrgyzstan Study (LiK),2010,2010,person,dataset,openable,,
kyrgyzstan,data/interim/unpacked/kyrgyzstan/dataverse_files/depth_02/LIK_10_13_spss__b52af7b0/spss/data2010/individial/id2.sav,kyrgyzstan-02-b52af7b045d9,2,id2.sav,.sav,647104,Life in Kyrgyzstan Study (LiK),2010,2010,person,dataset,openable,,
kyrgyzstan,data/interim/unpacked/kyrgyzstan/dataverse_files/depth_02/LIK_10_13_spss__b52af7b0/spss/data2010/individial/id3.sav,kyrgyzstan-02-b52af7b045d9,2,id3.sav,.sav,994628,Life in Kyrgyzstan Study (LiK),2010,2010,person,dataset,openable,,
kyrgyzstan,data/interim/unpacked/kyrgyzstan/dataverse_files/depth_02/LIK_10_13_spss__b52af7b0/spss/data2010/individial/id3d.sav,kyrgyzstan-02-b52af7b045d9,2,id3d.sav,.sav,291564,Life in Kyrgyzstan Study (LiK),2010,2010,person,dataset,openable,,
kyrgyzstan,data/interim/unpacked/kyrgyzstan/dataverse_files/depth_02/LIK_10_13_spss__b52af7b0/spss/data2010/individial/id3d_347.sav,kyrgyzstan-02-b52af7b045d9,2,id3d_347.sav,.sav,98686,Life in Kyrgyzstan Study (LiK),2010,2010,person,dataset,openable,,
kyrgyzstan,data/interim/unpacked/kyrgyzstan/dataverse_files/depth_02/LIK_10_13_spss__b52af7b0/spss/data2010/individial/id3e.sav,kyrgyzstan-02-b52af7b045d9,2,id3e.sav,.sav,806834,Life in Kyrgyzstan Study (LiK),2010,2010,person,dataset,openable,,
kyrgyzstan,data/interim/unpacked/kyrgyzstan/dataverse_files/depth_02/LIK_10_13_spss__b52af7b0/spss/data2010/individial/id4.sav,kyrgyzstan-02-b52af7b045d9,2,id4.sav,.sav,416326,Life in Kyrgyzstan Study (LiK),2010,2010,person,dataset,openable,,
kyrgyzstan,data/interim/unpacked/kyrgyzstan/dataverse_files/depth_02/LIK_10_13_spss__b52af7b0/spss/data2010/individial/id5.sav,kyrgyzstan-02-b52af7b045d9,2,id5.sav,.sav,356076,Life in Kyrgyzstan Study (LiK),2010,2010,person,dataset,openable,,
kyrgyzstan,data/interim/unpacked/kyrgyzstan/dataverse_files/depth_02/LIK_10_13_spss__b52af7b0/spss/data2010/individial/id6.sav,kyrgyzstan-02-b52af7b045d9,2,id6.sav,.sav,445580,Life in Kyrgyzstan Study (LiK),2010,2010,person,dataset,openable,,
kyrgyzstan,data/interim/unpacked/kyrgyzstan/dataverse_files/depth_02/LIK_10_13_spss__b52af7b0/spss/data2010/individial/id7.sav,kyrgyzstan-02-b52af7b045d9,2,id7.sav,.sav,327008,Life in Kyrgyzstan Study (LiK),2010,2010,person,dataset,openable,,
kyrgyzstan,data/interim/unpacked/kyrgyzstan/dataverse_files/depth_02/LIK_10_13_spss__b52af7b0/spss/data2010/individial/id8.sav,kyrgyzstan-02-b52af7b045d9,2,id8.sav,.sav,757292,Life in Kyrgyzstan Study (LiK),2010,2010,person,dataset,openable,,
kyrgyzstan,data/interim/unpacked/kyrgyzstan/dataverse_files/depth_02/LIK_10_13_spss__b52af7b0/spss/data2011/community/ao_01.sav,kyrgyzstan-02-b52af7b045d9,2,ao_01.sav,.sav,47300,Life in Kyrgyzstan Study (LiK),2011,2011,community,dataset,openable,,
kyrgyzstan,data/interim/unpacked/kyrgyzstan/dataverse_files/depth_02/LIK_10_13_spss__b52af7b0/spss/data2011/community/ao_02.sav,kyrgyzstan-02-b52af7b045d9,2,ao_02.sav,.sav,97160,Life in Kyrgyzstan Study (LiK),2011,2011,community,dataset,openable,,
kyrgyzstan,data/interim/unpacked/kyrgyzstan/dataverse_files/depth_02/LIK_10_13_spss__b52af7b0/spss/data2011/control/cc_hh.sav,kyrgyzstan-02-b52af7b045d9,2,cc_hh.sav,.sav,152457,Life in Kyrgyzstan Study (LiK),2011,2011,UNCERTAIN,dataset,openable,,
kyrgyzstan,data/interim/unpacked/kyrgyzstan/dataverse_files/depth_02/LIK_10_13_spss__b52af7b0/spss/data2011/control/cc_ind.sav,kyrgyzstan-02-b52af7b045d9,2,cc_ind.sav,.sav,332810,Life in Kyrgyzstan Study (LiK),2011,2011,UNCERTAIN,dataset,openable,,
kyrgyzstan,data/interim/unpacked/kyrgyzstan/dataverse_files/depth_02/LIK_10_13_spss__b52af7b0/spss/data2011/household/hh1a.sav,kyrgyzstan-02-b52af7b045d9,2,hh1a.sav,.sav,413428,Life in Kyrgyzstan Study (LiK),2011,2011,household,dataset,openable,,
kyrgyzstan,data/interim/unpacked/kyrgyzstan/dataverse_files/depth_02/LIK_10_13_spss__b52af7b0/spss/data2011/household/hh1b.sav,kyrgyzstan-02-b52af7b045d9,2,hh1b.sav,.sav,200958,Life in Kyrgyzstan Study (LiK),2011,2011,household,dataset,openable,,
kyrgyzstan,data/interim/unpacked/kyrgyzstan/dataverse_files/depth_02/LIK_10_13_spss__b52af7b0/spss/data2011/household/hh1c.sav,kyrgyzstan-02-b52af7b045d9,2,hh1c.sav,.sav,118688,Life in Kyrgyzstan Study (LiK),2011,2011,household,dataset,openable,,
kyrgyzstan,data/interim/unpacked/kyrgyzstan/dataverse_files/depth_02/LIK_10_13_spss__b52af7b0/spss/data2011/household/hh2a.sav,kyrgyzstan-02-b52af7b045d9,2,hh2a.sav,.sav,228388,Life in Kyrgyzstan Study (LiK),2011,2011,household,dataset,openable,,
kyrgyzstan,data/interim/unpacked/kyrgyzstan/dataverse_files/depth_02/LIK_10_13_spss__b52af7b0/spss/data2011/household/hh2b.sav,kyrgyzstan-02-b52af7b045d9,2,hh2b.sav,.sav,593950,Life in Kyrgyzstan Study (LiK),2011,2011,household,dataset,openable,,
kyrgyzstan,data/interim/unpacked/kyrgyzstan/dataverse_files/depth_02/LIK_10_13_spss__b52af7b0/spss/data2011/household/hh2c.sav,kyrgyzstan-02-b52af7b045d9,2,hh2c.sav,.sav,111860,Life in Kyrgyzstan Study (LiK),2011,2011,household,dataset,openable,,
kyrgyzstan,data/interim/unpacked/kyrgyzstan/dataverse_files/depth_02/LIK_10_13_spss__b52af7b0/spss/data2011/household/hh3.sav,kyrgyzstan-02-b52af7b045d9,2,hh3.sav,.sav,111560,Life in Kyrgyzstan Study (LiK),2011,2011,household,dataset,openable,,
kyrgyzstan,data/interim/unpacked/kyrgyzstan/dataverse_files/depth_02/LIK_10_13_spss__b52af7b0/spss/data2011/household/hh4a.sav,kyrgyzstan-02-b52af7b045d9,2,hh4a.sav,.sav,1267914,Life in Kyrgyzstan Study (LiK),2011,2011,household,dataset,openable,,
kyrgyzstan,data/interim/unpacked/kyrgyzstan/dataverse_files/depth_02/LIK_10_13_spss__b52af7b0/spss/data2011/household/hh4b.sav,kyrgyzstan-02-b52af7b045d9,2,hh4b.sav,.sav,681164,Life in Kyrgyzstan Study (LiK),2011,2011,household,dataset,openable,,
kyrgyzstan,data/interim/unpacked/kyrgyzstan/dataverse_files/depth_02/LIK_10_13_spss__b52af7b0/spss/data2011/household/hh4c.sav,kyrgyzstan-02-b52af7b045d9,2,hh4c.sav,.sav,482038,Life in Kyrgyzstan Study (LiK),2011,2011,household,dataset,openable,,
kyrgyzstan,data/interim/unpacked/kyrgyzstan/dataverse_files/depth_02/LIK_10_13_spss__b52af7b0/spss/data2011/household/hh5.sav,kyrgyzstan-02-b52af7b045d9,2,hh5.sav,.sav,124532,Life in Kyrgyzstan Study (LiK),2011,2011,household,dataset,openable,,
kyrgyzstan,data/interim/unpacked/kyrgyzstan/dataverse_files/depth_02/LIK_10_13_spss__b52af7b0/spss/data2011/household/hh6.sav,kyrgyzstan-02-b52af7b045d9,2,hh6.sav,.sav,43960,Life in Kyrgyzstan Study (LiK),2011,2011,household,dataset,openable,,
kyrgyzstan,data/interim/unpacked/kyrgyzstan/dataverse_files/depth_02/LIK_10_13_spss__b52af7b0/spss/data2011/household/hh6a.sav,kyrgyzstan-02-b52af7b045d9,2,hh6a.sav,.sav,39122,Life in Kyrgyzstan Study (LiK),2011,2011,household,dataset,openable,,
kyrgyzstan,data/interim/unpacked/kyrgyzstan/dataverse_files/depth_02/LIK_10_13_spss__b52af7b0/spss/data2011/household/hh6b.sav,kyrgyzstan-02-b52af7b045d9,2,hh6b.sav,.sav,29294,Life in Kyrgyzstan Study (LiK),2011,2011,household,dataset,openable,,
kyrgyzstan,data/interim/unpacked/kyrgyzstan/dataverse_files/depth_02/LIK_10_13_spss__b52af7b0/spss/data2011/household/hh7.sav,kyrgyzstan-02-b52af7b045d9,2,hh7.sav,.sav,129736,Life in Kyrgyzstan Study (LiK),2011,2011,household,dataset,openable,,
kyrgyzstan,data/interim/unpacked/kyrgyzstan/dataverse_files/depth_02/LIK_10_13_spss__b52af7b0/spss/data2011/household/Icon,kyrgyzstan-02-b52af7b045d9,2,Icon,,0,Life in Kyrgyzstan Study (LiK),2011,2011,household,other,openable,,
kyrgyzstan,data/interim/unpacked/kyrgyzstan/dataverse_files/depth_02/LIK_10_13_spss__b52af7b0/spss/data2011/individual/id0.sav,kyrgyzstan-02-b52af7b045d9,2,id0.sav,.sav,256320,Life in Kyrgyzstan Study (LiK),2011,2011,person,dataset,openable,,
kyrgyzstan,data/interim/unpacked/kyrgyzstan/dataverse_files/depth_02/LIK_10_13_spss__b52af7b0/spss/data2011/individual/id1.sav,kyrgyzstan-02-b52af7b045d9,2,id1.sav,.sav,238760,Life in Kyrgyzstan Study (LiK),2011,2011,person,dataset,openable,,
kyrgyzstan,data/interim/unpacked/kyrgyzstan/dataverse_files/depth_02/LIK_10_13_spss__b52af7b0/spss/data2011/individual/id2.sav,kyrgyzstan-02-b52af7b045d9,2,id2.sav,.sav,673794,Life in Kyrgyzstan Study (LiK),2011,2011,person,dataset,openable,,
kyrgyzstan,data/interim/unpacked/kyrgyzstan/dataverse_files/depth_02/LIK_10_13_spss__b52af7b0/spss/data2011/individual/id3.sav,kyrgyzstan-02-b52af7b045d9,2,id3.sav,.sav,983356,Life in Kyrgyzstan Study (LiK),2011,2011,person,dataset,openable,,
kyrgyzstan,data/interim/unpacked/kyrgyzstan/dataverse_files/depth_02/LIK_10_13_spss__b52af7b0/spss/data2011/individual/id3d.sav,kyrgyzstan-02-b52af7b045d9,2,id3d.sav,.sav,235036,Life in Kyrgyzstan Study (LiK),2011,2011,person,dataset,openable,,
kyrgyzstan,data/interim/unpacked/kyrgyzstan/dataverse_files/depth_02/LIK_10_13_spss__b52af7b0/spss/data2011/individual/id3e.sav,kyrgyzstan-02-b52af7b045d9,2,id3e.sav,.sav,34722,Life in Kyrgyzstan Study (LiK),2011,2011,person,dataset,openable,,
kyrgyzstan,data/interim/unpacked/kyrgyzstan/dataverse_files/depth_02/LIK_10_13_spss__b52af7b0/spss/data2011/individual/id4.sav,kyrgyzstan-02-b52af7b045d9,2,id4.sav,.sav,363720,Life in Kyrgyzstan Study (LiK),2011,2011,person,dataset,openable,,
kyrgyzstan,data/interim/unpacked/kyrgyzstan/dataverse_files/depth_02/LIK_10_13_spss__b52af7b0/spss/data2011/individual/id5a.sav,kyrgyzstan-02-b52af7b045d9,2,id5a.sav,.sav,392892,Life in Kyrgyzstan Study (LiK),2011,2011,person,dataset,openable,,
kyrgyzstan,data/interim/unpacked/kyrgyzstan/dataverse_files/depth_02/LIK_10_13_spss__b52af7b0/spss/data2011/individual/id5b.sav,kyrgyzstan-02-b52af7b045d9,2,id5b.sav,.sav,2413454,Life in Kyrgyzstan Study (LiK),2011,2011,person,dataset,openable,,
kyrgyzstan,data/interim/unpacked/kyrgyzstan/dataverse_files/depth_02/LIK_10_13_spss__b52af7b0/spss/data2011/individual/id5c.sav,kyrgyzstan-02-b52af7b045d9,2,id5c.sav,.sav,4390716,Life in Kyrgyzstan Study (LiK),2011,2011,person,dataset,openable,,
kyrgyzstan,data/interim/unpacked/kyrgyzstan/dataverse_files/depth_02/LIK_10_13_spss__b52af7b0/spss/data2011/individual/id5d.sav,kyrgyzstan-02-b52af7b045d9,2,id5d.sav,.sav,139352,Life in Kyrgyzstan Study (LiK),2011,2011,person,dataset,openable,,
kyrgyzstan,data/interim/unpacked/kyrgyzstan/dataverse_files/depth_02/LIK_10_13_spss__b52af7b0/spss/data2011/individual/id5dch.sav,kyrgyzstan-02-b52af7b045d9,2,id5dch.sav,.sav,347424,Life in Kyrgyzstan Study (LiK),2011,2011,person,dataset,openable,,
kyrgyzstan,data/interim/unpacked/kyrgyzstan/dataverse_files/depth_02/LIK_10_13_spss__b52af7b0/spss/data2011/individual/id6.sav,kyrgyzstan-02-b52af7b045d9,2,id6.sav,.sav,212624,Life in Kyrgyzstan Study (LiK),2011,2011,person,dataset,openable,,
kyrgyzstan,data/interim/unpacked/kyrgyzstan/dataverse_files/depth_02/LIK_10_13_spss__b52af7b0/spss/data2011/individual/id7.sav,kyrgyzstan-02-b52af7b045d9,2,id7.sav,.sav,263478,Life in Kyrgyzstan Study (LiK),2011,2011,person,dataset,openable,,
kyrgyzstan,data/interim/unpacked/kyrgyzstan/dataverse_files/depth_02/LIK_10_13_spss__b52af7b0/spss/data2011/individual/id8.sav,kyrgyzstan-02-b52af7b045d9,2,id8.sav,.sav,710532,Life in Kyrgyzstan Study (LiK),2011,2011,person,dataset,openable,,
kyrgyzstan,data/interim/unpacked/kyrgyzstan/dataverse_files/depth_02/LIK_10_13_spss__b52af7b0/spss/data2012/community/ao_01.sav,kyrgyzstan-02-b52af7b045d9,2,ao_01.sav,.sav,7110,Life in Kyrgyzstan Study (LiK),2012,2012,community,dataset,openable,,
kyrgyzstan,data/interim/unpacked/kyrgyzstan/dataverse_files/depth_02/LIK_10_13_spss__b52af7b0/spss/data2012/community/ao_02.sav,kyrgyzstan-02-b52af7b045d9,2,ao_02.sav,.sav,56636,Life in Kyrgyzstan Study (LiK),2012,2012,community,dataset,openable,,
kyrgyzstan,data/interim/unpacked/kyrgyzstan/dataverse_files/depth_02/LIK_10_13_spss__b52af7b0/spss/data2012/community/Icon,kyrgyzstan-02-b52af7b045d9,2,Icon,,0,Life in Kyrgyzstan Study (LiK),2012,2012,community,other,openable,,
kyrgyzstan,data/interim/unpacked/kyrgyzstan/dataverse_files/depth_02/LIK_10_13_spss__b52af7b0/spss/data2012/control/cc_hh.sav,kyrgyzstan-02-b52af7b045d9,2,cc_hh.sav,.sav,161889,Life in Kyrgyzstan Study (LiK),2012,2012,UNCERTAIN,dataset,openable,,
kyrgyzstan,data/interim/unpacked/kyrgyzstan/dataverse_files/depth_02/LIK_10_13_spss__b52af7b0/spss/data2012/control/cc_ind.sav,kyrgyzstan-02-b52af7b045d9,2,cc_ind.sav,.sav,764951,Life in Kyrgyzstan Study (LiK),2012,2012,UNCERTAIN,dataset,openable,,
kyrgyzstan,data/interim/unpacked/kyrgyzstan/dataverse_files/depth_02/LIK_10_13_spss__b52af7b0/spss/data2012/control/Icon,kyrgyzstan-02-b52af7b045d9,2,Icon,,0,Life in Kyrgyzstan Study (LiK),2012,2012,UNCERTAIN,other,openable,,
kyrgyzstan,data/interim/unpacked/kyrgyzstan/dataverse_files/depth_02/LIK_10_13_spss__b52af7b0/spss/data2012/household/hh0.sav,kyrgyzstan-02-b52af7b045d9,2,hh0.sav,.sav,167848,Life in Kyrgyzstan Study (LiK),2012,2012,household,dataset,openable,,
kyrgyzstan,data/interim/unpacked/kyrgyzstan/dataverse_files/depth_02/LIK_10_13_spss__b52af7b0/spss/data2012/household/hh1a.sav,kyrgyzstan-02-b52af7b045d9,2,hh1a.sav,.sav,414536,Life in Kyrgyzstan Study (LiK),2012,2012,household,dataset,openable,,
kyrgyzstan,data/interim/unpacked/kyrgyzstan/dataverse_files/depth_02/LIK_10_13_spss__b52af7b0/spss/data2012/household/hh1b.sav,kyrgyzstan-02-b52af7b045d9,2,hh1b.sav,.sav,201116,Life in Kyrgyzstan Study (LiK),2012,2012,household,dataset,openable,,
kyrgyzstan,data/interim/unpacked/kyrgyzstan/dataverse_files/depth_02/LIK_10_13_spss__b52af7b0/spss/data2012/household/hh1c.sav,kyrgyzstan-02-b52af7b045d9,2,hh1c.sav,.sav,123204,Life in Kyrgyzstan Study (LiK),2012,2012,household,dataset,openable,,
kyrgyzstan,data/interim/unpacked/kyrgyzstan/dataverse_files/depth_02/LIK_10_13_spss__b52af7b0/spss/data2012/household/hh2a.sav,kyrgyzstan-02-b52af7b045d9,2,hh2a.sav,.sav,226480,Life in Kyrgyzstan Study (LiK),2012,2012,household,dataset,openable,,
kyrgyzstan,data/interim/unpacked/kyrgyzstan/dataverse_files/depth_02/LIK_10_13_spss__b52af7b0/spss/data2012/household/hh2b.sav,kyrgyzstan-02-b52af7b045d9,2,hh2b.sav,.sav,603810,Life in Kyrgyzstan Study (LiK),2012,2012,household,dataset,openable,,
kyrgyzstan,data/interim/unpacked/kyrgyzstan/dataverse_files/depth_02/LIK_10_13_spss__b52af7b0/spss/data2012/household/hh2c.sav,kyrgyzstan-02-b52af7b045d9,2,hh2c.sav,.sav,128958,Life in Kyrgyzstan Study (LiK),2012,2012,household,dataset,openable,,
kyrgyzstan,data/interim/unpacked/kyrgyzstan/dataverse_files/depth_02/LIK_10_13_spss__b52af7b0/spss/data2012/household/hh3.sav,kyrgyzstan-02-b52af7b045d9,2,hh3.sav,.sav,132498,Life in Kyrgyzstan Study (LiK),2012,2012,household,dataset,openable,,
kyrgyzstan,data/interim/unpacked/kyrgyzstan/dataverse_files/depth_02/LIK_10_13_spss__b52af7b0/spss/data2012/household/hh3a.sav,kyrgyzstan-02-b52af7b045d9,2,hh3a.sav,.sav,190758,Life in Kyrgyzstan Study (LiK),2012,2012,household,dataset,openable,,
kyrgyzstan,data/interim/unpacked/kyrgyzstan/dataverse_files/depth_02/LIK_10_13_spss__b52af7b0/spss/data2012/household/hh4a.sav,kyrgyzstan-02-b52af7b045d9,2,hh4a.sav,.sav,1559326,Life in Kyrgyzstan Study (LiK),2012,2012,household,dataset,openable,,
kyrgyzstan,data/interim/unpacked/kyrgyzstan/dataverse_files/depth_02/LIK_10_13_spss__b52af7b0/spss/data2012/household/hh4b.sav,kyrgyzstan-02-b52af7b045d9,2,hh4b.sav,.sav,784804,Life in Kyrgyzstan Study (LiK),2012,2012,household,dataset,openable,,
kyrgyzstan,data/interim/unpacked/kyrgyzstan/dataverse_files/depth_02/LIK_10_13_spss__b52af7b0/spss/data2012/household/hh4c.sav,kyrgyzstan-02-b52af7b045d9,2,hh4c.sav,.sav,575656,Life in Kyrgyzstan Study (LiK),2012,2012,household,dataset,openable,,
kyrgyzstan,data/interim/unpacked/kyrgyzstan/dataverse_files/depth_02/LIK_10_13_spss__b52af7b0/spss/data2012/household/hh5.sav,kyrgyzstan-02-b52af7b045d9,2,hh5.sav,.sav,122768,Life in Kyrgyzstan Study (LiK),2012,2012,household,dataset,openable,,
kyrgyzstan,data/interim/unpacked/kyrgyzstan/dataverse_files/depth_02/LIK_10_13_spss__b52af7b0/spss/data2012/household/hh6.sav,kyrgyzstan-02-b52af7b045d9,2,hh6.sav,.sav,6790,Life in Kyrgyzstan Study (LiK),2012,2012,household,dataset,openable,,
kyrgyzstan,data/interim/unpacked/kyrgyzstan/dataverse_files/depth_02/LIK_10_13_spss__b52af7b0/spss/data2012/household/hh6a.sav,kyrgyzstan-02-b52af7b045d9,2,hh6a.sav,.sav,53458,Life in Kyrgyzstan Study (LiK),2012,2012,household,dataset,openable,,
kyrgyzstan,data/interim/unpacked/kyrgyzstan/dataverse_files/depth_02/LIK_10_13_spss__b52af7b0/spss/data2012/household/hh6b.sav,kyrgyzstan-02-b52af7b045d9,2,hh6b.sav,.sav,30138,Life in Kyrgyzstan Study (LiK),2012,2012,household,dataset,openable,,
kyrgyzstan,data/interim/unpacked/kyrgyzstan/dataverse_files/depth_02/LIK_10_13_spss__b52af7b0/spss/data2012/household/hh7.sav,kyrgyzstan-02-b52af7b045d9,2,hh7.sav,.sav,126740,Life in Kyrgyzstan Study (LiK),2012,2012,household,dataset,openable,,
kyrgyzstan,data/interim/unpacked/kyrgyzstan/dataverse_files/depth_02/LIK_10_13_spss__b52af7b0/spss/data2012/household/Icon,kyrgyzstan-02-b52af7b045d9,2,Icon,,0,Life in Kyrgyzstan Study (LiK),2012,2012,household,other,openable,,
kyrgyzstan,data/interim/unpacked/kyrgyzstan/dataverse_files/depth_02/LIK_10_13_spss__b52af7b0/spss/data2012/individual/id0.sav,kyrgyzstan-02-b52af7b045d9,2,id0.sav,.sav,250560,Life in Kyrgyzstan Study (LiK),2012,2012,person,dataset,openable,,
kyrgyzstan,data/interim/unpacked/kyrgyzstan/dataverse_files/depth_02/LIK_10_13_spss__b52af7b0/spss/data2012/individual/id1.sav,kyrgyzstan-02-b52af7b045d9,2,id1.sav,.sav,241436,Life in Kyrgyzstan Study (LiK),2012,2012,person,dataset,openable,,
kyrgyzstan,data/interim/unpacked/kyrgyzstan/dataverse_files/depth_02/LIK_10_13_spss__b52af7b0/spss/data2012/individual/id2.sav,kyrgyzstan-02-b52af7b045d9,2,id2.sav,.sav,926036,Life in Kyrgyzstan Study (LiK),2012,2012,person,dataset,openable,,
kyrgyzstan,data/interim/unpacked/kyrgyzstan/dataverse_files/depth_02/LIK_10_13_spss__b52af7b0/spss/data2012/individual/id3.sav,kyrgyzstan-02-b52af7b045d9,2,id3.sav,.sav,994360,Life in Kyrgyzstan Study (LiK),2012,2012,person,dataset,openable,,
kyrgyzstan,data/interim/unpacked/kyrgyzstan/dataverse_files/depth_02/LIK_10_13_spss__b52af7b0/spss/data2012/individual/id3d.sav,kyrgyzstan-02-b52af7b045d9,2,id3d.sav,.sav,243886,Life in Kyrgyzstan Study (LiK),2012,2012,person,dataset,openable,,
kyrgyzstan,data/interim/unpacked/kyrgyzstan/dataverse_files/depth_02/LIK_10_13_spss__b52af7b0/spss/data2012/individual/id3e.sav,kyrgyzstan-02-b52af7b045d9,2,id3e.sav,.sav,52522,Life in Kyrgyzstan Study (LiK),2012,2012,person,dataset,openable,,
kyrgyzstan,data/interim/unpacked/kyrgyzstan/dataverse_files/depth_02/LIK_10_13_spss__b52af7b0/spss/data2012/individual/id4.sav,kyrgyzstan-02-b52af7b045d9,2,id4.sav,.sav,378318,Life in Kyrgyzstan Study (LiK),2012,2012,person,dataset,openable,,
kyrgyzstan,data/interim/unpacked/kyrgyzstan/dataverse_files/depth_02/LIK_10_13_spss__b52af7b0/spss/data2012/individual/id5a.sav,kyrgyzstan-02-b52af7b045d9,2,id5a.sav,.sav,347542,Life in Kyrgyzstan Study (LiK),2012,2012,person,dataset,openable,,
kyrgyzstan,data/interim/unpacked/kyrgyzstan/dataverse_files/depth_02/LIK_10_13_spss__b52af7b0/spss/data2012/individual/id5b.sav,kyrgyzstan-02-b52af7b045d9,2,id5b.sav,.sav,296602,Life in Kyrgyzstan Study (LiK),2012,2012,person,dataset,openable,,
kyrgyzstan,data/interim/unpacked/kyrgyzstan/dataverse_files/depth_02/LIK_10_13_spss__b52af7b0/spss/data2012/individual/id5c.sav,kyrgyzstan-02-b52af7b045d9,2,id5c.sav,.sav,4495224,Life in Kyrgyzstan Study (LiK),2012,2012,person,dataset,openable,,
kyrgyzstan,data/interim/unpacked/kyrgyzstan/dataverse_files/depth_02/LIK_10_13_spss__b52af7b0/spss/data2012/individual/id5d.sav,kyrgyzstan-02-b52af7b045d9,2,id5d.sav,.sav,18492,Life in Kyrgyzstan Study (LiK),2012,2012,person,dataset,openable,,
kyrgyzstan,data/interim/unpacked/kyrgyzstan/dataverse_files/depth_02/LIK_10_13_spss__b52af7b0/spss/data2012/individual/id5dch.sav,kyrgyzstan-02-b52af7b045d9,2,id5dch.sav,.sav,23384,Life in Kyrgyzstan Study (LiK),2012,2012,person,dataset,openable,,
kyrgyzstan,data/interim/unpacked/kyrgyzstan/dataverse_files/depth_02/LIK_10_13_spss__b52af7b0/spss/data2012/individual/id5e.sav,kyrgyzstan-02-b52af7b045d9,2,id5e.sav,.sav,140940,Life in Kyrgyzstan Study (LiK),2012,2012,person,dataset,openable,,
kyrgyzstan,data/interim/unpacked/kyrgyzstan/dataverse_files/depth_02/LIK_10_13_spss__b52af7b0/spss/data2012/individual/id6.sav,kyrgyzstan-02-b52af7b045d9,2,id6.sav,.sav,224364,Life in Kyrgyzstan Study (LiK),2012,2012,person,dataset,openable,,
kyrgyzstan,data/interim/unpacked/kyrgyzstan/dataverse_files/depth_02/LIK_10_13_spss__b52af7b0/spss/data2012/individual/id7.sav,kyrgyzstan-02-b52af7b045d9,2,id7.sav,.sav,266942,Life in Kyrgyzstan Study (LiK),2012,2012,person,dataset,openable,,
kyrgyzstan,data/interim/unpacked/kyrgyzstan/dataverse_files/depth_02/LIK_10_13_spss__b52af7b0/spss/data2012/individual/id8.sav,kyrgyzstan-02-b52af7b045d9,2,id8.sav,.sav,542256,Life in Kyrgyzstan Study (LiK),2012,2012,person,dataset,openable,,
kyrgyzstan,data/interim/unpacked/kyrgyzstan/dataverse_files/depth_02/LIK_10_13_spss__b52af7b0/spss/data2012/individual/id8c.sav,kyrgyzstan-02-b52af7b045d9,2,id8c.sav,.sav,324346,Life in Kyrgyzstan Study (LiK),2012,2012,person,dataset,openable,,
kyrgyzstan,data/interim/unpacked/kyrgyzstan/dataverse_files/depth_02/LIK_10_13_spss__b52af7b0/spss/data2012/individual/id8d.sav,kyrgyzstan-02-b52af7b045d9,2,id8d.sav,.sav,222316,Life in Kyrgyzstan Study (LiK),2012,2012,person,dataset,openable,,
kyrgyzstan,data/interim/unpacked/kyrgyzstan/dataverse_files/depth_02/LIK_10_13_spss__b52af7b0/spss/data2013/community/cm1.sav,kyrgyzstan-02-b52af7b045d9,2,cm1.sav,.sav,75238,Life in Kyrgyzstan Study (LiK),2013,2013,community,dataset,openable,,
kyrgyzstan,data/interim/unpacked/kyrgyzstan/dataverse_files/depth_02/LIK_10_13_spss__b52af7b0/spss/data2013/community/cm1_prices.sav,kyrgyzstan-02-b52af7b045d9,2,cm1_prices.sav,.sav,84898,Life in Kyrgyzstan Study (LiK),2013,2013,community,dataset,openable,,
kyrgyzstan,data/interim/unpacked/kyrgyzstan/dataverse_files/depth_02/LIK_10_13_spss__b52af7b0/spss/data2013/control/cc_hh.sav,kyrgyzstan-02-b52af7b045d9,2,cc_hh.sav,.sav,136239,Life in Kyrgyzstan Study (LiK),2013,2013,UNCERTAIN,dataset,openable,,
kyrgyzstan,data/interim/unpacked/kyrgyzstan/dataverse_files/depth_02/LIK_10_13_spss__b52af7b0/spss/data2013/control/cc_ind.sav,kyrgyzstan-02-b52af7b045d9,2,cc_ind.sav,.sav,537460,Life in Kyrgyzstan Study (LiK),2013,2013,UNCERTAIN,dataset,openable,,
kyrgyzstan,data/interim/unpacked/kyrgyzstan/dataverse_files/depth_02/LIK_10_13_spss__b52af7b0/spss/data2013/household/hh0.sav,kyrgyzstan-02-b52af7b045d9,2,hh0.sav,.sav,296929,Life in Kyrgyzstan Study (LiK),2013,2013,household,dataset,openable,,
kyrgyzstan,data/interim/unpacked/kyrgyzstan/dataverse_files/depth_02/LIK_10_13_spss__b52af7b0/spss/data2013/household/hh1a.sav,kyrgyzstan-02-b52af7b045d9,2,hh1a.sav,.sav,369722,Life in Kyrgyzstan Study (LiK),2013,2013,household,dataset,openable,,
kyrgyzstan,data/interim/unpacked/kyrgyzstan/dataverse_files/depth_02/LIK_10_13_spss__b52af7b0/spss/data2013/household/hh1b.sav,kyrgyzstan-02-b52af7b045d9,2,hh1b.sav,.sav,150590,Life in Kyrgyzstan Study (LiK),2013,2013,household,dataset,openable,,
kyrgyzstan,data/interim/unpacked/kyrgyzstan/dataverse_files/depth_02/LIK_10_13_spss__b52af7b0/spss/data2013/household/hh1c.sav,kyrgyzstan-02-b52af7b045d9,2,hh1c.sav,.sav,129652,Life in Kyrgyzstan Study (LiK),2013,2013,household,dataset,openable,,
kyrgyzstan,data/interim/unpacked/kyrgyzstan/dataverse_files/depth_02/LIK_10_13_spss__b52af7b0/spss/data2013/household/hh1d.sav,kyrgyzstan-02-b52af7b045d9,2,hh1d.sav,.sav,42108,Life in Kyrgyzstan Study (LiK),2013,2013,household,dataset,openable,,
kyrgyzstan,data/interim/unpacked/kyrgyzstan/dataverse_files/depth_02/LIK_10_13_spss__b52af7b0/spss/data2013/household/hh2a.sav,kyrgyzstan-02-b52af7b045d9,2,hh2a.sav,.sav,244992,Life in Kyrgyzstan Study (LiK),2013,2013,household,dataset,openable,,
kyrgyzstan,data/interim/unpacked/kyrgyzstan/dataverse_files/depth_02/LIK_10_13_spss__b52af7b0/spss/data2013/household/hh2b.sav,kyrgyzstan-02-b52af7b045d9,2,hh2b.sav,.sav,792456,Life in Kyrgyzstan Study (LiK),2013,2013,household,dataset,openable,,
kyrgyzstan,data/interim/unpacked/kyrgyzstan/dataverse_files/depth_02/LIK_10_13_spss__b52af7b0/spss/data2013/household/hh2c.sav,kyrgyzstan-02-b52af7b045d9,2,hh2c.sav,.sav,151098,Life in Kyrgyzstan Study (LiK),2013,2013,household,dataset,openable,,
kyrgyzstan,data/interim/unpacked/kyrgyzstan/dataverse_files/depth_02/LIK_10_13_spss__b52af7b0/spss/data2013/household/hh2d.sav,kyrgyzstan-02-b52af7b045d9,2,hh2d.sav,.sav,53856,Life in Kyrgyzstan Study (LiK),2013,2013,household,dataset,openable,,
kyrgyzstan,data/interim/unpacked/kyrgyzstan/dataverse_files/depth_02/LIK_10_13_spss__b52af7b0/spss/data2013/household/hh3.sav,kyrgyzstan-02-b52af7b045d9,2,hh3.sav,.sav,91380,Life in Kyrgyzstan Study (LiK),2013,2013,household,dataset,openable,,
kyrgyzstan,data/interim/unpacked/kyrgyzstan/dataverse_files/depth_02/LIK_10_13_spss__b52af7b0/spss/data2013/household/hh3a.sav,kyrgyzstan-02-b52af7b045d9,2,hh3a.sav,.sav,135390,Life in Kyrgyzstan Study (LiK),2013,2013,household,dataset,openable,,
kyrgyzstan,data/interim/unpacked/kyrgyzstan/dataverse_files/depth_02/LIK_10_13_spss__b52af7b0/spss/data2013/household/hh4a.sav,kyrgyzstan-02-b52af7b045d9,2,hh4a.sav,.sav,1282062,Life in Kyrgyzstan Study (LiK),2013,2013,household,dataset,openable,,
kyrgyzstan,data/interim/unpacked/kyrgyzstan/dataverse_files/depth_02/LIK_10_13_spss__b52af7b0/spss/data2013/household/hh4b.sav,kyrgyzstan-02-b52af7b045d9,2,hh4b.sav,.sav,747326,Life in Kyrgyzstan Study (LiK),2013,2013,household,dataset,openable,,
kyrgyzstan,data/interim/unpacked/kyrgyzstan/dataverse_files/depth_02/LIK_10_13_spss__b52af7b0/spss/data2013/household/hh4c.sav,kyrgyzstan-02-b52af7b045d9,2,hh4c.sav,.sav,456792,Life in Kyrgyzstan Study (LiK),2013,2013,household,dataset,openable,,
kyrgyzstan,data/interim/unpacked/kyrgyzstan/dataverse_files/depth_02/LIK_10_13_spss__b52af7b0/spss/data2013/household/hh5a.sav,kyrgyzstan-02-b52af7b045d9,2,hh5a.sav,.sav,82928,Life in Kyrgyzstan Study (LiK),2013,2013,household,dataset,openable,,
kyrgyzstan,data/interim/unpacked/kyrgyzstan/dataverse_files/depth_02/LIK_10_13_spss__b52af7b0/spss/data2013/household/hh5b.sav,kyrgyzstan-02-b52af7b045d9,2,hh5b.sav,.sav,34484,Life in Kyrgyzstan Study (LiK),2013,2013,household,dataset,openable,,
kyrgyzstan,data/interim/unpacked/kyrgyzstan/dataverse_files/depth_02/LIK_10_13_spss__b52af7b0/spss/data2013/household/hh6a.sav,kyrgyzstan-02-b52af7b045d9,2,hh6a.sav,.sav,52010,Life in Kyrgyzstan Study (LiK),2013,2013,household,dataset,openable,,
kyrgyzstan,data/interim/unpacked/kyrgyzstan/dataverse_files/depth_02/LIK_10_13_spss__b52af7b0/spss/data2013/household/hh6b.sav,kyrgyzstan-02-b52af7b045d9,2,hh6b.sav,.sav,30122,Life in Kyrgyzstan Study (LiK),2013,2013,household,dataset,openable,,
kyrgyzstan,data/interim/unpacked/kyrgyzstan/dataverse_files/depth_02/LIK_10_13_spss__b52af7b0/spss/data2013/household/hh7.sav,kyrgyzstan-02-b52af7b045d9,2,hh7.sav,.sav,116824,Life in Kyrgyzstan Study (LiK),2013,2013,household,dataset,openable,,
kyrgyzstan,data/interim/unpacked/kyrgyzstan/dataverse_files/depth_02/LIK_10_13_spss__b52af7b0/spss/data2013/individual/id0.sav,kyrgyzstan-02-b52af7b045d9,2,id0.sav,.sav,625812,Life in Kyrgyzstan Study (LiK),2013,2013,person,dataset,openable,,
kyrgyzstan,data/interim/unpacked/kyrgyzstan/dataverse_files/depth_02/LIK_10_13_spss__b52af7b0/spss/data2013/individual/id1.sav,kyrgyzstan-02-b52af7b045d9,2,id1.sav,.sav,226040,Life in Kyrgyzstan Study (LiK),2013,2013,person,dataset,openable,,
kyrgyzstan,data/interim/unpacked/kyrgyzstan/dataverse_files/depth_02/LIK_10_13_spss__b52af7b0/spss/data2013/individual/id2a.sav,kyrgyzstan-02-b52af7b045d9,2,id2a.sav,.sav,407414,Life in Kyrgyzstan Study (LiK),2013,2013,person,dataset,openable,,
kyrgyzstan,data/interim/unpacked/kyrgyzstan/dataverse_files/depth_02/LIK_10_13_spss__b52af7b0/spss/data2013/individual/id2b.sav,kyrgyzstan-02-b52af7b045d9,2,id2b.sav,.sav,462450,Life in Kyrgyzstan Study (LiK),2013,2013,person,dataset,openable,,
kyrgyzstan,data/interim/unpacked/kyrgyzstan/dataverse_files/depth_02/LIK_10_13_spss__b52af7b0/spss/data2013/individual/id2c.sav,kyrgyzstan-02-b52af7b045d9,2,id2c.sav,.sav,32240,Life in Kyrgyzstan Study (LiK),2013,2013,person,dataset,openable,,
kyrgyzstan,data/interim/unpacked/kyrgyzstan/dataverse_files/depth_02/LIK_10_13_spss__b52af7b0/spss/data2013/individual/id3a.sav,kyrgyzstan-02-b52af7b045d9,2,id3a.sav,.sav,108290,Life in Kyrgyzstan Study (LiK),2013,2013,person,dataset,openable,,
kyrgyzstan,data/interim/unpacked/kyrgyzstan/dataverse_files/depth_02/LIK_10_13_spss__b52af7b0/spss/data2013/individual/id3b.sav,kyrgyzstan-02-b52af7b045d9,2,id3b.sav,.sav,506330,Life in Kyrgyzstan Study (LiK),2013,2013,person,dataset,openable,,
kyrgyzstan,data/interim/unpacked/kyrgyzstan/dataverse_files/depth_02/LIK_10_13_spss__b52af7b0/spss/data2013/individual/id3c.sav,kyrgyzstan-02-b52af7b045d9,2,id3c.sav,.sav,220524,Life in Kyrgyzstan Study (LiK),2013,2013,person,dataset,openable,,
kyrgyzstan,data/interim/unpacked/kyrgyzstan/dataverse_files/depth_02/LIK_10_13_spss__b52af7b0/spss/data2013/individual/id3d.sav,kyrgyzstan-02-b52af7b045d9,2,id3d.sav,.sav,251426,Life in Kyrgyzstan Study (LiK),2013,2013,person,dataset,openable,,
kyrgyzstan,data/interim/unpacked/kyrgyzstan/dataverse_files/depth_02/LIK_10_13_spss__b52af7b0/spss/data2013/individual/id3e.sav,kyrgyzstan-02-b52af7b045d9,2,id3e.sav,.sav,87904,Life in Kyrgyzstan Study (LiK),2013,2013,person,dataset,openable,,
kyrgyzstan,data/interim/unpacked/kyrgyzstan/dataverse_files/depth_02/LIK_10_13_spss__b52af7b0/spss/data2013/individual/id4.sav,kyrgyzstan-02-b52af7b045d9,2,id4.sav,.sav,353278,Life in Kyrgyzstan Study (LiK),2013,2013,person,dataset,openable,,
kyrgyzstan,data/interim/unpacked/kyrgyzstan/dataverse_files/depth_02/LIK_10_13_spss__b52af7b0/spss/data2013/individual/id5b.sav,kyrgyzstan-02-b52af7b045d9,2,id5b.sav,.sav,349970,Life in Kyrgyzstan Study (LiK),2013,2013,person,dataset,openable,,
kyrgyzstan,data/interim/unpacked/kyrgyzstan/dataverse_files/depth_02/LIK_10_13_spss__b52af7b0/spss/data2013/individual/id5c.sav,kyrgyzstan-02-b52af7b045d9,2,id5c.sav,.sav,3936736,Life in Kyrgyzstan Study (LiK),2013,2013,person,dataset,openable,,
kyrgyzstan,data/interim/unpacked/kyrgyzstan/dataverse_files/depth_02/LIK_10_13_spss__b52af7b0/spss/data2013/individual/id5d.sav,kyrgyzstan-02-b52af7b045d9,2,id5d.sav,.sav,109398,Life in Kyrgyzstan Study (LiK),2013,2013,person,dataset,openable,,
kyrgyzstan,data/interim/unpacked/kyrgyzstan/dataverse_files/depth_02/LIK_10_13_spss__b52af7b0/spss/data2013/individual/id5dch.sav,kyrgyzstan-02-b52af7b045d9,2,id5dch.sav,.sav,32228,Life in Kyrgyzstan Study (LiK),2013,2013,person,dataset,openable,,
kyrgyzstan,data/interim/unpacked/kyrgyzstan/dataverse_files/depth_02/LIK_10_13_spss__b52af7b0/spss/data2013/individual/id5e.sav,kyrgyzstan-02-b52af7b045d9,2,id5e.sav,.sav,150540,Life in Kyrgyzstan Study (LiK),2013,2013,person,dataset,openable,,
kyrgyzstan,data/interim/unpacked/kyrgyzstan/dataverse_files/depth_02/LIK_10_13_spss__b52af7b0/spss/data2013/individual/id5f.sav,kyrgyzstan-02-b52af7b045d9,2,id5f.sav,.sav,22622,Life in Kyrgyzstan Study (LiK),2013,2013,person,dataset,openable,,
kyrgyzstan,data/interim/unpacked/kyrgyzstan/dataverse_files/depth_02/LIK_10_13_spss__b52af7b0/spss/data2013/individual/id6.sav,kyrgyzstan-02-b52af7b045d9,2,id6.sav,.sav,232604,Life in Kyrgyzstan Study (LiK),2013,2013,person,dataset,openable,,
kyrgyzstan,data/interim/unpacked/kyrgyzstan/dataverse_files/depth_02/LIK_10_13_spss__b52af7b0/spss/data2013/individual/id7.sav,kyrgyzstan-02-b52af7b045d9,2,id7.sav,.sav,257200,Life in Kyrgyzstan Study (LiK),2013,2013,person,dataset,openable,,
kyrgyzstan,data/interim/unpacked/kyrgyzstan/dataverse_files/depth_02/LIK_10_13_spss__b52af7b0/spss/data2013/individual/id8a.sav,kyrgyzstan-02-b52af7b045d9,2,id8a.sav,.sav,422634,Life in Kyrgyzstan Study (LiK),2013,2013,person,dataset,openable,,
kyrgyzstan,data/interim/unpacked/kyrgyzstan/dataverse_files/depth_02/LIK_10_13_spss__b52af7b0/spss/data2013/individual/id8b.sav,kyrgyzstan-02-b52af7b045d9,2,id8b.sav,.sav,178588,Life in Kyrgyzstan Study (LiK),2013,2013,person,dataset,openable,,
kyrgyzstan,data/interim/unpacked/kyrgyzstan/dataverse_files/depth_02/LIK_10_13_spss__b52af7b0/spss/data2013/individual/id8c.sav,kyrgyzstan-02-b52af7b045d9,2,id8c.sav,.sav,320758,Life in Kyrgyzstan Study (LiK),2013,2013,person,dataset,openable,,
kyrgyzstan,data/interim/unpacked/kyrgyzstan/dataverse_files/depth_02/LIK_10_13_spss__b52af7b0/spss/data2013/individual/id8d.sav,kyrgyzstan-02-b52af7b045d9,2,id8d.sav,.sav,601000,Life in Kyrgyzstan Study (LiK),2013,2013,person,dataset,openable,,
kyrgyzstan,data/interim/unpacked/kyrgyzstan/dataverse_files/depth_02/LIK_10_13_spss__b52af7b0/spss/data2013/individual/id8e.sav,kyrgyzstan-02-b52af7b045d9,2,id8e.sav,.sav,225698,Life in Kyrgyzstan Study (LiK),2013,2013,person,dataset,openable,,
kyrgyzstan,data/interim/unpacked/kyrgyzstan/dataverse_files/depth_02/LIK_10_13_spss__b52af7b0/spss/data2013/individual/id8f.sav,kyrgyzstan-02-b52af7b045d9,2,id8f.sav,.sav,657526,Life in Kyrgyzstan Study (LiK),2013,2013,person,dataset,openable,,
kyrgyzstan,data/interim/unpacked/kyrgyzstan/dataverse_files/depth_02/LIK_10_13_spss__b52af7b0/spss/data2013/individual/id8g.sav,kyrgyzstan-02-b52af7b045d9,2,id8g.sav,.sav,173978,Life in Kyrgyzstan Study (LiK),2013,2013,person,dataset,openable,,
kyrgyzstan,data/interim/unpacked/kyrgyzstan/dataverse_files/depth_02/LIK_10_13_spss__b52af7b0/spss/mroster/mroster1013_short.sav,kyrgyzstan-02-b52af7b045d9,2,mroster1013_short.sav,.sav,1528780,Life in Kyrgyzstan Study (LiK),,,UNCERTAIN,dataset,openable,,
kyrgyzstan,data/interim/unpacked/kyrgyzstan/dataverse_files/depth_02/LIK_10_13_stata__4f932d8b/stata/additional_data/Exchange_rates_2010-13.xlsx,kyrgyzstan-02-4f932d8b00ca,2,Exchange_rates_2010-13.xlsx,.xlsx,478574,Life in Kyrgyzstan Study (LiK),2010,2010,UNCERTAIN,dataset,openable,,
kyrgyzstan,data/interim/unpacked/kyrgyzstan/dataverse_files/depth_02/LIK_10_13_stata__4f932d8b/stata/additional_data/Thumbs.db,kyrgyzstan-02-4f932d8b00ca,2,Thumbs.db,.db,22016,Life in Kyrgyzstan Study (LiK),,,UNCERTAIN,other,openable,,
kyrgyzstan,data/interim/unpacked/kyrgyzstan/dataverse_files/depth_02/LIK_10_13_stata__4f932d8b/stata/data2010/community/cm1.dta,kyrgyzstan-02-4f932d8b00ca,2,cm1.dta,.dta,59320,Life in Kyrgyzstan Study (LiK),2010,2010,community,dataset,openable,,
kyrgyzstan,data/interim/unpacked/kyrgyzstan/dataverse_files/depth_02/LIK_10_13_stata__4f932d8b/stata/data2010/community/cm2.dta,kyrgyzstan-02-4f932d8b00ca,2,cm2.dta,.dta,92519,Life in Kyrgyzstan Study (LiK),2010,2010,community,dataset,openable,,
kyrgyzstan,data/interim/unpacked/kyrgyzstan/dataverse_files/depth_02/LIK_10_13_stata__4f932d8b/stata/data2010/control/hhcontrol.dta,kyrgyzstan-02-4f932d8b00ca,2,hhcontrol.dta,.dta,77110,Life in Kyrgyzstan Study (LiK),2010,2010,household,dataset,openable,,
kyrgyzstan,data/interim/unpacked/kyrgyzstan/dataverse_files/depth_02/LIK_10_13_stata__4f932d8b/stata/data2010/control/txt_eng.dta,kyrgyzstan-02-4f932d8b00ca,2,txt_eng.dta,.dta,2109450,Life in Kyrgyzstan Study (LiK),2010,2010,UNCERTAIN,dataset,openable,,
kyrgyzstan,data/interim/unpacked/kyrgyzstan/dataverse_files/depth_02/LIK_10_13_stata__4f932d8b/stata/data2010/household/hh1a.dta,kyrgyzstan-02-4f932d8b00ca,2,hh1a.dta,.dta,251618,Life in Kyrgyzstan Study (LiK),2010,2010,household,dataset,openable,,
kyrgyzstan,data/interim/unpacked/kyrgyzstan/dataverse_files/depth_02/LIK_10_13_stata__4f932d8b/stata/data2010/household/hh1b.dta,kyrgyzstan-02-4f932d8b00ca,2,hh1b.dta,.dta,154597,Life in Kyrgyzstan Study (LiK),2010,2010,household,dataset,openable,,
kyrgyzstan,data/interim/unpacked/kyrgyzstan/dataverse_files/depth_02/LIK_10_13_stata__4f932d8b/stata/data2010/household/hh1c.dta,kyrgyzstan-02-4f932d8b00ca,2,hh1c.dta,.dta,113741,Life in Kyrgyzstan Study (LiK),2010,2010,household,dataset,openable,,
kyrgyzstan,data/interim/unpacked/kyrgyzstan/dataverse_files/depth_02/LIK_10_13_stata__4f932d8b/stata/data2010/household/hh2a.dta,kyrgyzstan-02-4f932d8b00ca,2,hh2a.dta,.dta,147633,Life in Kyrgyzstan Study (LiK),2010,2010,household,dataset,openable,,
kyrgyzstan,data/interim/unpacked/kyrgyzstan/dataverse_files/depth_02/LIK_10_13_stata__4f932d8b/stata/data2010/household/hh2b.dta,kyrgyzstan-02-4f932d8b00ca,2,hh2b.dta,.dta,395085,Life in Kyrgyzstan Study (LiK),2010,2010,household,dataset,openable,,
kyrgyzstan,data/interim/unpacked/kyrgyzstan/dataverse_files/depth_02/LIK_10_13_stata__4f932d8b/stata/data2010/household/hh2c.dta,kyrgyzstan-02-4f932d8b00ca,2,hh2c.dta,.dta,148704,Life in Kyrgyzstan Study (LiK),2010,2010,household,dataset,openable,,
kyrgyzstan,data/interim/unpacked/kyrgyzstan/dataverse_files/depth_02/LIK_10_13_stata__4f932d8b/stata/data2010/household/hh3.dta,kyrgyzstan-02-4f932d8b00ca,2,hh3.dta,.dta,114043,Life in Kyrgyzstan Study (LiK),2010,2010,household,dataset,openable,,
kyrgyzstan,data/interim/unpacked/kyrgyzstan/dataverse_files/depth_02/LIK_10_13_stata__4f932d8b/stata/data2010/household/hh4a.dta,kyrgyzstan-02-4f932d8b00ca,2,hh4a.dta,.dta,933365,Life in Kyrgyzstan Study (LiK),2010,2010,household,dataset,openable,,
kyrgyzstan,data/interim/unpacked/kyrgyzstan/dataverse_files/depth_02/LIK_10_13_stata__4f932d8b/stata/data2010/household/hh4b.dta,kyrgyzstan-02-4f932d8b00ca,2,hh4b.dta,.dta,427758,Life in Kyrgyzstan Study (LiK),2010,2010,household,dataset,openable,,
kyrgyzstan,data/interim/unpacked/kyrgyzstan/dataverse_files/depth_02/LIK_10_13_stata__4f932d8b/stata/data2010/household/hh5.dta,kyrgyzstan-02-4f932d8b00ca,2,hh5.dta,.dta,50776,Life in Kyrgyzstan Study (LiK),2010,2010,household,dataset,openable,,
kyrgyzstan,data/interim/unpacked/kyrgyzstan/dataverse_files/depth_02/LIK_10_13_stata__4f932d8b/stata/data2010/household/hh6.dta,kyrgyzstan-02-4f932d8b00ca,2,hh6.dta,.dta,66090,Life in Kyrgyzstan Study (LiK),2010,2010,household,dataset,openable,,
kyrgyzstan,data/interim/unpacked/kyrgyzstan/dataverse_files/depth_02/LIK_10_13_stata__4f932d8b/stata/data2010/household/hh6a1.dta,kyrgyzstan-02-4f932d8b00ca,2,hh6a1.dta,.dta,9440,Life in Kyrgyzstan Study (LiK),2010,2010,household,dataset,openable,,
kyrgyzstan,data/interim/unpacked/kyrgyzstan/dataverse_files/depth_02/LIK_10_13_stata__4f932d8b/stata/data2010/household/hh6a2.dta,kyrgyzstan-02-4f932d8b00ca,2,hh6a2.dta,.dta,29378,Life in Kyrgyzstan Study (LiK),2010,2010,household,dataset,openable,,
kyrgyzstan,data/interim/unpacked/kyrgyzstan/dataverse_files/depth_02/LIK_10_13_stata__4f932d8b/stata/data2010/household/hh7.dta,kyrgyzstan-02-4f932d8b00ca,2,hh7.dta,.dta,172020,Life in Kyrgyzstan Study (LiK),2010,2010,household,dataset,openable,,
kyrgyzstan,data/interim/unpacked/kyrgyzstan/dataverse_files/depth_02/LIK_10_13_stata__4f932d8b/stata/data2010/individial/id1.dta,kyrgyzstan-02-4f932d8b00ca,2,id1.dta,.dta,133581,Life in Kyrgyzstan Study (LiK),2010,2010,person,dataset,openable,,
kyrgyzstan,data/interim/unpacked/kyrgyzstan/dataverse_files/depth_02/LIK_10_13_stata__4f932d8b/stata/data2010/individial/id2.dta,kyrgyzstan-02-4f932d8b00ca,2,id2.dta,.dta,1129089,Life in Kyrgyzstan Study (LiK),2010,2010,person,dataset,openable,,
kyrgyzstan,data/interim/unpacked/kyrgyzstan/dataverse_files/depth_02/LIK_10_13_stata__4f932d8b/stata/data2010/individial/id3.dta,kyrgyzstan-02-4f932d8b00ca,2,id3.dta,.dta,2075284,Life in Kyrgyzstan Study (LiK),2010,2010,person,dataset,openable,,
kyrgyzstan,data/interim/unpacked/kyrgyzstan/dataverse_files/depth_02/LIK_10_13_stata__4f932d8b/stata/data2010/individial/id3d.dta,kyrgyzstan-02-4f932d8b00ca,2,id3d.dta,.dta,643273,Life in Kyrgyzstan Study (LiK),2010,2010,person,dataset,openable,,
kyrgyzstan,data/interim/unpacked/kyrgyzstan/dataverse_files/depth_02/LIK_10_13_stata__4f932d8b/stata/data2010/individial/id3d_347.dta,kyrgyzstan-02-4f932d8b00ca,2,id3d_347.dta,.dta,49814,Life in Kyrgyzstan Study (LiK),2010,2010,person,dataset,openable,,
kyrgyzstan,data/interim/unpacked/kyrgyzstan/dataverse_files/depth_02/LIK_10_13_stata__4f932d8b/stata/data2010/individial/id3e.dta,kyrgyzstan-02-4f932d8b00ca,2,id3e.dta,.dta,1159316,Life in Kyrgyzstan Study (LiK),2010,2010,person,dataset,openable,,
kyrgyzstan,data/interim/unpacked/kyrgyzstan/dataverse_files/depth_02/LIK_10_13_stata__4f932d8b/stata/data2010/individial/id4.dta,kyrgyzstan-02-4f932d8b00ca,2,id4.dta,.dta,360550,Life in Kyrgyzstan Study (LiK),2010,2010,person,dataset,openable,,
kyrgyzstan,data/interim/unpacked/kyrgyzstan/dataverse_files/depth_02/LIK_10_13_stata__4f932d8b/stata/data2010/individial/id5.dta,kyrgyzstan-02-4f932d8b00ca,2,id5.dta,.dta,236906,Life in Kyrgyzstan Study (LiK),2010,2010,person,dataset,openable,,
kyrgyzstan,data/interim/unpacked/kyrgyzstan/dataverse_files/depth_02/LIK_10_13_stata__4f932d8b/stata/data2010/individial/id6.dta,kyrgyzstan-02-4f932d8b00ca,2,id6.dta,.dta,957981,Life in Kyrgyzstan Study (LiK),2010,2010,person,dataset,openable,,
kyrgyzstan,data/interim/unpacked/kyrgyzstan/dataverse_files/depth_02/LIK_10_13_stata__4f932d8b/stata/data2010/individial/id7.dta,kyrgyzstan-02-4f932d8b00ca,2,id7.dta,.dta,295951,Life in Kyrgyzstan Study (LiK),2010,2010,person,dataset,openable,,
kyrgyzstan,data/interim/unpacked/kyrgyzstan/dataverse_files/depth_02/LIK_10_13_stata__4f932d8b/stata/data2010/individial/id8.dta,kyrgyzstan-02-4f932d8b00ca,2,id8.dta,.dta,1045723,Life in Kyrgyzstan Study (LiK),2010,2010,person,dataset,openable,,
kyrgyzstan,data/interim/unpacked/kyrgyzstan/dataverse_files/depth_02/LIK_10_13_stata__4f932d8b/stata/data2011/community/ao_01.dta,kyrgyzstan-02-4f932d8b00ca,2,ao_01.dta,.dta,57622,Life in Kyrgyzstan Study (LiK),2011,2011,community,dataset,openable,,
kyrgyzstan,data/interim/unpacked/kyrgyzstan/dataverse_files/depth_02/LIK_10_13_stata__4f932d8b/stata/data2011/community/ao_02.dta,kyrgyzstan-02-4f932d8b00ca,2,ao_02.dta,.dta,124615,Life in Kyrgyzstan Study (LiK),2011,2011,community,dataset,openable,,
kyrgyzstan,data/interim/unpacked/kyrgyzstan/dataverse_files/depth_02/LIK_10_13_stata__4f932d8b/stata/data2011/control/cc_hh.dta,kyrgyzstan-02-4f932d8b00ca,2,cc_hh.dta,.dta,77985,Life in Kyrgyzstan Study (LiK),2011,2011,UNCERTAIN,dataset,openable,,
kyrgyzstan,data/interim/unpacked/kyrgyzstan/dataverse_files/depth_02/LIK_10_13_stata__4f932d8b/stata/data2011/control/cc_ind.dta,kyrgyzstan-02-4f932d8b00ca,2,cc_ind.dta,.dta,159278,Life in Kyrgyzstan Study (LiK),2011,2011,UNCERTAIN,dataset,openable,,
kyrgyzstan,data/interim/unpacked/kyrgyzstan/dataverse_files/depth_02/LIK_10_13_stata__4f932d8b/stata/data2011/household/hh1a.dta,kyrgyzstan-02-4f932d8b00ca,2,hh1a.dta,.dta,222797,Life in Kyrgyzstan Study (LiK),2011,2011,household,dataset,openable,,
kyrgyzstan,data/interim/unpacked/kyrgyzstan/dataverse_files/depth_02/LIK_10_13_stata__4f932d8b/stata/data2011/household/hh1b.dta,kyrgyzstan-02-4f932d8b00ca,2,hh1b.dta,.dta,147851,Life in Kyrgyzstan Study (LiK),2011,2011,household,dataset,openable,,
kyrgyzstan,data/interim/unpacked/kyrgyzstan/dataverse_files/depth_02/LIK_10_13_stata__4f932d8b/stata/data2011/household/hh1c.dta,kyrgyzstan-02-4f932d8b00ca,2,hh1c.dta,.dta,120098,Life in Kyrgyzstan Study (LiK),2011,2011,household,dataset,openable,,
kyrgyzstan,data/interim/unpacked/kyrgyzstan/dataverse_files/depth_02/LIK_10_13_stata__4f932d8b/stata/data2011/household/hh2a.dta,kyrgyzstan-02-4f932d8b00ca,2,hh2a.dta,.dta,186942,Life in Kyrgyzstan Study (LiK),2011,2011,household,dataset,openable,,
kyrgyzstan,data/interim/unpacked/kyrgyzstan/dataverse_files/depth_02/LIK_10_13_stata__4f932d8b/stata/data2011/household/hh2b.dta,kyrgyzstan-02-4f932d8b00ca,2,hh2b.dta,.dta,418645,Life in Kyrgyzstan Study (LiK),2011,2011,household,dataset,openable,,
kyrgyzstan,data/interim/unpacked/kyrgyzstan/dataverse_files/depth_02/LIK_10_13_stata__4f932d8b/stata/data2011/household/hh2c.dta,kyrgyzstan-02-4f932d8b00ca,2,hh2c.dta,.dta,118047,Life in Kyrgyzstan Study (LiK),2011,2011,household,dataset,openable,,
kyrgyzstan,data/interim/unpacked/kyrgyzstan/dataverse_files/depth_02/LIK_10_13_stata__4f932d8b/stata/data2011/household/hh3.dta,kyrgyzstan-02-4f932d8b00ca,2,hh3.dta,.dta,94224,Life in Kyrgyzstan Study (LiK),2011,2011,household,dataset,openable,,
kyrgyzstan,data/interim/unpacked/kyrgyzstan/dataverse_files/depth_02/LIK_10_13_stata__4f932d8b/stata/data2011/household/hh4a.dta,kyrgyzstan-02-4f932d8b00ca,2,hh4a.dta,.dta,1018728,Life in Kyrgyzstan Study (LiK),2011,2011,household,dataset,openable,,
kyrgyzstan,data/interim/unpacked/kyrgyzstan/dataverse_files/depth_02/LIK_10_13_stata__4f932d8b/stata/data2011/household/hh4b.dta,kyrgyzstan-02-4f932d8b00ca,2,hh4b.dta,.dta,317325,Life in Kyrgyzstan Study (LiK),2011,2011,household,dataset,openable,,
kyrgyzstan,data/interim/unpacked/kyrgyzstan/dataverse_files/depth_02/LIK_10_13_stata__4f932d8b/stata/data2011/household/hh4c.dta,kyrgyzstan-02-4f932d8b00ca,2,hh4c.dta,.dta,646135,Life in Kyrgyzstan Study (LiK),2011,2011,household,dataset,openable,,
kyrgyzstan,data/interim/unpacked/kyrgyzstan/dataverse_files/depth_02/LIK_10_13_stata__4f932d8b/stata/data2011/household/hh5.dta,kyrgyzstan-02-4f932d8b00ca,2,hh5.dta,.dta,50980,Life in Kyrgyzstan Study (LiK),2011,2011,household,dataset,openable,,
kyrgyzstan,data/interim/unpacked/kyrgyzstan/dataverse_files/depth_02/LIK_10_13_stata__4f932d8b/stata/data2011/household/hh6.dta,kyrgyzstan-02-4f932d8b00ca,2,hh6.dta,.dta,24396,Life in Kyrgyzstan Study (LiK),2011,2011,household,dataset,openable,,
kyrgyzstan,data/interim/unpacked/kyrgyzstan/dataverse_files/depth_02/LIK_10_13_stata__4f932d8b/stata/data2011/household/hh6a.dta,kyrgyzstan-02-4f932d8b00ca,2,hh6a.dta,.dta,33989,Life in Kyrgyzstan Study (LiK),2011,2011,household,dataset,openable,,
kyrgyzstan,data/interim/unpacked/kyrgyzstan/dataverse_files/depth_02/LIK_10_13_stata__4f932d8b/stata/data2011/household/hh6b.dta,kyrgyzstan-02-4f932d8b00ca,2,hh6b.dta,.dta,29897,Life in Kyrgyzstan Study (LiK),2011,2011,household,dataset,openable,,
kyrgyzstan,data/interim/unpacked/kyrgyzstan/dataverse_files/depth_02/LIK_10_13_stata__4f932d8b/stata/data2011/household/hh7.dta,kyrgyzstan-02-4f932d8b00ca,2,hh7.dta,.dta,165422,Life in Kyrgyzstan Study (LiK),2011,2011,household,dataset,openable,,
kyrgyzstan,data/interim/unpacked/kyrgyzstan/dataverse_files/depth_02/LIK_10_13_stata__4f932d8b/stata/data2011/individual/id0.dta,kyrgyzstan-02-4f932d8b00ca,2,id0.dta,.dta,406401,Life in Kyrgyzstan Study (LiK),2011,2011,person,dataset,openable,,
kyrgyzstan,data/interim/unpacked/kyrgyzstan/dataverse_files/depth_02/LIK_10_13_stata__4f932d8b/stata/data2011/individual/id1.dta,kyrgyzstan-02-4f932d8b00ca,2,id1.dta,.dta,183533,Life in Kyrgyzstan Study (LiK),2011,2011,person,dataset,openable,,
kyrgyzstan,data/interim/unpacked/kyrgyzstan/dataverse_files/depth_02/LIK_10_13_stata__4f932d8b/stata/data2011/individual/id2.dta,kyrgyzstan-02-4f932d8b00ca,2,id2.dta,.dta,861778,Life in Kyrgyzstan Study (LiK),2011,2011,person,dataset,openable,,
kyrgyzstan,data/interim/unpacked/kyrgyzstan/dataverse_files/depth_02/LIK_10_13_stata__4f932d8b/stata/data2011/individual/id3.dta,kyrgyzstan-02-4f932d8b00ca,2,id3.dta,.dta,1188841,Life in Kyrgyzstan Study (LiK),2011,2011,person,dataset,openable,,
kyrgyzstan,data/interim/unpacked/kyrgyzstan/dataverse_files/depth_02/LIK_10_13_stata__4f932d8b/stata/data2011/individual/id3d.dta,kyrgyzstan-02-4f932d8b00ca,2,id3d.dta,.dta,165466,Life in Kyrgyzstan Study (LiK),2011,2011,person,dataset,openable,,
kyrgyzstan,data/interim/unpacked/kyrgyzstan/dataverse_files/depth_02/LIK_10_13_stata__4f932d8b/stata/data2011/individual/id3e.dta,kyrgyzstan-02-4f932d8b00ca,2,id3e.dta,.dta,30374,Life in Kyrgyzstan Study (LiK),2011,2011,person,dataset,openable,,
kyrgyzstan,data/interim/unpacked/kyrgyzstan/dataverse_files/depth_02/LIK_10_13_stata__4f932d8b/stata/data2011/individual/id4.dta,kyrgyzstan-02-4f932d8b00ca,2,id4.dta,.dta,614320,Life in Kyrgyzstan Study (LiK),2011,2011,person,dataset,openable,,
kyrgyzstan,data/interim/unpacked/kyrgyzstan/dataverse_files/depth_02/LIK_10_13_stata__4f932d8b/stata/data2011/individual/id5a.dta,kyrgyzstan-02-4f932d8b00ca,2,id5a.dta,.dta,382844,Life in Kyrgyzstan Study (LiK),2011,2011,person,dataset,openable,,
kyrgyzstan,data/interim/unpacked/kyrgyzstan/dataverse_files/depth_02/LIK_10_13_stata__4f932d8b/stata/data2011/individual/id5b.dta,kyrgyzstan-02-4f932d8b00ca,2,id5b.dta,.dta,1007034,Life in Kyrgyzstan Study (LiK),2011,2011,person,dataset,openable,,
kyrgyzstan,data/interim/unpacked/kyrgyzstan/dataverse_files/depth_02/LIK_10_13_stata__4f932d8b/stata/data2011/individual/id5c.dta,kyrgyzstan-02-4f932d8b00ca,2,id5c.dta,.dta,3636052,Life in Kyrgyzstan Study (LiK),2011,2011,person,dataset,openable,,
kyrgyzstan,data/interim/unpacked/kyrgyzstan/dataverse_files/depth_02/LIK_10_13_stata__4f932d8b/stata/data2011/individual/id5d.dta,kyrgyzstan-02-4f932d8b00ca,2,id5d.dta,.dta,111389,Life in Kyrgyzstan Study (LiK),2011,2011,person,dataset,openable,,
kyrgyzstan,data/interim/unpacked/kyrgyzstan/dataverse_files/depth_02/LIK_10_13_stata__4f932d8b/stata/data2011/individual/id5dch.dta,kyrgyzstan-02-4f932d8b00ca,2,id5dch.dta,.dta,169363,Life in Kyrgyzstan Study (LiK),2011,2011,person,dataset,openable,,
kyrgyzstan,data/interim/unpacked/kyrgyzstan/dataverse_files/depth_02/LIK_10_13_stata__4f932d8b/stata/data2011/individual/id6.dta,kyrgyzstan-02-4f932d8b00ca,2,id6.dta,.dta,158098,Life in Kyrgyzstan Study (LiK),2011,2011,person,dataset,openable,,
kyrgyzstan,data/interim/unpacked/kyrgyzstan/dataverse_files/depth_02/LIK_10_13_stata__4f932d8b/stata/data2011/individual/id7.dta,kyrgyzstan-02-4f932d8b00ca,2,id7.dta,.dta,207745,Life in Kyrgyzstan Study (LiK),2011,2011,person,dataset,openable,,
kyrgyzstan,data/interim/unpacked/kyrgyzstan/dataverse_files/depth_02/LIK_10_13_stata__4f932d8b/stata/data2011/individual/id8.dta,kyrgyzstan-02-4f932d8b00ca,2,id8.dta,.dta,696445,Life in Kyrgyzstan Study (LiK),2011,2011,person,dataset,openable,,
kyrgyzstan,data/interim/unpacked/kyrgyzstan/dataverse_files/depth_02/LIK_10_13_stata__4f932d8b/stata/data2012/community/ao_01.dta,kyrgyzstan-02-4f932d8b00ca,2,ao_01.dta,.dta,5827,Life in Kyrgyzstan Study (LiK),2012,2012,community,dataset,openable,,
kyrgyzstan,data/interim/unpacked/kyrgyzstan/dataverse_files/depth_02/LIK_10_13_stata__4f932d8b/stata/data2012/community/ao_02.dta,kyrgyzstan-02-4f932d8b00ca,2,ao_02.dta,.dta,68738,Life in Kyrgyzstan Study (LiK),2012,2012,community,dataset,openable,,
kyrgyzstan,data/interim/unpacked/kyrgyzstan/dataverse_files/depth_02/LIK_10_13_stata__4f932d8b/stata/data2012/control/cc_hh.dta,kyrgyzstan-02-4f932d8b00ca,2,cc_hh.dta,.dta,157743,Life in Kyrgyzstan Study (LiK),2012,2012,UNCERTAIN,dataset,openable,,
kyrgyzstan,data/interim/unpacked/kyrgyzstan/dataverse_files/depth_02/LIK_10_13_stata__4f932d8b/stata/data2012/control/cc_ind.dta,kyrgyzstan-02-4f932d8b00ca,2,cc_ind.dta,.dta,866504,Life in Kyrgyzstan Study (LiK),2012,2012,UNCERTAIN,dataset,openable,,
kyrgyzstan,data/interim/unpacked/kyrgyzstan/dataverse_files/depth_02/LIK_10_13_stata__4f932d8b/stata/data2012/household/hh0.dta,kyrgyzstan-02-4f932d8b00ca,2,hh0.dta,.dta,99322,Life in Kyrgyzstan Study (LiK),2012,2012,household,dataset,openable,,
kyrgyzstan,data/interim/unpacked/kyrgyzstan/dataverse_files/depth_02/LIK_10_13_stata__4f932d8b/stata/data2012/household/hh1a.dta,kyrgyzstan-02-4f932d8b00ca,2,hh1a.dta,.dta,223865,Life in Kyrgyzstan Study (LiK),2012,2012,household,dataset,openable,,
kyrgyzstan,data/interim/unpacked/kyrgyzstan/dataverse_files/depth_02/LIK_10_13_stata__4f932d8b/stata/data2012/household/hh1b.dta,kyrgyzstan-02-4f932d8b00ca,2,hh1b.dta,.dta,144448,Life in Kyrgyzstan Study (LiK),2012,2012,household,dataset,openable,,
kyrgyzstan,data/interim/unpacked/kyrgyzstan/dataverse_files/depth_02/LIK_10_13_stata__4f932d8b/stata/data2012/household/hh1c.dta,kyrgyzstan-02-4f932d8b00ca,2,hh1c.dta,.dta,119311,Life in Kyrgyzstan Study (LiK),2012,2012,household,dataset,openable,,
kyrgyzstan,data/interim/unpacked/kyrgyzstan/dataverse_files/depth_02/LIK_10_13_stata__4f932d8b/stata/data2012/household/hh2a.dta,kyrgyzstan-02-4f932d8b00ca,2,hh2a.dta,.dta,189592,Life in Kyrgyzstan Study (LiK),2012,2012,household,dataset,openable,,
kyrgyzstan,data/interim/unpacked/kyrgyzstan/dataverse_files/depth_02/LIK_10_13_stata__4f932d8b/stata/data2012/household/hh2b.dta,kyrgyzstan-02-4f932d8b00ca,2,hh2b.dta,.dta,578017,Life in Kyrgyzstan Study (LiK),2012,2012,household,dataset,openable,,
kyrgyzstan,data/interim/unpacked/kyrgyzstan/dataverse_files/depth_02/LIK_10_13_stata__4f932d8b/stata/data2012/household/hh2c.dta,kyrgyzstan-02-4f932d8b00ca,2,hh2c.dta,.dta,123839,Life in Kyrgyzstan Study (LiK),2012,2012,household,dataset,openable,,
kyrgyzstan,data/interim/unpacked/kyrgyzstan/dataverse_files/depth_02/LIK_10_13_stata__4f932d8b/stata/data2012/household/hh3.dta,kyrgyzstan-02-4f932d8b00ca,2,hh3.dta,.dta,127940,Life in Kyrgyzstan Study (LiK),2012,2012,household,dataset,openable,,
kyrgyzstan,data/interim/unpacked/kyrgyzstan/dataverse_files/depth_02/LIK_10_13_stata__4f932d8b/stata/data2012/household/hh3a.dta,kyrgyzstan-02-4f932d8b00ca,2,hh3a.dta,.dta,334844,Life in Kyrgyzstan Study (LiK),2012,2012,household,dataset,openable,,
kyrgyzstan,data/interim/unpacked/kyrgyzstan/dataverse_files/depth_02/LIK_10_13_stata__4f932d8b/stata/data2012/household/hh4a.dta,kyrgyzstan-02-4f932d8b00ca,2,hh4a.dta,.dta,1665618,Life in Kyrgyzstan Study (LiK),2012,2012,household,dataset,openable,,
kyrgyzstan,data/interim/unpacked/kyrgyzstan/dataverse_files/depth_02/LIK_10_13_stata__4f932d8b/stata/data2012/household/hh4b.dta,kyrgyzstan-02-4f932d8b00ca,2,hh4b.dta,.dta,516362,Life in Kyrgyzstan Study (LiK),2012,2012,household,dataset,openable,,
kyrgyzstan,data/interim/unpacked/kyrgyzstan/dataverse_files/depth_02/LIK_10_13_stata__4f932d8b/stata/data2012/household/hh4c.dta,kyrgyzstan-02-4f932d8b00ca,2,hh4c.dta,.dta,687445,Life in Kyrgyzstan Study (LiK),2012,2012,household,dataset,openable,,
kyrgyzstan,data/interim/unpacked/kyrgyzstan/dataverse_files/depth_02/LIK_10_13_stata__4f932d8b/stata/data2012/household/hh5.dta,kyrgyzstan-02-4f932d8b00ca,2,hh5.dta,.dta,50402,Life in Kyrgyzstan Study (LiK),2012,2012,household,dataset,openable,,
kyrgyzstan,data/interim/unpacked/kyrgyzstan/dataverse_files/depth_02/LIK_10_13_stata__4f932d8b/stata/data2012/household/hh6.dta,kyrgyzstan-02-4f932d8b00ca,2,hh6.dta,.dta,2862,Life in Kyrgyzstan Study (LiK),2012,2012,household,dataset,openable,,
kyrgyzstan,data/interim/unpacked/kyrgyzstan/dataverse_files/depth_02/LIK_10_13_stata__4f932d8b/stata/data2012/household/hh6a.dta,kyrgyzstan-02-4f932d8b00ca,2,hh6a.dta,.dta,45440,Life in Kyrgyzstan Study (LiK),2012,2012,household,dataset,openable,,
kyrgyzstan,data/interim/unpacked/kyrgyzstan/dataverse_files/depth_02/LIK_10_13_stata__4f932d8b/stata/data2012/household/hh6b.dta,kyrgyzstan-02-4f932d8b00ca,2,hh6b.dta,.dta,29400,Life in Kyrgyzstan Study (LiK),2012,2012,household,dataset,openable,,
kyrgyzstan,data/interim/unpacked/kyrgyzstan/dataverse_files/depth_02/LIK_10_13_stata__4f932d8b/stata/data2012/household/hh7.dta,kyrgyzstan-02-4f932d8b00ca,2,hh7.dta,.dta,162796,Life in Kyrgyzstan Study (LiK),2012,2012,household,dataset,openable,,
kyrgyzstan,data/interim/unpacked/kyrgyzstan/dataverse_files/depth_02/LIK_10_13_stata__4f932d8b/stata/data2012/individual/id0.dta,kyrgyzstan-02-4f932d8b00ca,2,id0.dta,.dta,419210,Life in Kyrgyzstan Study (LiK),2012,2012,person,dataset,openable,,
kyrgyzstan,data/interim/unpacked/kyrgyzstan/dataverse_files/depth_02/LIK_10_13_stata__4f932d8b/stata/data2012/individual/id1.dta,kyrgyzstan-02-4f932d8b00ca,2,id1.dta,.dta,185303,Life in Kyrgyzstan Study (LiK),2012,2012,person,dataset,openable,,
kyrgyzstan,data/interim/unpacked/kyrgyzstan/dataverse_files/depth_02/LIK_10_13_stata__4f932d8b/stata/data2012/individual/id2.dta,kyrgyzstan-02-4f932d8b00ca,2,id2.dta,.dta,959436,Life in Kyrgyzstan Study (LiK),2012,2012,person,dataset,openable,,
kyrgyzstan,data/interim/unpacked/kyrgyzstan/dataverse_files/depth_02/LIK_10_13_stata__4f932d8b/stata/data2012/individual/id3.dta,kyrgyzstan-02-4f932d8b00ca,2,id3.dta,.dta,1204850,Life in Kyrgyzstan Study (LiK),2012,2012,person,dataset,openable,,
kyrgyzstan,data/interim/unpacked/kyrgyzstan/dataverse_files/depth_02/LIK_10_13_stata__4f932d8b/stata/data2012/individual/id3d.dta,kyrgyzstan-02-4f932d8b00ca,2,id3d.dta,.dta,171529,Life in Kyrgyzstan Study (LiK),2012,2012,person,dataset,openable,,
kyrgyzstan,data/interim/unpacked/kyrgyzstan/dataverse_files/depth_02/LIK_10_13_stata__4f932d8b/stata/data2012/individual/id3e.dta,kyrgyzstan-02-4f932d8b00ca,2,id3e.dta,.dta,44666,Life in Kyrgyzstan Study (LiK),2012,2012,person,dataset,openable,,
kyrgyzstan,data/interim/unpacked/kyrgyzstan/dataverse_files/depth_02/LIK_10_13_stata__4f932d8b/stata/data2012/individual/id4.dta,kyrgyzstan-02-4f932d8b00ca,2,id4.dta,.dta,630178,Life in Kyrgyzstan Study (LiK),2012,2012,person,dataset,openable,,
kyrgyzstan,data/interim/unpacked/kyrgyzstan/dataverse_files/depth_02/LIK_10_13_stata__4f932d8b/stata/data2012/individual/id5a.dta,kyrgyzstan-02-4f932d8b00ca,2,id5a.dta,.dta,312890,Life in Kyrgyzstan Study (LiK),2012,2012,person,dataset,openable,,
kyrgyzstan,data/interim/unpacked/kyrgyzstan/dataverse_files/depth_02/LIK_10_13_stata__4f932d8b/stata/data2012/individual/id5b.dta,kyrgyzstan-02-4f932d8b00ca,2,id5b.dta,.dta,241698,Life in Kyrgyzstan Study (LiK),2012,2012,person,dataset,openable,,
kyrgyzstan,data/interim/unpacked/kyrgyzstan/dataverse_files/depth_02/LIK_10_13_stata__4f932d8b/stata/data2012/individual/id5c.dta,kyrgyzstan-02-4f932d8b00ca,2,id5c.dta,.dta,3720031,Life in Kyrgyzstan Study (LiK),2012,2012,person,dataset,openable,,
kyrgyzstan,data/interim/unpacked/kyrgyzstan/dataverse_files/depth_02/LIK_10_13_stata__4f932d8b/stata/data2012/individual/id5d.dta,kyrgyzstan-02-4f932d8b00ca,2,id5d.dta,.dta,16200,Life in Kyrgyzstan Study (LiK),2012,2012,person,dataset,openable,,
kyrgyzstan,data/interim/unpacked/kyrgyzstan/dataverse_files/depth_02/LIK_10_13_stata__4f932d8b/stata/data2012/individual/id5dch.dta,kyrgyzstan-02-4f932d8b00ca,2,id5dch.dta,.dta,12794,Life in Kyrgyzstan Study (LiK),2012,2012,person,dataset,openable,,
kyrgyzstan,data/interim/unpacked/kyrgyzstan/dataverse_files/depth_02/LIK_10_13_stata__4f932d8b/stata/data2012/individual/id5e.dta,kyrgyzstan-02-4f932d8b00ca,2,id5e.dta,.dta,84136,Life in Kyrgyzstan Study (LiK),2012,2012,person,dataset,openable,,
kyrgyzstan,data/interim/unpacked/kyrgyzstan/dataverse_files/depth_02/LIK_10_13_stata__4f932d8b/stata/data2012/individual/id6.dta,kyrgyzstan-02-4f932d8b00ca,2,id6.dta,.dta,169079,Life in Kyrgyzstan Study (LiK),2012,2012,person,dataset,openable,,
kyrgyzstan,data/interim/unpacked/kyrgyzstan/dataverse_files/depth_02/LIK_10_13_stata__4f932d8b/stata/data2012/individual/id7.dta,kyrgyzstan-02-4f932d8b00ca,2,id7.dta,.dta,210532,Life in Kyrgyzstan Study (LiK),2012,2012,person,dataset,openable,,
kyrgyzstan,data/interim/unpacked/kyrgyzstan/dataverse_files/depth_02/LIK_10_13_stata__4f932d8b/stata/data2012/individual/id8.dta,kyrgyzstan-02-4f932d8b00ca,2,id8.dta,.dta,535822,Life in Kyrgyzstan Study (LiK),2012,2012,person,dataset,openable,,
kyrgyzstan,data/interim/unpacked/kyrgyzstan/dataverse_files/depth_02/LIK_10_13_stata__4f932d8b/stata/data2012/individual/id8c.dta,kyrgyzstan-02-4f932d8b00ca,2,id8c.dta,.dta,269208,Life in Kyrgyzstan Study (LiK),2012,2012,person,dataset,openable,,
kyrgyzstan,data/interim/unpacked/kyrgyzstan/dataverse_files/depth_02/LIK_10_13_stata__4f932d8b/stata/data2012/individual/id8d.dta,kyrgyzstan-02-4f932d8b00ca,2,id8d.dta,.dta,108764,Life in Kyrgyzstan Study (LiK),2012,2012,person,dataset,openable,,
kyrgyzstan,data/interim/unpacked/kyrgyzstan/dataverse_files/depth_02/LIK_10_13_stata__4f932d8b/stata/data2012/individual/spss.stcmd,kyrgyzstan-02-4f932d8b00ca,2,spss.stcmd,.stcmd,17,Life in Kyrgyzstan Study (LiK),2012,2012,person,syntax,openable,,
kyrgyzstan,data/interim/unpacked/kyrgyzstan/dataverse_files/depth_02/LIK_10_13_stata__4f932d8b/stata/data2013/community/cm1.dta,kyrgyzstan-02-4f932d8b00ca,2,cm1.dta,.dta,87675,Life in Kyrgyzstan Study (LiK),2013,2013,community,dataset,openable,,
kyrgyzstan,data/interim/unpacked/kyrgyzstan/dataverse_files/depth_02/LIK_10_13_stata__4f932d8b/stata/data2013/community/cm1_prices.dta,kyrgyzstan-02-4f932d8b00ca,2,cm1_prices.dta,.dta,64499,Life in Kyrgyzstan Study (LiK),2013,2013,community,dataset,openable,,
kyrgyzstan,data/interim/unpacked/kyrgyzstan/dataverse_files/depth_02/LIK_10_13_stata__4f932d8b/stata/data2013/control/cc_hh.dta,kyrgyzstan-02-4f932d8b00ca,2,cc_hh.dta,.dta,141481,Life in Kyrgyzstan Study (LiK),2013,2013,UNCERTAIN,dataset,openable,,
kyrgyzstan,data/interim/unpacked/kyrgyzstan/dataverse_files/depth_02/LIK_10_13_stata__4f932d8b/stata/data2013/control/cc_ind.dta,kyrgyzstan-02-4f932d8b00ca,2,cc_ind.dta,.dta,875680,Life in Kyrgyzstan Study (LiK),2013,2013,UNCERTAIN,dataset,openable,,
kyrgyzstan,data/interim/unpacked/kyrgyzstan/dataverse_files/depth_02/LIK_10_13_stata__4f932d8b/stata/data2013/household/hh0.dta,kyrgyzstan-02-4f932d8b00ca,2,hh0.dta,.dta,168845,Life in Kyrgyzstan Study (LiK),2013,2013,household,dataset,openable,,
kyrgyzstan,data/interim/unpacked/kyrgyzstan/dataverse_files/depth_02/LIK_10_13_stata__4f932d8b/stata/data2013/household/hh1a.dta,kyrgyzstan-02-4f932d8b00ca,2,hh1a.dta,.dta,187604,Life in Kyrgyzstan Study (LiK),2013,2013,household,dataset,openable,,
kyrgyzstan,data/interim/unpacked/kyrgyzstan/dataverse_files/depth_02/LIK_10_13_stata__4f932d8b/stata/data2013/household/hh1b.dta,kyrgyzstan-02-4f932d8b00ca,2,hh1b.dta,.dta,99211,Life in Kyrgyzstan Study (LiK),2013,2013,household,dataset,openable,,
kyrgyzstan,data/interim/unpacked/kyrgyzstan/dataverse_files/depth_02/LIK_10_13_stata__4f932d8b/stata/data2013/household/hh1c.dta,kyrgyzstan-02-4f932d8b00ca,2,hh1c.dta,.dta,122711,Life in Kyrgyzstan Study (LiK),2013,2013,household,dataset,openable,,
kyrgyzstan,data/interim/unpacked/kyrgyzstan/dataverse_files/depth_02/LIK_10_13_stata__4f932d8b/stata/data2013/household/hh1d.dta,kyrgyzstan-02-4f932d8b00ca,2,hh1d.dta,.dta,32330,Life in Kyrgyzstan Study (LiK),2013,2013,household,dataset,openable,,
kyrgyzstan,data/interim/unpacked/kyrgyzstan/dataverse_files/depth_02/LIK_10_13_stata__4f932d8b/stata/data2013/household/hh2a.dta,kyrgyzstan-02-4f932d8b00ca,2,hh2a.dta,.dta,225914,Life in Kyrgyzstan Study (LiK),2013,2013,household,dataset,openable,,
kyrgyzstan,data/interim/unpacked/kyrgyzstan/dataverse_files/depth_02/LIK_10_13_stata__4f932d8b/stata/data2013/household/hh2b.dta,kyrgyzstan-02-4f932d8b00ca,2,hh2b.dta,.dta,535382,Life in Kyrgyzstan Study (LiK),2013,2013,household,dataset,openable,,
kyrgyzstan,data/interim/unpacked/kyrgyzstan/dataverse_files/depth_02/LIK_10_13_stata__4f932d8b/stata/data2013/household/hh2c.dta,kyrgyzstan-02-4f932d8b00ca,2,hh2c.dta,.dta,150565,Life in Kyrgyzstan Study (LiK),2013,2013,household,dataset,openable,,
kyrgyzstan,data/interim/unpacked/kyrgyzstan/dataverse_files/depth_02/LIK_10_13_stata__4f932d8b/stata/data2013/household/hh2d.dta,kyrgyzstan-02-4f932d8b00ca,2,hh2d.dta,.dta,47466,Life in Kyrgyzstan Study (LiK),2013,2013,household,dataset,openable,,
kyrgyzstan,data/interim/unpacked/kyrgyzstan/dataverse_files/depth_02/LIK_10_13_stata__4f932d8b/stata/data2013/household/hh3.dta,kyrgyzstan-02-4f932d8b00ca,2,hh3.dta,.dta,91148,Life in Kyrgyzstan Study (LiK),2013,2013,household,dataset,openable,,
kyrgyzstan,data/interim/unpacked/kyrgyzstan/dataverse_files/depth_02/LIK_10_13_stata__4f932d8b/stata/data2013/household/hh3a.dta,kyrgyzstan-02-4f932d8b00ca,2,hh3a.dta,.dta,213516,Life in Kyrgyzstan Study (LiK),2013,2013,household,dataset,openable,,
kyrgyzstan,data/interim/unpacked/kyrgyzstan/dataverse_files/depth_02/LIK_10_13_stata__4f932d8b/stata/data2013/household/hh4a.dta,kyrgyzstan-02-4f932d8b00ca,2,hh4a.dta,.dta,1413641,Life in Kyrgyzstan Study (LiK),2013,2013,household,dataset,openable,,
kyrgyzstan,data/interim/unpacked/kyrgyzstan/dataverse_files/depth_02/LIK_10_13_stata__4f932d8b/stata/data2013/household/hh4b.dta,kyrgyzstan-02-4f932d8b00ca,2,hh4b.dta,.dta,472934,Life in Kyrgyzstan Study (LiK),2013,2013,household,dataset,openable,,
kyrgyzstan,data/interim/unpacked/kyrgyzstan/dataverse_files/depth_02/LIK_10_13_stata__4f932d8b/stata/data2013/household/hh4c.dta,kyrgyzstan-02-4f932d8b00ca,2,hh4c.dta,.dta,580876,Life in Kyrgyzstan Study (LiK),2013,2013,household,dataset,openable,,
kyrgyzstan,data/interim/unpacked/kyrgyzstan/dataverse_files/depth_02/LIK_10_13_stata__4f932d8b/stata/data2013/household/hh5a.dta,kyrgyzstan-02-4f932d8b00ca,2,hh5a.dta,.dta,34470,Life in Kyrgyzstan Study (LiK),2013,2013,household,dataset,openable,,
kyrgyzstan,data/interim/unpacked/kyrgyzstan/dataverse_files/depth_02/LIK_10_13_stata__4f932d8b/stata/data2013/household/hh5b.dta,kyrgyzstan-02-4f932d8b00ca,2,hh5b.dta,.dta,18225,Life in Kyrgyzstan Study (LiK),2013,2013,household,dataset,openable,,
kyrgyzstan,data/interim/unpacked/kyrgyzstan/dataverse_files/depth_02/LIK_10_13_stata__4f932d8b/stata/data2013/household/hh6a.dta,kyrgyzstan-02-4f932d8b00ca,2,hh6a.dta,.dta,45693,Life in Kyrgyzstan Study (LiK),2013,2013,household,dataset,openable,,
kyrgyzstan,data/interim/unpacked/kyrgyzstan/dataverse_files/depth_02/LIK_10_13_stata__4f932d8b/stata/data2013/household/hh6b.dta,kyrgyzstan-02-4f932d8b00ca,2,hh6b.dta,.dta,31501,Life in Kyrgyzstan Study (LiK),2013,2013,household,dataset,openable,,
kyrgyzstan,data/interim/unpacked/kyrgyzstan/dataverse_files/depth_02/LIK_10_13_stata__4f932d8b/stata/data2013/household/hh7.dta,kyrgyzstan-02-4f932d8b00ca,2,hh7.dta,.dta,148567,Life in Kyrgyzstan Study (LiK),2013,2013,household,dataset,openable,,
kyrgyzstan,data/interim/unpacked/kyrgyzstan/dataverse_files/depth_02/LIK_10_13_stata__4f932d8b/stata/data2013/individual/id0.dta,kyrgyzstan-02-4f932d8b00ca,2,id0.dta,.dta,771992,Life in Kyrgyzstan Study (LiK),2013,2013,person,dataset,openable,,
kyrgyzstan,data/interim/unpacked/kyrgyzstan/dataverse_files/depth_02/LIK_10_13_stata__4f932d8b/stata/data2013/individual/id1.dta,kyrgyzstan-02-4f932d8b00ca,2,id1.dta,.dta,173190,Life in Kyrgyzstan Study (LiK),2013,2013,person,dataset,openable,,
kyrgyzstan,data/interim/unpacked/kyrgyzstan/dataverse_files/depth_02/LIK_10_13_stata__4f932d8b/stata/data2013/individual/id2a.dta,kyrgyzstan-02-4f932d8b00ca,2,id2a.dta,.dta,387652,Life in Kyrgyzstan Study (LiK),2013,2013,person,dataset,openable,,
kyrgyzstan,data/interim/unpacked/kyrgyzstan/dataverse_files/depth_02/LIK_10_13_stata__4f932d8b/stata/data2013/individual/id2b.dta,kyrgyzstan-02-4f932d8b00ca,2,id2b.dta,.dta,492286,Life in Kyrgyzstan Study (LiK),2013,2013,person,dataset,openable,,
kyrgyzstan,data/interim/unpacked/kyrgyzstan/dataverse_files/depth_02/LIK_10_13_stata__4f932d8b/stata/data2013/individual/id2c.dta,kyrgyzstan-02-4f932d8b00ca,2,id2c.dta,.dta,25959,Life in Kyrgyzstan Study (LiK),2013,2013,person,dataset,openable,,
kyrgyzstan,data/interim/unpacked/kyrgyzstan/dataverse_files/depth_02/LIK_10_13_stata__4f932d8b/stata/data2013/individual/id3a.dta,kyrgyzstan-02-4f932d8b00ca,2,id3a.dta,.dta,56380,Life in Kyrgyzstan Study (LiK),2013,2013,person,dataset,openable,,
kyrgyzstan,data/interim/unpacked/kyrgyzstan/dataverse_files/depth_02/LIK_10_13_stata__4f932d8b/stata/data2013/individual/id3b.dta,kyrgyzstan-02-4f932d8b00ca,2,id3b.dta,.dta,541609,Life in Kyrgyzstan Study (LiK),2013,2013,person,dataset,openable,,
kyrgyzstan,data/interim/unpacked/kyrgyzstan/dataverse_files/depth_02/LIK_10_13_stata__4f932d8b/stata/data2013/individual/id3c.dta,kyrgyzstan-02-4f932d8b00ca,2,id3c.dta,.dta,182135,Life in Kyrgyzstan Study (LiK),2013,2013,person,dataset,openable,,
kyrgyzstan,data/interim/unpacked/kyrgyzstan/dataverse_files/depth_02/LIK_10_13_stata__4f932d8b/stata/data2013/individual/id3d.dta,kyrgyzstan-02-4f932d8b00ca,2,id3d.dta,.dta,180036,Life in Kyrgyzstan Study (LiK),2013,2013,person,dataset,openable,,
kyrgyzstan,data/interim/unpacked/kyrgyzstan/dataverse_files/depth_02/LIK_10_13_stata__4f932d8b/stata/data2013/individual/id3e.dta,kyrgyzstan-02-4f932d8b00ca,2,id3e.dta,.dta,73499,Life in Kyrgyzstan Study (LiK),2013,2013,person,dataset,openable,,
kyrgyzstan,data/interim/unpacked/kyrgyzstan/dataverse_files/depth_02/LIK_10_13_stata__4f932d8b/stata/data2013/individual/id4.dta,kyrgyzstan-02-4f932d8b00ca,2,id4.dta,.dta,324262,Life in Kyrgyzstan Study (LiK),2013,2013,person,dataset,openable,,
kyrgyzstan,data/interim/unpacked/kyrgyzstan/dataverse_files/depth_02/LIK_10_13_stata__4f932d8b/stata/data2013/individual/id5b.dta,kyrgyzstan-02-4f932d8b00ca,2,id5b.dta,.dta,290945,Life in Kyrgyzstan Study (LiK),2013,2013,person,dataset,openable,,
kyrgyzstan,data/interim/unpacked/kyrgyzstan/dataverse_files/depth_02/LIK_10_13_stata__4f932d8b/stata/data2013/individual/id5c.dta,kyrgyzstan-02-4f932d8b00ca,2,id5c.dta,.dta,3261094,Life in Kyrgyzstan Study (LiK),2013,2013,person,dataset,openable,,
kyrgyzstan,data/interim/unpacked/kyrgyzstan/dataverse_files/depth_02/LIK_10_13_stata__4f932d8b/stata/data2013/individual/id5d.dta,kyrgyzstan-02-4f932d8b00ca,2,id5d.dta,.dta,87005,Life in Kyrgyzstan Study (LiK),2013,2013,person,dataset,openable,,
kyrgyzstan,data/interim/unpacked/kyrgyzstan/dataverse_files/depth_02/LIK_10_13_stata__4f932d8b/stata/data2013/individual/id5dch.dta,kyrgyzstan-02-4f932d8b00ca,2,id5dch.dta,.dta,17447,Life in Kyrgyzstan Study (LiK),2013,2013,person,dataset,openable,,
kyrgyzstan,data/interim/unpacked/kyrgyzstan/dataverse_files/depth_02/LIK_10_13_stata__4f932d8b/stata/data2013/individual/id5e.dta,kyrgyzstan-02-4f932d8b00ca,2,id5e.dta,.dta,98491,Life in Kyrgyzstan Study (LiK),2013,2013,person,dataset,openable,,
kyrgyzstan,data/interim/unpacked/kyrgyzstan/dataverse_files/depth_02/LIK_10_13_stata__4f932d8b/stata/data2013/individual/id5f.dta,kyrgyzstan-02-4f932d8b00ca,2,id5f.dta,.dta,20923,Life in Kyrgyzstan Study (LiK),2013,2013,person,dataset,openable,,
kyrgyzstan,data/interim/unpacked/kyrgyzstan/dataverse_files/depth_02/LIK_10_13_stata__4f932d8b/stata/data2013/individual/id6.dta,kyrgyzstan-02-4f932d8b00ca,2,id6.dta,.dta,180311,Life in Kyrgyzstan Study (LiK),2013,2013,person,dataset,openable,,
kyrgyzstan,data/interim/unpacked/kyrgyzstan/dataverse_files/depth_02/LIK_10_13_stata__4f932d8b/stata/data2013/individual/id7.dta,kyrgyzstan-02-4f932d8b00ca,2,id7.dta,.dta,205820,Life in Kyrgyzstan Study (LiK),2013,2013,person,dataset,openable,,
kyrgyzstan,data/interim/unpacked/kyrgyzstan/dataverse_files/depth_02/LIK_10_13_stata__4f932d8b/stata/data2013/individual/id8a.dta,kyrgyzstan-02-4f932d8b00ca,2,id8a.dta,.dta,386912,Life in Kyrgyzstan Study (LiK),2013,2013,person,dataset,openable,,
kyrgyzstan,data/interim/unpacked/kyrgyzstan/dataverse_files/depth_02/LIK_10_13_stata__4f932d8b/stata/data2013/individual/id8b.dta,kyrgyzstan-02-4f932d8b00ca,2,id8b.dta,.dta,126241,Life in Kyrgyzstan Study (LiK),2013,2013,person,dataset,openable,,
kyrgyzstan,data/interim/unpacked/kyrgyzstan/dataverse_files/depth_02/LIK_10_13_stata__4f932d8b/stata/data2013/individual/id8c.dta,kyrgyzstan-02-4f932d8b00ca,2,id8c.dta,.dta,271322,Life in Kyrgyzstan Study (LiK),2013,2013,person,dataset,openable,,
kyrgyzstan,data/interim/unpacked/kyrgyzstan/dataverse_files/depth_02/LIK_10_13_stata__4f932d8b/stata/data2013/individual/id8d.dta,kyrgyzstan-02-4f932d8b00ca,2,id8d.dta,.dta,596137,Life in Kyrgyzstan Study (LiK),2013,2013,person,dataset,openable,,
kyrgyzstan,data/interim/unpacked/kyrgyzstan/dataverse_files/depth_02/LIK_10_13_stata__4f932d8b/stata/data2013/individual/id8e.dta,kyrgyzstan-02-4f932d8b00ca,2,id8e.dta,.dta,173833,Life in Kyrgyzstan Study (LiK),2013,2013,person,dataset,openable,,
kyrgyzstan,data/interim/unpacked/kyrgyzstan/dataverse_files/depth_02/LIK_10_13_stata__4f932d8b/stata/data2013/individual/id8f.dta,kyrgyzstan-02-4f932d8b00ca,2,id8f.dta,.dta,613458,Life in Kyrgyzstan Study (LiK),2013,2013,person,dataset,openable,,
kyrgyzstan,data/interim/unpacked/kyrgyzstan/dataverse_files/depth_02/LIK_10_13_stata__4f932d8b/stata/data2013/individual/id8g.dta,kyrgyzstan-02-4f932d8b00ca,2,id8g.dta,.dta,149066,Life in Kyrgyzstan Study (LiK),2013,2013,person,dataset,openable,,
kyrgyzstan,data/interim/unpacked/kyrgyzstan/dataverse_files/depth_02/LIK_10_13_stata__4f932d8b/stata/mroster/mroster1013_short.dta,kyrgyzstan-02-4f932d8b00ca,2,mroster1013_short.dta,.dta,727263,Life in Kyrgyzstan Study (LiK),,,UNCERTAIN,dataset,openable,,
kyrgyzstan,data/interim/unpacked/kyrgyzstan/dataverse_files/depth_02/LIK_10_13_stata__4f932d8b/stata/mroster/stata9.stcmd,kyrgyzstan-02-4f932d8b00ca,2,stata9.stcmd,.stcmd,58,Life in Kyrgyzstan Study (LiK),,,UNCERTAIN,syntax,openable,,
kyrgyzstan,data/interim/unpacked/kyrgyzstan/dataverse_files/depth_02/LIK_10_13_stata__4f932d8b/stata/mroster/Thumbs.db,kyrgyzstan-02-4f932d8b00ca,2,Thumbs.db,.db,9728,Life in Kyrgyzstan Study (LiK),,,UNCERTAIN,other,openable,,
kyrgyzstan,data/interim/unpacked/kyrgyzstan/dataverse_files/depth_02/LiK_2016__e03a0c74/LiK16_IDSC-IZA/K_publications_Sep2019.docx,kyrgyzstan-02-e03a0c7475d5,2,K_publications_Sep2019.docx,.docx,162,Life in Kyrgyzstan Study (LiK),2019,2019,UNCERTAIN,publication,openable,,
kyrgyzstan,data/interim/unpacked/kyrgyzstan/dataverse_files/depth_02/LiK_2016__e03a0c74/LiK16_IDSC-IZA/LiK16_data_spss/Agriculture/agr0.sav,kyrgyzstan-02-e03a0c7475d5,2,agr0.sav,.sav,164988,Life in Kyrgyzstan Study (LiK),2016,2016,agriculture,dataset,openable,,
kyrgyzstan,data/interim/unpacked/kyrgyzstan/dataverse_files/depth_02/LiK_2016__e03a0c74/LiK16_IDSC-IZA/LiK16_data_spss/Agriculture/agr1.sav,kyrgyzstan-02-e03a0c7475d5,2,agr1.sav,.sav,31376,Life in Kyrgyzstan Study (LiK),2016,2016,agriculture,dataset,openable,,
kyrgyzstan,data/interim/unpacked/kyrgyzstan/dataverse_files/depth_02/LiK_2016__e03a0c74/LiK16_IDSC-IZA/LiK16_data_spss/Agriculture/agr10_1.sav,kyrgyzstan-02-e03a0c7475d5,2,agr10_1.sav,.sav,30904,Life in Kyrgyzstan Study (LiK),2016,2016,agriculture,dataset,openable,,
kyrgyzstan,data/interim/unpacked/kyrgyzstan/dataverse_files/depth_02/LiK_2016__e03a0c74/LiK16_IDSC-IZA/LiK16_data_spss/Agriculture/agr10_1a.sav,kyrgyzstan-02-e03a0c7475d5,2,agr10_1a.sav,.sav,22942,Life in Kyrgyzstan Study (LiK),2016,2016,agriculture,dataset,openable,,
kyrgyzstan,data/interim/unpacked/kyrgyzstan/dataverse_files/depth_02/LiK_2016__e03a0c74/LiK16_IDSC-IZA/LiK16_data_spss/Agriculture/agr10_3.sav,kyrgyzstan-02-e03a0c7475d5,2,agr10_3.sav,.sav,430324,Life in Kyrgyzstan Study (LiK),2016,2016,agriculture,dataset,openable,,
kyrgyzstan,data/interim/unpacked/kyrgyzstan/dataverse_files/depth_02/LiK_2016__e03a0c74/LiK16_IDSC-IZA/LiK16_data_spss/Agriculture/agr11.sav,kyrgyzstan-02-e03a0c7475d5,2,agr11.sav,.sav,56606,Life in Kyrgyzstan Study (LiK),2016,2016,agriculture,dataset,openable,,
kyrgyzstan,data/interim/unpacked/kyrgyzstan/dataverse_files/depth_02/LiK_2016__e03a0c74/LiK16_IDSC-IZA/LiK16_data_spss/Agriculture/agr2_234.sav,kyrgyzstan-02-e03a0c7475d5,2,agr2_234.sav,.sav,233328,Life in Kyrgyzstan Study (LiK),2016,2016,agriculture,dataset,openable,,
kyrgyzstan,data/interim/unpacked/kyrgyzstan/dataverse_files/depth_02/LiK_2016__e03a0c74/LiK16_IDSC-IZA/LiK16_data_spss/Agriculture/agr2_5.sav,kyrgyzstan-02-e03a0c7475d5,2,agr2_5.sav,.sav,202140,Life in Kyrgyzstan Study (LiK),2016,2016,agriculture,dataset,openable,,
kyrgyzstan,data/interim/unpacked/kyrgyzstan/dataverse_files/depth_02/LiK_2016__e03a0c74/LiK16_IDSC-IZA/LiK16_data_spss/Agriculture/agr2_6.sav,kyrgyzstan-02-e03a0c7475d5,2,agr2_6.sav,.sav,41400,Life in Kyrgyzstan Study (LiK),2016,2016,agriculture,dataset,openable,,
kyrgyzstan,data/interim/unpacked/kyrgyzstan/dataverse_files/depth_02/LiK_2016__e03a0c74/LiK16_IDSC-IZA/LiK16_data_spss/Agriculture/agr3.sav,kyrgyzstan-02-e03a0c7475d5,2,agr3.sav,.sav,31344,Life in Kyrgyzstan Study (LiK),2016,2016,agriculture,dataset,openable,,
kyrgyzstan,data/interim/unpacked/kyrgyzstan/dataverse_files/depth_02/LiK_2016__e03a0c74/LiK16_IDSC-IZA/LiK16_data_spss/Agriculture/agr7_1a.sav,kyrgyzstan-02-e03a0c7475d5,2,agr7_1a.sav,.sav,138857,Life in Kyrgyzstan Study (LiK),2016,2016,agriculture,dataset,openable,,
kyrgyzstan,data/interim/unpacked/kyrgyzstan/dataverse_files/depth_02/LiK_2016__e03a0c74/LiK16_IDSC-IZA/LiK16_data_spss/Agriculture/agr7_1b.sav,kyrgyzstan-02-e03a0c7475d5,2,agr7_1b.sav,.sav,36703,Life in Kyrgyzstan Study (LiK),2016,2016,agriculture,dataset,openable,,
kyrgyzstan,data/interim/unpacked/kyrgyzstan/dataverse_files/depth_02/LiK_2016__e03a0c74/LiK16_IDSC-IZA/LiK16_data_spss/Agriculture/agr7_24.sav,kyrgyzstan-02-e03a0c7475d5,2,agr7_24.sav,.sav,40216,Life in Kyrgyzstan Study (LiK),2016,2016,agriculture,dataset,openable,,
kyrgyzstan,data/interim/unpacked/kyrgyzstan/dataverse_files/depth_02/LiK_2016__e03a0c74/LiK16_IDSC-IZA/LiK16_data_spss/Agriculture/agr7_2_4b.sav,kyrgyzstan-02-e03a0c7475d5,2,agr7_2_4b.sav,.sav,40216,Life in Kyrgyzstan Study (LiK),2016,2016,agriculture,dataset,openable,,
kyrgyzstan,data/interim/unpacked/kyrgyzstan/dataverse_files/depth_02/LiK_2016__e03a0c74/LiK16_IDSC-IZA/LiK16_data_spss/Agriculture/agr7_3.sav,kyrgyzstan-02-e03a0c7475d5,2,agr7_3.sav,.sav,89228,Life in Kyrgyzstan Study (LiK),2016,2016,agriculture,dataset,openable,,
kyrgyzstan,data/interim/unpacked/kyrgyzstan/dataverse_files/depth_02/LiK_2016__e03a0c74/LiK16_IDSC-IZA/LiK16_data_spss/Agriculture/agr7_4.sav,kyrgyzstan-02-e03a0c7475d5,2,agr7_4.sav,.sav,76356,Life in Kyrgyzstan Study (LiK),2016,2016,agriculture,dataset,openable,,
kyrgyzstan,data/interim/unpacked/kyrgyzstan/dataverse_files/depth_02/LiK_2016__e03a0c74/LiK16_IDSC-IZA/LiK16_data_spss/Community/cm1.sav,kyrgyzstan-02-e03a0c7475d5,2,cm1.sav,.sav,56096,Life in Kyrgyzstan Study (LiK),2016,2016,community,dataset,openable,,
kyrgyzstan,data/interim/unpacked/kyrgyzstan/dataverse_files/depth_02/LiK_2016__e03a0c74/LiK16_IDSC-IZA/LiK16_data_spss/Community/cm_price.sav,kyrgyzstan-02-e03a0c7475d5,2,cm_price.sav,.sav,88242,Life in Kyrgyzstan Study (LiK),2016,2016,community,dataset,openable,,
kyrgyzstan,data/interim/unpacked/kyrgyzstan/dataverse_files/depth_02/LiK_2016__e03a0c74/LiK16_IDSC-IZA/LiK16_data_spss/Control/cc_hh.sav,kyrgyzstan-02-e03a0c7475d5,2,cc_hh.sav,.sav,94201,Life in Kyrgyzstan Study (LiK),2016,2016,UNCERTAIN,dataset,openable,,
kyrgyzstan,data/interim/unpacked/kyrgyzstan/dataverse_files/depth_02/LiK_2016__e03a0c74/LiK16_IDSC-IZA/LiK16_data_spss/Control/cc_ind.sav,kyrgyzstan-02-e03a0c7475d5,2,cc_ind.sav,.sav,723553,Life in Kyrgyzstan Study (LiK),2016,2016,UNCERTAIN,dataset,openable,,
kyrgyzstan,data/interim/unpacked/kyrgyzstan/dataverse_files/depth_02/LiK_2016__e03a0c74/LiK16_IDSC-IZA/LiK16_data_spss/Control/mroster1016_short.sav,kyrgyzstan-02-e03a0c7475d5,2,mroster1016_short.sav,.sav,1832698,Life in Kyrgyzstan Study (LiK),2016,2016,UNCERTAIN,dataset,openable,,
kyrgyzstan,data/interim/unpacked/kyrgyzstan/dataverse_files/depth_02/LiK_2016__e03a0c74/LiK16_IDSC-IZA/LiK16_data_spss/Household/hh0.sav,kyrgyzstan-02-e03a0c7475d5,2,hh0.sav,.sav,283511,Life in Kyrgyzstan Study (LiK),2016,2016,household,dataset,openable,,
kyrgyzstan,data/interim/unpacked/kyrgyzstan/dataverse_files/depth_02/LiK_2016__e03a0c74/LiK16_IDSC-IZA/LiK16_data_spss/Household/hh1a.sav,kyrgyzstan-02-e03a0c7475d5,2,hh1a.sav,.sav,374066,Life in Kyrgyzstan Study (LiK),2016,2016,household,dataset,openable,,
kyrgyzstan,data/interim/unpacked/kyrgyzstan/dataverse_files/depth_02/LiK_2016__e03a0c74/LiK16_IDSC-IZA/LiK16_data_spss/Household/hh1b.sav,kyrgyzstan-02-e03a0c7475d5,2,hh1b.sav,.sav,165214,Life in Kyrgyzstan Study (LiK),2016,2016,household,dataset,openable,,
kyrgyzstan,data/interim/unpacked/kyrgyzstan/dataverse_files/depth_02/LiK_2016__e03a0c74/LiK16_IDSC-IZA/LiK16_data_spss/Household/hh1c.sav,kyrgyzstan-02-e03a0c7475d5,2,hh1c.sav,.sav,45852,Life in Kyrgyzstan Study (LiK),2016,2016,household,dataset,openable,,
kyrgyzstan,data/interim/unpacked/kyrgyzstan/dataverse_files/depth_02/LiK_2016__e03a0c74/LiK16_IDSC-IZA/LiK16_data_spss/Household/hh1d.sav,kyrgyzstan-02-e03a0c7475d5,2,hh1d.sav,.sav,89782,Life in Kyrgyzstan Study (LiK),2016,2016,household,dataset,openable,,
kyrgyzstan,data/interim/unpacked/kyrgyzstan/dataverse_files/depth_02/LiK_2016__e03a0c74/LiK16_IDSC-IZA/LiK16_data_spss/Household/hh2a.sav,kyrgyzstan-02-e03a0c7475d5,2,hh2a.sav,.sav,212076,Life in Kyrgyzstan Study (LiK),2016,2016,household,dataset,openable,,
kyrgyzstan,data/interim/unpacked/kyrgyzstan/dataverse_files/depth_02/LiK_2016__e03a0c74/LiK16_IDSC-IZA/LiK16_data_spss/Household/hh2b.sav,kyrgyzstan-02-e03a0c7475d5,2,hh2b.sav,.sav,697308,Life in Kyrgyzstan Study (LiK),2016,2016,household,dataset,openable,,
kyrgyzstan,data/interim/unpacked/kyrgyzstan/dataverse_files/depth_02/LiK_2016__e03a0c74/LiK16_IDSC-IZA/LiK16_data_spss/Household/hh2d.sav,kyrgyzstan-02-e03a0c7475d5,2,hh2d.sav,.sav,99780,Life in Kyrgyzstan Study (LiK),2016,2016,household,dataset,openable,,
kyrgyzstan,data/interim/unpacked/kyrgyzstan/dataverse_files/depth_02/LiK_2016__e03a0c74/LiK16_IDSC-IZA/LiK16_data_spss/Household/hh4a.sav,kyrgyzstan-02-e03a0c7475d5,2,hh4a.sav,.sav,1618818,Life in Kyrgyzstan Study (LiK),2016,2016,household,dataset,openable,,
kyrgyzstan,data/interim/unpacked/kyrgyzstan/dataverse_files/depth_02/LiK_2016__e03a0c74/LiK16_IDSC-IZA/LiK16_data_spss/Household/hh4b.sav,kyrgyzstan-02-e03a0c7475d5,2,hh4b.sav,.sav,766558,Life in Kyrgyzstan Study (LiK),2016,2016,household,dataset,openable,,
kyrgyzstan,data/interim/unpacked/kyrgyzstan/dataverse_files/depth_02/LiK_2016__e03a0c74/LiK16_IDSC-IZA/LiK16_data_spss/Household/hh4c.sav,kyrgyzstan-02-e03a0c7475d5,2,hh4c.sav,.sav,344014,Life in Kyrgyzstan Study (LiK),2016,2016,household,dataset,openable,,
kyrgyzstan,data/interim/unpacked/kyrgyzstan/dataverse_files/depth_02/LiK_2016__e03a0c74/LiK16_IDSC-IZA/LiK16_data_spss/Household/hh5a.sav,kyrgyzstan-02-e03a0c7475d5,2,hh5a.sav,.sav,93904,Life in Kyrgyzstan Study (LiK),2016,2016,household,dataset,openable,,
kyrgyzstan,data/interim/unpacked/kyrgyzstan/dataverse_files/depth_02/LiK_2016__e03a0c74/LiK16_IDSC-IZA/LiK16_data_spss/Household/hh5b.sav,kyrgyzstan-02-e03a0c7475d5,2,hh5b.sav,.sav,30618,Life in Kyrgyzstan Study (LiK),2016,2016,household,dataset,openable,,
kyrgyzstan,data/interim/unpacked/kyrgyzstan/dataverse_files/depth_02/LiK_2016__e03a0c74/LiK16_IDSC-IZA/LiK16_data_spss/Household/hh6a.sav,kyrgyzstan-02-e03a0c7475d5,2,hh6a.sav,.sav,34770,Life in Kyrgyzstan Study (LiK),2016,2016,household,dataset,openable,,
kyrgyzstan,data/interim/unpacked/kyrgyzstan/dataverse_files/depth_02/LiK_2016__e03a0c74/LiK16_IDSC-IZA/LiK16_data_spss/Household/hh6b.sav,kyrgyzstan-02-e03a0c7475d5,2,hh6b.sav,.sav,25840,Life in Kyrgyzstan Study (LiK),2016,2016,household,dataset,openable,,
kyrgyzstan,data/interim/unpacked/kyrgyzstan/dataverse_files/depth_02/LiK_2016__e03a0c74/LiK16_IDSC-IZA/LiK16_data_spss/Household/hh7.sav,kyrgyzstan-02-e03a0c7475d5,2,hh7.sav,.sav,94888,Life in Kyrgyzstan Study (LiK),2016,2016,household,dataset,openable,,
kyrgyzstan,data/interim/unpacked/kyrgyzstan/dataverse_files/depth_02/LiK_2016__e03a0c74/LiK16_IDSC-IZA/LiK16_data_spss/Individual/id0.sav,kyrgyzstan-02-e03a0c7475d5,2,id0.sav,.sav,605610,Life in Kyrgyzstan Study (LiK),2016,2016,person,dataset,openable,,
kyrgyzstan,data/interim/unpacked/kyrgyzstan/dataverse_files/depth_02/LiK_2016__e03a0c74/LiK16_IDSC-IZA/LiK16_data_spss/Individual/id1.sav,kyrgyzstan-02-e03a0c7475d5,2,id1.sav,.sav,204482,Life in Kyrgyzstan Study (LiK),2016,2016,person,dataset,openable,,
kyrgyzstan,data/interim/unpacked/kyrgyzstan/dataverse_files/depth_02/LiK_2016__e03a0c74/LiK16_IDSC-IZA/LiK16_data_spss/Individual/id2a.sav,kyrgyzstan-02-e03a0c7475d5,2,id2a.sav,.sav,376746,Life in Kyrgyzstan Study (LiK),2016,2016,person,dataset,openable,,
kyrgyzstan,data/interim/unpacked/kyrgyzstan/dataverse_files/depth_02/LiK_2016__e03a0c74/LiK16_IDSC-IZA/LiK16_data_spss/Individual/id2b.sav,kyrgyzstan-02-e03a0c7475d5,2,id2b.sav,.sav,607358,Life in Kyrgyzstan Study (LiK),2016,2016,person,dataset,openable,,
kyrgyzstan,data/interim/unpacked/kyrgyzstan/dataverse_files/depth_02/LiK_2016__e03a0c74/LiK16_IDSC-IZA/LiK16_data_spss/Individual/id3.sav,kyrgyzstan-02-e03a0c7475d5,2,id3.sav,.sav,1178236,Life in Kyrgyzstan Study (LiK),2016,2016,person,dataset,openable,,
kyrgyzstan,data/interim/unpacked/kyrgyzstan/dataverse_files/depth_02/LiK_2016__e03a0c74/LiK16_IDSC-IZA/LiK16_data_spss/Individual/id3d.sav,kyrgyzstan-02-e03a0c7475d5,2,id3d.sav,.sav,217100,Life in Kyrgyzstan Study (LiK),2016,2016,person,dataset,openable,,
kyrgyzstan,data/interim/unpacked/kyrgyzstan/dataverse_files/depth_02/LiK_2016__e03a0c74/LiK16_IDSC-IZA/LiK16_data_spss/Individual/id3e.sav,kyrgyzstan-02-e03a0c7475d5,2,id3e.sav,.sav,259774,Life in Kyrgyzstan Study (LiK),2016,2016,person,dataset,openable,,
kyrgyzstan,data/interim/unpacked/kyrgyzstan/dataverse_files/depth_02/LiK_2016__e03a0c74/LiK16_IDSC-IZA/LiK16_data_spss/Individual/id4.sav,kyrgyzstan-02-e03a0c7475d5,2,id4.sav,.sav,252740,Life in Kyrgyzstan Study (LiK),2016,2016,person,dataset,openable,,
kyrgyzstan,data/interim/unpacked/kyrgyzstan/dataverse_files/depth_02/LiK_2016__e03a0c74/LiK16_IDSC-IZA/LiK16_data_spss/Individual/id5.sav,kyrgyzstan-02-e03a0c7475d5,2,id5.sav,.sav,530678,Life in Kyrgyzstan Study (LiK),2016,2016,person,dataset,openable,,
kyrgyzstan,data/interim/unpacked/kyrgyzstan/dataverse_files/depth_02/LiK_2016__e03a0c74/LiK16_IDSC-IZA/LiK16_data_spss/Individual/id5_504.sav,kyrgyzstan-02-e03a0c7475d5,2,id5_504.sav,.sav,1123054,Life in Kyrgyzstan Study (LiK),2016,2016,person,dataset,openable,,
kyrgyzstan,data/interim/unpacked/kyrgyzstan/dataverse_files/depth_02/LiK_2016__e03a0c74/LiK16_IDSC-IZA/LiK16_data_spss/Individual/id6.sav,kyrgyzstan-02-e03a0c7475d5,2,id6.sav,.sav,496146,Life in Kyrgyzstan Study (LiK),2016,2016,person,dataset,openable,,
kyrgyzstan,data/interim/unpacked/kyrgyzstan/dataverse_files/depth_02/LiK_2016__e03a0c74/LiK16_IDSC-IZA/LiK16_data_spss/Individual/id7.sav,kyrgyzstan-02-e03a0c7475d5,2,id7.sav,.sav,344786,Life in Kyrgyzstan Study (LiK),2016,2016,person,dataset,openable,,
kyrgyzstan,data/interim/unpacked/kyrgyzstan/dataverse_files/depth_02/LiK_2016__e03a0c74/LiK16_IDSC-IZA/LiK16_data_spss/Individual/id7_715.sav,kyrgyzstan-02-e03a0c7475d5,2,id7_715.sav,.sav,937244,Life in Kyrgyzstan Study (LiK),2016,2016,person,dataset,openable,,
kyrgyzstan,data/interim/unpacked/kyrgyzstan/dataverse_files/depth_02/LiK_2016__e03a0c74/LiK16_IDSC-IZA/LiK16_data_spss/Individual/id8.sav,kyrgyzstan-02-e03a0c7475d5,2,id8.sav,.sav,1423346,Life in Kyrgyzstan Study (LiK),2016,2016,person,dataset,openable,,
kyrgyzstan,data/interim/unpacked/kyrgyzstan/dataverse_files/depth_02/LiK_2016__e03a0c74/LiK16_IDSC-IZA/LiK16_data_stata/Agriculture/agr0.dta,kyrgyzstan-02-e03a0c7475d5,2,agr0.dta,.dta,133965,Life in Kyrgyzstan Study (LiK),2016,2016,agriculture,dataset,openable,,
kyrgyzstan,data/interim/unpacked/kyrgyzstan/dataverse_files/depth_02/LiK_2016__e03a0c74/LiK16_IDSC-IZA/LiK16_data_stata/Agriculture/agr1.dta,kyrgyzstan-02-e03a0c7475d5,2,agr1.dta,.dta,14103,Life in Kyrgyzstan Study (LiK),2016,2016,agriculture,dataset,openable,,
kyrgyzstan,data/interim/unpacked/kyrgyzstan/dataverse_files/depth_02/LiK_2016__e03a0c74/LiK16_IDSC-IZA/LiK16_data_stata/Agriculture/agr10_1.dta,kyrgyzstan-02-e03a0c7475d5,2,agr10_1.dta,.dta,32413,Life in Kyrgyzstan Study (LiK),2016,2016,agriculture,dataset,openable,,
kyrgyzstan,data/interim/unpacked/kyrgyzstan/dataverse_files/depth_02/LiK_2016__e03a0c74/LiK16_IDSC-IZA/LiK16_data_stata/Agriculture/agr10_1a.dta,kyrgyzstan-02-e03a0c7475d5,2,agr10_1a.dta,.dta,14268,Life in Kyrgyzstan Study (LiK),2016,2016,agriculture,dataset,openable,,
kyrgyzstan,data/interim/unpacked/kyrgyzstan/dataverse_files/depth_02/LiK_2016__e03a0c74/LiK16_IDSC-IZA/LiK16_data_stata/Agriculture/agr10_3.dta,kyrgyzstan-02-e03a0c7475d5,2,agr10_3.dta,.dta,288075,Life in Kyrgyzstan Study (LiK),2016,2016,agriculture,dataset,openable,,
kyrgyzstan,data/interim/unpacked/kyrgyzstan/dataverse_files/depth_02/LiK_2016__e03a0c74/LiK16_IDSC-IZA/LiK16_data_stata/Agriculture/agr11.dta,kyrgyzstan-02-e03a0c7475d5,2,agr11.dta,.dta,45419,Life in Kyrgyzstan Study (LiK),2016,2016,agriculture,dataset,openable,,
kyrgyzstan,data/interim/unpacked/kyrgyzstan/dataverse_files/depth_02/LiK_2016__e03a0c74/LiK16_IDSC-IZA/LiK16_data_stata/Agriculture/agr2_234.dta,kyrgyzstan-02-e03a0c7475d5,2,agr2_234.dta,.dta,270148,Life in Kyrgyzstan Study (LiK),2016,2016,agriculture,dataset,openable,,
kyrgyzstan,data/interim/unpacked/kyrgyzstan/dataverse_files/depth_02/LiK_2016__e03a0c74/LiK16_IDSC-IZA/LiK16_data_stata/Agriculture/agr2_5.dta,kyrgyzstan-02-e03a0c7475d5,2,agr2_5.dta,.dta,353580,Life in Kyrgyzstan Study (LiK),2016,2016,agriculture,dataset,openable,,
kyrgyzstan,data/interim/unpacked/kyrgyzstan/dataverse_files/depth_02/LiK_2016__e03a0c74/LiK16_IDSC-IZA/LiK16_data_stata/Agriculture/agr2_6.dta,kyrgyzstan-02-e03a0c7475d5,2,agr2_6.dta,.dta,43727,Life in Kyrgyzstan Study (LiK),2016,2016,agriculture,dataset,openable,,
kyrgyzstan,data/interim/unpacked/kyrgyzstan/dataverse_files/depth_02/LiK_2016__e03a0c74/LiK16_IDSC-IZA/LiK16_data_stata/Agriculture/agr3.dta,kyrgyzstan-02-e03a0c7475d5,2,agr3.dta,.dta,14618,Life in Kyrgyzstan Study (LiK),2016,2016,agriculture,dataset,openable,,
kyrgyzstan,data/interim/unpacked/kyrgyzstan/dataverse_files/depth_02/LiK_2016__e03a0c74/LiK16_IDSC-IZA/LiK16_data_stata/Agriculture/agr7_1a.dta,kyrgyzstan-02-e03a0c7475d5,2,agr7_1a.dta,.dta,124261,Life in Kyrgyzstan Study (LiK),2016,2016,agriculture,dataset,openable,,
kyrgyzstan,data/interim/unpacked/kyrgyzstan/dataverse_files/depth_02/LiK_2016__e03a0c74/LiK16_IDSC-IZA/LiK16_data_stata/Agriculture/agr7_1b.dta,kyrgyzstan-02-e03a0c7475d5,2,agr7_1b.dta,.dta,27083,Life in Kyrgyzstan Study (LiK),2016,2016,agriculture,dataset,openable,,
kyrgyzstan,data/interim/unpacked/kyrgyzstan/dataverse_files/depth_02/LiK_2016__e03a0c74/LiK16_IDSC-IZA/LiK16_data_stata/Agriculture/agr7_24.dta,kyrgyzstan-02-e03a0c7475d5,2,agr7_24.dta,.dta,33956,Life in Kyrgyzstan Study (LiK),2016,2016,agriculture,dataset,openable,,
kyrgyzstan,data/interim/unpacked/kyrgyzstan/dataverse_files/depth_02/LiK_2016__e03a0c74/LiK16_IDSC-IZA/LiK16_data_stata/Agriculture/agr7_2_4b.dta,kyrgyzstan-02-e03a0c7475d5,2,agr7_2_4b.dta,.dta,33372,Life in Kyrgyzstan Study (LiK),2016,2016,agriculture,dataset,openable,,
kyrgyzstan,data/interim/unpacked/kyrgyzstan/dataverse_files/depth_02/LiK_2016__e03a0c74/LiK16_IDSC-IZA/LiK16_data_stata/Agriculture/agr7_3.dta,kyrgyzstan-02-e03a0c7475d5,2,agr7_3.dta,.dta,111557,Life in Kyrgyzstan Study (LiK),2016,2016,agriculture,dataset,openable,,
kyrgyzstan,data/interim/unpacked/kyrgyzstan/dataverse_files/depth_02/LiK_2016__e03a0c74/LiK16_IDSC-IZA/LiK16_data_stata/Agriculture/agr7_4.dta,kyrgyzstan-02-e03a0c7475d5,2,agr7_4.dta,.dta,72197,Life in Kyrgyzstan Study (LiK),2016,2016,agriculture,dataset,openable,,
kyrgyzstan,data/interim/unpacked/kyrgyzstan/dataverse_files/depth_02/LiK_2016__e03a0c74/LiK16_IDSC-IZA/LiK16_data_stata/Community/cm1.dta,kyrgyzstan-02-e03a0c7475d5,2,cm1.dta,.dta,89248,Life in Kyrgyzstan Study (LiK),2016,2016,community,dataset,openable,,
kyrgyzstan,data/interim/unpacked/kyrgyzstan/dataverse_files/depth_02/LiK_2016__e03a0c74/LiK16_IDSC-IZA/LiK16_data_stata/Community/cm_price.dta,kyrgyzstan-02-e03a0c7475d5,2,cm_price.dta,.dta,61620,Life in Kyrgyzstan Study (LiK),2016,2016,community,dataset,openable,,
kyrgyzstan,data/interim/unpacked/kyrgyzstan/dataverse_files/depth_02/LiK_2016__e03a0c74/LiK16_IDSC-IZA/LiK16_data_stata/Control/cc_hh.dta,kyrgyzstan-02-e03a0c7475d5,2,cc_hh.dta,.dta,44717,Life in Kyrgyzstan Study (LiK),2016,2016,UNCERTAIN,dataset,openable,,
kyrgyzstan,data/interim/unpacked/kyrgyzstan/dataverse_files/depth_02/LiK_2016__e03a0c74/LiK16_IDSC-IZA/LiK16_data_stata/Control/cc_ind.dta,kyrgyzstan-02-e03a0c7475d5,2,cc_ind.dta,.dta,377596,Life in Kyrgyzstan Study (LiK),2016,2016,UNCERTAIN,dataset,openable,,
kyrgyzstan,data/interim/unpacked/kyrgyzstan/dataverse_files/depth_02/LiK_2016__e03a0c74/LiK16_IDSC-IZA/LiK16_data_stata/Control/mroster1016_short.dta,kyrgyzstan-02-e03a0c7475d5,2,mroster1016_short.dta,.dta,843081,Life in Kyrgyzstan Study (LiK),2016,2016,UNCERTAIN,dataset,openable,,
kyrgyzstan,data/interim/unpacked/kyrgyzstan/dataverse_files/depth_02/LiK_2016__e03a0c74/LiK16_IDSC-IZA/LiK16_data_stata/Household/hh0.dta,kyrgyzstan-02-e03a0c7475d5,2,hh0.dta,.dta,267844,Life in Kyrgyzstan Study (LiK),2016,2016,household,dataset,openable,,
kyrgyzstan,data/interim/unpacked/kyrgyzstan/dataverse_files/depth_02/LiK_2016__e03a0c74/LiK16_IDSC-IZA/LiK16_data_stata/Household/hh1a.dta,kyrgyzstan-02-e03a0c7475d5,2,hh1a.dta,.dta,189712,Life in Kyrgyzstan Study (LiK),2016,2016,household,dataset,openable,,
kyrgyzstan,data/interim/unpacked/kyrgyzstan/dataverse_files/depth_02/LiK_2016__e03a0c74/LiK16_IDSC-IZA/LiK16_data_stata/Household/hh1b.dta,kyrgyzstan-02-e03a0c7475d5,2,hh1b.dta,.dta,104099,Life in Kyrgyzstan Study (LiK),2016,2016,household,dataset,openable,,
kyrgyzstan,data/interim/unpacked/kyrgyzstan/dataverse_files/depth_02/LiK_2016__e03a0c74/LiK16_IDSC-IZA/LiK16_data_stata/Household/hh1c.dta,kyrgyzstan-02-e03a0c7475d5,2,hh1c.dta,.dta,43322,Life in Kyrgyzstan Study (LiK),2016,2016,household,dataset,openable,,
kyrgyzstan,data/interim/unpacked/kyrgyzstan/dataverse_files/depth_02/LiK_2016__e03a0c74/LiK16_IDSC-IZA/LiK16_data_stata/Household/hh1d.dta,kyrgyzstan-02-e03a0c7475d5,2,hh1d.dta,.dta,60272,Life in Kyrgyzstan Study (LiK),2016,2016,household,dataset,openable,,
kyrgyzstan,data/interim/unpacked/kyrgyzstan/dataverse_files/depth_02/LiK_2016__e03a0c74/LiK16_IDSC-IZA/LiK16_data_stata/Household/hh2a.dta,kyrgyzstan-02-e03a0c7475d5,2,hh2a.dta,.dta,157622,Life in Kyrgyzstan Study (LiK),2016,2016,household,dataset,openable,,
kyrgyzstan,data/interim/unpacked/kyrgyzstan/dataverse_files/depth_02/LiK_2016__e03a0c74/LiK16_IDSC-IZA/LiK16_data_stata/Household/hh2b.dta,kyrgyzstan-02-e03a0c7475d5,2,hh2b.dta,.dta,339391,Life in Kyrgyzstan Study (LiK),2016,2016,household,dataset,openable,,
kyrgyzstan,data/interim/unpacked/kyrgyzstan/dataverse_files/depth_02/LiK_2016__e03a0c74/LiK16_IDSC-IZA/LiK16_data_stata/Household/hh2d.dta,kyrgyzstan-02-e03a0c7475d5,2,hh2d.dta,.dta,95383,Life in Kyrgyzstan Study (LiK),2016,2016,household,dataset,openable,,
kyrgyzstan,data/interim/unpacked/kyrgyzstan/dataverse_files/depth_02/LiK_2016__e03a0c74/LiK16_IDSC-IZA/LiK16_data_stata/Household/hh4a.dta,kyrgyzstan-02-e03a0c7475d5,2,hh4a.dta,.dta,1750823,Life in Kyrgyzstan Study (LiK),2016,2016,household,dataset,openable,,
kyrgyzstan,data/interim/unpacked/kyrgyzstan/dataverse_files/depth_02/LiK_2016__e03a0c74/LiK16_IDSC-IZA/LiK16_data_stata/Household/hh4b.dta,kyrgyzstan-02-e03a0c7475d5,2,hh4b.dta,.dta,320825,Life in Kyrgyzstan Study (LiK),2016,2016,household,dataset,openable,,
kyrgyzstan,data/interim/unpacked/kyrgyzstan/dataverse_files/depth_02/LiK_2016__e03a0c74/LiK16_IDSC-IZA/LiK16_data_stata/Household/hh4c.dta,kyrgyzstan-02-e03a0c7475d5,2,hh4c.dta,.dta,338702,Life in Kyrgyzstan Study (LiK),2016,2016,household,dataset,openable,,
kyrgyzstan,data/interim/unpacked/kyrgyzstan/dataverse_files/depth_02/LiK_2016__e03a0c74/LiK16_IDSC-IZA/LiK16_data_stata/Household/hh5a.dta,kyrgyzstan-02-e03a0c7475d5,2,hh5a.dta,.dta,39076,Life in Kyrgyzstan Study (LiK),2016,2016,household,dataset,openable,,
kyrgyzstan,data/interim/unpacked/kyrgyzstan/dataverse_files/depth_02/LiK_2016__e03a0c74/LiK16_IDSC-IZA/LiK16_data_stata/Household/hh5b.dta,kyrgyzstan-02-e03a0c7475d5,2,hh5b.dta,.dta,13781,Life in Kyrgyzstan Study (LiK),2016,2016,household,dataset,openable,,
kyrgyzstan,data/interim/unpacked/kyrgyzstan/dataverse_files/depth_02/LiK_2016__e03a0c74/LiK16_IDSC-IZA/LiK16_data_stata/Household/hh6a.dta,kyrgyzstan-02-e03a0c7475d5,2,hh6a.dta,.dta,30039,Life in Kyrgyzstan Study (LiK),2016,2016,household,dataset,openable,,
kyrgyzstan,data/interim/unpacked/kyrgyzstan/dataverse_files/depth_02/LiK_2016__e03a0c74/LiK16_IDSC-IZA/LiK16_data_stata/Household/hh6b.dta,kyrgyzstan-02-e03a0c7475d5,2,hh6b.dta,.dta,25450,Life in Kyrgyzstan Study (LiK),2016,2016,household,dataset,openable,,
kyrgyzstan,data/interim/unpacked/kyrgyzstan/dataverse_files/depth_02/LiK_2016__e03a0c74/LiK16_IDSC-IZA/LiK16_data_stata/Household/hh7.dta,kyrgyzstan-02-e03a0c7475d5,2,hh7.dta,.dta,81131,Life in Kyrgyzstan Study (LiK),2016,2016,household,dataset,openable,,
kyrgyzstan,data/interim/unpacked/kyrgyzstan/dataverse_files/depth_02/LiK_2016__e03a0c74/LiK16_IDSC-IZA/LiK16_data_stata/Individual/id0.dta,kyrgyzstan-02-e03a0c7475d5,2,id0.dta,.dta,692178,Life in Kyrgyzstan Study (LiK),2016,2016,person,dataset,openable,,
kyrgyzstan,data/interim/unpacked/kyrgyzstan/dataverse_files/depth_02/LiK_2016__e03a0c74/LiK16_IDSC-IZA/LiK16_data_stata/Individual/id1.dta,kyrgyzstan-02-e03a0c7475d5,2,id1.dta,.dta,150045,Life in Kyrgyzstan Study (LiK),2016,2016,person,dataset,openable,,
kyrgyzstan,data/interim/unpacked/kyrgyzstan/dataverse_files/depth_02/LiK_2016__e03a0c74/LiK16_IDSC-IZA/LiK16_data_stata/Individual/id2a.dta,kyrgyzstan-02-e03a0c7475d5,2,id2a.dta,.dta,332229,Life in Kyrgyzstan Study (LiK),2016,2016,person,dataset,openable,,
kyrgyzstan,data/interim/unpacked/kyrgyzstan/dataverse_files/depth_02/LiK_2016__e03a0c74/LiK16_IDSC-IZA/LiK16_data_stata/Individual/id2b.dta,kyrgyzstan-02-e03a0c7475d5,2,id2b.dta,.dta,526250,Life in Kyrgyzstan Study (LiK),2016,2016,person,dataset,openable,,
kyrgyzstan,data/interim/unpacked/kyrgyzstan/dataverse_files/depth_02/LiK_2016__e03a0c74/LiK16_IDSC-IZA/LiK16_data_stata/Individual/id3.dta,kyrgyzstan-02-e03a0c7475d5,2,id3.dta,.dta,1638095,Life in Kyrgyzstan Study (LiK),2016,2016,person,dataset,openable,,
kyrgyzstan,data/interim/unpacked/kyrgyzstan/dataverse_files/depth_02/LiK_2016__e03a0c74/LiK16_IDSC-IZA/LiK16_data_stata/Individual/id3d.dta,kyrgyzstan-02-e03a0c7475d5,2,id3d.dta,.dta,153594,Life in Kyrgyzstan Study (LiK),2016,2016,person,dataset,openable,,
kyrgyzstan,data/interim/unpacked/kyrgyzstan/dataverse_files/depth_02/LiK_2016__e03a0c74/LiK16_IDSC-IZA/LiK16_data_stata/Individual/id3e.dta,kyrgyzstan-02-e03a0c7475d5,2,id3e.dta,.dta,189901,Life in Kyrgyzstan Study (LiK),2016,2016,person,dataset,openable,,
kyrgyzstan,data/interim/unpacked/kyrgyzstan/dataverse_files/depth_02/LiK_2016__e03a0c74/LiK16_IDSC-IZA/LiK16_data_stata/Individual/id4.dta,kyrgyzstan-02-e03a0c7475d5,2,id4.dta,.dta,215308,Life in Kyrgyzstan Study (LiK),2016,2016,person,dataset,openable,,
kyrgyzstan,data/interim/unpacked/kyrgyzstan/dataverse_files/depth_02/LiK_2016__e03a0c74/LiK16_IDSC-IZA/LiK16_data_stata/Individual/id5.dta,kyrgyzstan-02-e03a0c7475d5,2,id5.dta,.dta,479169,Life in Kyrgyzstan Study (LiK),2016,2016,person,dataset,openable,,
kyrgyzstan,data/interim/unpacked/kyrgyzstan/dataverse_files/depth_02/LiK_2016__e03a0c74/LiK16_IDSC-IZA/LiK16_data_stata/Individual/id5_504.dta,kyrgyzstan-02-e03a0c7475d5,2,id5_504.dta,.dta,563148,Life in Kyrgyzstan Study (LiK),2016,2016,person,dataset,openable,,
kyrgyzstan,data/interim/unpacked/kyrgyzstan/dataverse_files/depth_02/LiK_2016__e03a0c74/LiK16_IDSC-IZA/LiK16_data_stata/Individual/id6.dta,kyrgyzstan-02-e03a0c7475d5,2,id6.dta,.dta,445914,Life in Kyrgyzstan Study (LiK),2016,2016,person,dataset,openable,,
kyrgyzstan,data/interim/unpacked/kyrgyzstan/dataverse_files/depth_02/LiK_2016__e03a0c74/LiK16_IDSC-IZA/LiK16_data_stata/Individual/id7.dta,kyrgyzstan-02-e03a0c7475d5,2,id7.dta,.dta,291718,Life in Kyrgyzstan Study (LiK),2016,2016,person,dataset,openable,,
kyrgyzstan,data/interim/unpacked/kyrgyzstan/dataverse_files/depth_02/LiK_2016__e03a0c74/LiK16_IDSC-IZA/LiK16_data_stata/Individual/id7_715.dta,kyrgyzstan-02-e03a0c7475d5,2,id7_715.dta,.dta,501449,Life in Kyrgyzstan Study (LiK),2016,2016,person,dataset,openable,,
kyrgyzstan,data/interim/unpacked/kyrgyzstan/dataverse_files/depth_02/LiK_2016__e03a0c74/LiK16_IDSC-IZA/LiK16_data_stata/Individual/id8.dta,kyrgyzstan-02-e03a0c7475d5,2,id8.dta,.dta,1462932,Life in Kyrgyzstan Study (LiK),2016,2016,person,dataset,openable,,
kyrgyzstan,data/interim/unpacked/kyrgyzstan/dataverse_files/depth_02/LiK_2016__e03a0c74/LiK16_IDSC-IZA/LiK16_questionnaires/English/1.Control_and_cover_Eng_LiK16.pdf,kyrgyzstan-02-e03a0c7475d5,2,1.Control_and_cover_Eng_LiK16.pdf,.control_and_cover_eng_lik16.pdf,163195,Life in Kyrgyzstan Study (LiK),2016,2016,UNCERTAIN,questionnaire,openable,,
kyrgyzstan,data/interim/unpacked/kyrgyzstan/dataverse_files/depth_02/LiK_2016__e03a0c74/LiK16_IDSC-IZA/LiK16_questionnaires/English/2.Household_forms_Eng_LiK16.pdf,kyrgyzstan-02-e03a0c7475d5,2,2.Household_forms_Eng_LiK16.pdf,.household_forms_eng_lik16.pdf,483094,Life in Kyrgyzstan Study (LiK),2016,2016,UNCERTAIN,questionnaire,openable,,
kyrgyzstan,data/interim/unpacked/kyrgyzstan/dataverse_files/depth_02/LiK_2016__e03a0c74/LiK16_IDSC-IZA/LiK16_questionnaires/English/3.Individual_forms_Eng_LiK16.pdf,kyrgyzstan-02-e03a0c7475d5,2,3.Individual_forms_Eng_LiK16.pdf,.individual_forms_eng_lik16.pdf,715318,Life in Kyrgyzstan Study (LiK),2016,2016,UNCERTAIN,questionnaire,openable,,
kyrgyzstan,data/interim/unpacked/kyrgyzstan/dataverse_files/depth_02/LiK_2016__e03a0c74/LiK16_IDSC-IZA/LiK16_questionnaires/English/4.Community_forms_Eng_LiK16.pdf,kyrgyzstan-02-e03a0c7475d5,2,4.Community_forms_Eng_LiK16.pdf,.community_forms_eng_lik16.pdf,224769,Life in Kyrgyzstan Study (LiK),2016,2016,UNCERTAIN,questionnaire,openable,,
kyrgyzstan,data/interim/unpacked/kyrgyzstan/dataverse_files/depth_02/LiK_2016__e03a0c74/LiK16_IDSC-IZA/LiK16_questionnaires/English/5.Agriculture_forms_Eng_LiK16.pdf,kyrgyzstan-02-e03a0c7475d5,2,5.Agriculture_forms_Eng_LiK16.pdf,.agriculture_forms_eng_lik16.pdf,312016,Life in Kyrgyzstan Study (LiK),2016,2016,UNCERTAIN,questionnaire,openable,,
kyrgyzstan,data/interim/unpacked/kyrgyzstan/dataverse_files/depth_02/LiK_2016__e03a0c74/LiK16_IDSC-IZA/LiK16_questionnaires/English/LiK16_Questionnaires_Eng.zip,kyrgyzstan-02-e03a0c7475d5,2,LiK16_Questionnaires_Eng.zip,.zip,1421490,Life in Kyrgyzstan Study (LiK),2016,2016,UNCERTAIN,questionnaire,openable,,
kyrgyzstan,data/interim/unpacked/kyrgyzstan/dataverse_files/depth_02/LiK_2016__e03a0c74/LiK16_IDSC-IZA/LiK16_questionnaires/Kyrgyz/1.Control_and_cover_Kyr_LiK16.pdf,kyrgyzstan-02-e03a0c7475d5,2,1.Control_and_cover_Kyr_LiK16.pdf,.control_and_cover_kyr_lik16.pdf,332335,Life in Kyrgyzstan Study (LiK),2016,2016,UNCERTAIN,questionnaire,openable,,
kyrgyzstan,data/interim/unpacked/kyrgyzstan/dataverse_files/depth_02/LiK_2016__e03a0c74/LiK16_IDSC-IZA/LiK16_questionnaires/Kyrgyz/2.Household_forms_Kyr_LiK16.pdf,kyrgyzstan-02-e03a0c7475d5,2,2.Household_forms_Kyr_LiK16.pdf,.household_forms_kyr_lik16.pdf,553199,Life in Kyrgyzstan Study (LiK),2016,2016,UNCERTAIN,questionnaire,openable,,
kyrgyzstan,data/interim/unpacked/kyrgyzstan/dataverse_files/depth_02/LiK_2016__e03a0c74/LiK16_IDSC-IZA/LiK16_questionnaires/Kyrgyz/3.Individual_forms_Kyr_LiK16.pdf,kyrgyzstan-02-e03a0c7475d5,2,3.Individual_forms_Kyr_LiK16.pdf,.individual_forms_kyr_lik16.pdf,819629,Life in Kyrgyzstan Study (LiK),2016,2016,UNCERTAIN,questionnaire,openable,,
kyrgyzstan,data/interim/unpacked/kyrgyzstan/dataverse_files/depth_02/LiK_2016__e03a0c74/LiK16_IDSC-IZA/LiK16_questionnaires/Kyrgyz/4.Community_form_Kyr_LiK16.pdf,kyrgyzstan-02-e03a0c7475d5,2,4.Community_form_Kyr_LiK16.pdf,.community_form_kyr_lik16.pdf,794009,Life in Kyrgyzstan Study (LiK),2016,2016,UNCERTAIN,questionnaire,openable,,
kyrgyzstan,data/interim/unpacked/kyrgyzstan/dataverse_files/depth_02/LiK_2016__e03a0c74/LiK16_IDSC-IZA/LiK16_questionnaires/Kyrgyz/5.AG_forms_Kyr_LiK16.pdf,kyrgyzstan-02-e03a0c7475d5,2,5.AG_forms_Kyr_LiK16.pdf,.ag_forms_kyr_lik16.pdf,933517,Life in Kyrgyzstan Study (LiK),2016,2016,UNCERTAIN,questionnaire,openable,,
kyrgyzstan,data/interim/unpacked/kyrgyzstan/dataverse_files/depth_02/LiK_2016__e03a0c74/LiK16_IDSC-IZA/LiK16_questionnaires/Kyrgyz/LiK16_Questionnaires_Kyr.zip,kyrgyzstan-02-e03a0c7475d5,2,LiK16_Questionnaires_Kyr.zip,.zip,2626965,Life in Kyrgyzstan Study (LiK),2016,2016,UNCERTAIN,questionnaire,openable,,
kyrgyzstan,data/interim/unpacked/kyrgyzstan/dataverse_files/depth_02/LiK_2016__e03a0c74/LiK16_IDSC-IZA/LiK16_questionnaires/LiK16_Ag_Qre_manual_Rus.pdf,kyrgyzstan-02-e03a0c7475d5,2,LiK16_Ag_Qre_manual_Rus.pdf,.pdf,662729,Life in Kyrgyzstan Study (LiK),2016,2016,UNCERTAIN,questionnaire,openable,,
kyrgyzstan,data/interim/unpacked/kyrgyzstan/dataverse_files/depth_02/LiK_2016__e03a0c74/LiK16_IDSC-IZA/LiK16_questionnaires/LiK_interviewers_manual_2016_Rus.pdf,kyrgyzstan-02-e03a0c7475d5,2,LiK_interviewers_manual_2016_Rus.pdf,.pdf,539322,Life in Kyrgyzstan Study (LiK),2016,2016,UNCERTAIN,questionnaire,openable,,
kyrgyzstan,data/interim/unpacked/kyrgyzstan/dataverse_files/depth_02/LiK_2016__e03a0c74/LiK16_IDSC-IZA/LiK16_questionnaires/Russian/1.Control_and_cover_Rus_LiK16.pdf,kyrgyzstan-02-e03a0c7475d5,2,1.Control_and_cover_Rus_LiK16.pdf,.control_and_cover_rus_lik16.pdf,174356,Life in Kyrgyzstan Study (LiK),2016,2016,UNCERTAIN,questionnaire,openable,,
kyrgyzstan,data/interim/unpacked/kyrgyzstan/dataverse_files/depth_02/LiK_2016__e03a0c74/LiK16_IDSC-IZA/LiK16_questionnaires/Russian/2.Household_forms_Rus_LiK16.pdf,kyrgyzstan-02-e03a0c7475d5,2,2.Household_forms_Rus_LiK16.pdf,.household_forms_rus_lik16.pdf,628986,Life in Kyrgyzstan Study (LiK),2016,2016,UNCERTAIN,questionnaire,openable,,
kyrgyzstan,data/interim/unpacked/kyrgyzstan/dataverse_files/depth_02/LiK_2016__e03a0c74/LiK16_IDSC-IZA/LiK16_questionnaires/Russian/3.Individual_forms_Rus_LiK16.pdf,kyrgyzstan-02-e03a0c7475d5,2,3.Individual_forms_Rus_LiK16.pdf,.individual_forms_rus_lik16.pdf,899859,Life in Kyrgyzstan Study (LiK),2016,2016,UNCERTAIN,questionnaire,openable,,
kyrgyzstan,data/interim/unpacked/kyrgyzstan/dataverse_files/depth_02/LiK_2016__e03a0c74/LiK16_IDSC-IZA/LiK16_questionnaires/Russian/4.Community_forms_Rus_LiK16.pdf,kyrgyzstan-02-e03a0c7475d5,2,4.Community_forms_Rus_LiK16.pdf,.community_forms_rus_lik16.pdf,326639,Life in Kyrgyzstan Study (LiK),2016,2016,UNCERTAIN,questionnaire,openable,,
kyrgyzstan,data/interim/unpacked/kyrgyzstan/dataverse_files/depth_02/LiK_2016__e03a0c74/LiK16_IDSC-IZA/LiK16_questionnaires/Russian/5.AG_forms_Rus_LiK16.pdf,kyrgyzstan-02-e03a0c7475d5,2,5.AG_forms_Rus_LiK16.pdf,.ag_forms_rus_lik16.pdf,337875,Life in Kyrgyzstan Study (LiK),2016,2016,UNCERTAIN,questionnaire,openable,,
kyrgyzstan,data/interim/unpacked/kyrgyzstan/dataverse_files/depth_02/LiK_2016__e03a0c74/LiK16_IDSC-IZA/LiK16_questionnaires/Russian/LiK16_Questionnaires_Rus.zip,kyrgyzstan-02-e03a0c7475d5,2,LiK16_Questionnaires_Rus.zip,.zip,1603430,Life in Kyrgyzstan Study (LiK),2016,2016,UNCERTAIN,questionnaire,openable,,
kyrgyzstan,data/interim/unpacked/kyrgyzstan/dataverse_files/depth_02/LiK_2016__e03a0c74/LiK16_IDSC-IZA/LiK_publications_Sep2019.docx,kyrgyzstan-02-e03a0c7475d5,2,LiK_publications_Sep2019.docx,.docx,20751,Life in Kyrgyzstan Study (LiK),2019,2019,UNCERTAIN,publication,openable,,
kyrgyzstan,data/interim/unpacked/kyrgyzstan/dataverse_files/depth_02/LiK_2022__7c67a235/Version_2022/Agriculture/ag0.dta,kyrgyzstan-02-7c67a2352648,2,ag0.dta,.dta,236485,Life in Kyrgyzstan Study (LiK),2019,2019,agriculture,dataset,openable,,
kyrgyzstan,data/interim/unpacked/kyrgyzstan/dataverse_files/depth_02/LiK_2022__7c67a235/Version_2022/Agriculture/ag10.dta,kyrgyzstan-02-7c67a2352648,2,ag10.dta,.dta,5051,Life in Kyrgyzstan Study (LiK),2019,2019,agriculture,dataset,openable,,
kyrgyzstan,data/interim/unpacked/kyrgyzstan/dataverse_files/depth_02/LiK_2022__7c67a235/Version_2022/Agriculture/ag1_2.dta,kyrgyzstan-02-7c67a2352648,2,ag1_2.dta,.dta,291588,Life in Kyrgyzstan Study (LiK),2019,2019,agriculture,dataset,openable,,
kyrgyzstan,data/interim/unpacked/kyrgyzstan/dataverse_files/depth_02/LiK_2022__7c67a235/Version_2022/Agriculture/ag3.dta,kyrgyzstan-02-7c67a2352648,2,ag3.dta,.dta,128228,Life in Kyrgyzstan Study (LiK),2019,2019,agriculture,dataset,openable,,
kyrgyzstan,data/interim/unpacked/kyrgyzstan/dataverse_files/depth_02/LiK_2022__7c67a235/Version_2022/Agriculture/ag4.dta,kyrgyzstan-02-7c67a2352648,2,ag4.dta,.dta,57129,Life in Kyrgyzstan Study (LiK),2019,2019,agriculture,dataset,openable,,
kyrgyzstan,data/interim/unpacked/kyrgyzstan/dataverse_files/depth_02/LiK_2022__7c67a235/Version_2022/Agriculture/ag5.dta,kyrgyzstan-02-7c67a2352648,2,ag5.dta,.dta,186556,Life in Kyrgyzstan Study (LiK),2019,2019,agriculture,dataset,openable,,
kyrgyzstan,data/interim/unpacked/kyrgyzstan/dataverse_files/depth_02/LiK_2022__7c67a235/Version_2022/Agriculture/ag6.dta,kyrgyzstan-02-7c67a2352648,2,ag6.dta,.dta,17727,Life in Kyrgyzstan Study (LiK),2019,2019,agriculture,dataset,openable,,
kyrgyzstan,data/interim/unpacked/kyrgyzstan/dataverse_files/depth_02/LiK_2022__7c67a235/Version_2022/Agriculture/ag71.dta,kyrgyzstan-02-7c67a2352648,2,ag71.dta,.dta,88652,Life in Kyrgyzstan Study (LiK),2019,2019,agriculture,dataset,openable,,
kyrgyzstan,data/interim/unpacked/kyrgyzstan/dataverse_files/depth_02/LiK_2022__7c67a235/Version_2022/Agriculture/ag72.dta,kyrgyzstan-02-7c67a2352648,2,ag72.dta,.dta,28112,Life in Kyrgyzstan Study (LiK),2019,2019,agriculture,dataset,openable,,
kyrgyzstan,data/interim/unpacked/kyrgyzstan/dataverse_files/depth_02/LiK_2022__7c67a235/Version_2022/Agriculture/ag73.dta,kyrgyzstan-02-7c67a2352648,2,ag73.dta,.dta,7095,Life in Kyrgyzstan Study (LiK),2019,2019,agriculture,dataset,openable,,
kyrgyzstan,data/interim/unpacked/kyrgyzstan/dataverse_files/depth_02/LiK_2022__7c67a235/Version_2022/Agriculture/ag74.dta,kyrgyzstan-02-7c67a2352648,2,ag74.dta,.dta,46370,Life in Kyrgyzstan Study (LiK),2019,2019,agriculture,dataset,openable,,
kyrgyzstan,data/interim/unpacked/kyrgyzstan/dataverse_files/depth_02/LiK_2022__7c67a235/Version_2022/Agriculture/ag75.dta,kyrgyzstan-02-7c67a2352648,2,ag75.dta,.dta,93543,Life in Kyrgyzstan Study (LiK),2019,2019,agriculture,dataset,openable,,
kyrgyzstan,data/interim/unpacked/kyrgyzstan/dataverse_files/depth_02/LiK_2022__7c67a235/Version_2022/Agriculture/ag76.dta,kyrgyzstan-02-7c67a2352648,2,ag76.dta,.dta,16494,Life in Kyrgyzstan Study (LiK),2019,2019,agriculture,dataset,openable,,
kyrgyzstan,data/interim/unpacked/kyrgyzstan/dataverse_files/depth_02/LiK_2022__7c67a235/Version_2022/Agriculture/ag8.dta,kyrgyzstan-02-7c67a2352648,2,ag8.dta,.dta,9159,Life in Kyrgyzstan Study (LiK),2019,2019,agriculture,dataset,openable,,
kyrgyzstan,data/interim/unpacked/kyrgyzstan/dataverse_files/depth_02/LiK_2022__7c67a235/Version_2022/Agriculture/ag9.dta,kyrgyzstan-02-7c67a2352648,2,ag9.dta,.dta,69082,Life in Kyrgyzstan Study (LiK),2019,2019,agriculture,dataset,openable,,
kyrgyzstan,data/interim/unpacked/kyrgyzstan/dataverse_files/depth_02/LiK_2022__7c67a235/Version_2022/Community/cm1.dta,kyrgyzstan-02-7c67a2352648,2,cm1.dta,.dta,115923,Life in Kyrgyzstan Study (LiK),2019,2019,community,dataset,openable,,
kyrgyzstan,data/interim/unpacked/kyrgyzstan/dataverse_files/depth_02/LiK_2022__7c67a235/Version_2022/Community/cm_price.dta,kyrgyzstan-02-7c67a2352648,2,cm_price.dta,.dta,76268,Life in Kyrgyzstan Study (LiK),2019,2019,community,dataset,openable,,
kyrgyzstan,data/interim/unpacked/kyrgyzstan/dataverse_files/depth_02/LiK_2022__7c67a235/Version_2022/Household/hh0.dta,kyrgyzstan-02-7c67a2352648,2,hh0.dta,.dta,116876,Life in Kyrgyzstan Study (LiK),2019,2019,household,dataset,openable,,
kyrgyzstan,data/interim/unpacked/kyrgyzstan/dataverse_files/depth_02/LiK_2022__7c67a235/Version_2022/Household/hh1a.dta,kyrgyzstan-02-7c67a2352648,2,hh1a.dta,.dta,192306,Life in Kyrgyzstan Study (LiK),2019,2019,household,dataset,openable,,
kyrgyzstan,data/interim/unpacked/kyrgyzstan/dataverse_files/depth_02/LiK_2022__7c67a235/Version_2022/Household/hh1b.dta,kyrgyzstan-02-7c67a2352648,2,hh1b.dta,.dta,180281,Life in Kyrgyzstan Study (LiK),2019,2019,household,dataset,openable,,
kyrgyzstan,data/interim/unpacked/kyrgyzstan/dataverse_files/depth_02/LiK_2022__7c67a235/Version_2022/Household/hh1c.dta,kyrgyzstan-02-7c67a2352648,2,hh1c.dta,.dta,79872,Life in Kyrgyzstan Study (LiK),2019,2019,household,dataset,openable,,
kyrgyzstan,data/interim/unpacked/kyrgyzstan/dataverse_files/depth_02/LiK_2022__7c67a235/Version_2022/Household/hh1d.dta,kyrgyzstan-02-7c67a2352648,2,hh1d.dta,.dta,162782,Life in Kyrgyzstan Study (LiK),2019,2019,household,dataset,openable,,
kyrgyzstan,data/interim/unpacked/kyrgyzstan/dataverse_files/depth_02/LiK_2022__7c67a235/Version_2022/Household/hh2a.dta,kyrgyzstan-02-7c67a2352648,2,hh2a.dta,.dta,148055,Life in Kyrgyzstan Study (LiK),2019,2019,household,dataset,openable,,
kyrgyzstan,data/interim/unpacked/kyrgyzstan/dataverse_files/depth_02/LiK_2022__7c67a235/Version_2022/Household/hh2b.dta,kyrgyzstan-02-7c67a2352648,2,hh2b.dta,.dta,279683,Life in Kyrgyzstan Study (LiK),2019,2019,household,dataset,openable,,
kyrgyzstan,data/interim/unpacked/kyrgyzstan/dataverse_files/depth_02/LiK_2022__7c67a235/Version_2022/Household/hh2c.dta,kyrgyzstan-02-7c67a2352648,2,hh2c.dta,.dta,70046,Life in Kyrgyzstan Study (LiK),2019,2019,household,dataset,openable,,
kyrgyzstan,data/interim/unpacked/kyrgyzstan/dataverse_files/depth_02/LiK_2022__7c67a235/Version_2022/Household/hh4a.dta,kyrgyzstan-02-7c67a2352648,2,hh4a.dta,.dta,2103165,Life in Kyrgyzstan Study (LiK),2019,2019,household,dataset,openable,,
kyrgyzstan,data/interim/unpacked/kyrgyzstan/dataverse_files/depth_02/LiK_2022__7c67a235/Version_2022/Household/hh4b.dta,kyrgyzstan-02-7c67a2352648,2,hh4b.dta,.dta,292911,Life in Kyrgyzstan Study (LiK),2019,2019,household,dataset,openable,,
kyrgyzstan,data/interim/unpacked/kyrgyzstan/dataverse_files/depth_02/LiK_2022__7c67a235/Version_2022/Household/hh5a.dta,kyrgyzstan-02-7c67a2352648,2,hh5a.dta,.dta,27047,Life in Kyrgyzstan Study (LiK),2019,2019,household,dataset,openable,,
kyrgyzstan,data/interim/unpacked/kyrgyzstan/dataverse_files/depth_02/LiK_2022__7c67a235/Version_2022/Household/hh5b.dta,kyrgyzstan-02-7c67a2352648,2,hh5b.dta,.dta,13287,Life in Kyrgyzstan Study (LiK),2019,2019,household,dataset,openable,,
kyrgyzstan,data/interim/unpacked/kyrgyzstan/dataverse_files/depth_02/LiK_2022__7c67a235/Version_2022/Household/hh6a.dta,kyrgyzstan-02-7c67a2352648,2,hh6a.dta,.dta,64653,Life in Kyrgyzstan Study (LiK),2019,2019,household,dataset,openable,,
kyrgyzstan,data/interim/unpacked/kyrgyzstan/dataverse_files/depth_02/LiK_2022__7c67a235/Version_2022/Household/hh6b.dta,kyrgyzstan-02-7c67a2352648,2,hh6b.dta,.dta,52460,Life in Kyrgyzstan Study (LiK),2019,2019,household,dataset,openable,,
kyrgyzstan,data/interim/unpacked/kyrgyzstan/dataverse_files/depth_02/LiK_2022__7c67a235/Version_2022/Household/hh7.dta,kyrgyzstan-02-7c67a2352648,2,hh7.dta,.dta,15959,Life in Kyrgyzstan Study (LiK),2019,2019,household,dataset,openable,,
kyrgyzstan,data/interim/unpacked/kyrgyzstan/dataverse_files/depth_02/LiK_2022__7c67a235/Version_2022/Household/hh8.dta,kyrgyzstan-02-7c67a2352648,2,hh8.dta,.dta,67992,Life in Kyrgyzstan Study (LiK),2019,2019,household,dataset,openable,,
kyrgyzstan,data/interim/unpacked/kyrgyzstan/dataverse_files/depth_02/LiK_2022__7c67a235/Version_2022/Individual/id0.dta,kyrgyzstan-02-7c67a2352648,2,id0.dta,.dta,806267,Life in Kyrgyzstan Study (LiK),2019,2019,person,dataset,openable,,
kyrgyzstan,data/interim/unpacked/kyrgyzstan/dataverse_files/depth_02/LiK_2022__7c67a235/Version_2022/Individual/id1.dta,kyrgyzstan-02-7c67a2352648,2,id1.dta,.dta,134212,Life in Kyrgyzstan Study (LiK),2019,2019,person,dataset,openable,,
kyrgyzstan,data/interim/unpacked/kyrgyzstan/dataverse_files/depth_02/LiK_2022__7c67a235/Version_2022/Individual/id2.dta,kyrgyzstan-02-7c67a2352648,2,id2.dta,.dta,737249,Life in Kyrgyzstan Study (LiK),2019,2019,person,dataset,openable,,
kyrgyzstan,data/interim/unpacked/kyrgyzstan/dataverse_files/depth_02/LiK_2022__7c67a235/Version_2022/Individual/id3.dta,kyrgyzstan-02-7c67a2352648,2,id3.dta,.dta,1212886,Life in Kyrgyzstan Study (LiK),2019,2019,person,dataset,openable,,
kyrgyzstan,data/interim/unpacked/kyrgyzstan/dataverse_files/depth_02/LiK_2022__7c67a235/Version_2022/Individual/id3d.dta,kyrgyzstan-02-7c67a2352648,2,id3d.dta,.dta,117079,Life in Kyrgyzstan Study (LiK),2019,2019,person,dataset,openable,,
kyrgyzstan,data/interim/unpacked/kyrgyzstan/dataverse_files/depth_02/LiK_2022__7c67a235/Version_2022/Individual/id3e.dta,kyrgyzstan-02-7c67a2352648,2,id3e.dta,.dta,132835,Life in Kyrgyzstan Study (LiK),2019,2019,person,dataset,openable,,
kyrgyzstan,data/interim/unpacked/kyrgyzstan/dataverse_files/depth_02/LiK_2022__7c67a235/Version_2022/Individual/id4.dta,kyrgyzstan-02-7c67a2352648,2,id4.dta,.dta,198459,Life in Kyrgyzstan Study (LiK),2019,2019,person,dataset,openable,,
kyrgyzstan,data/interim/unpacked/kyrgyzstan/dataverse_files/depth_02/LiK_2022__7c67a235/Version_2022/Individual/id5.dta,kyrgyzstan-02-7c67a2352648,2,id5.dta,.dta,365887,Life in Kyrgyzstan Study (LiK),2019,2019,person,dataset,openable,,
kyrgyzstan,data/interim/unpacked/kyrgyzstan/dataverse_files/depth_02/LiK_2022__7c67a235/Version_2022/Individual/id5_519.dta,kyrgyzstan-02-7c67a2352648,2,id5_519.dta,.dta,566433,Life in Kyrgyzstan Study (LiK),2019,2019,person,dataset,openable,,
kyrgyzstan,data/interim/unpacked/kyrgyzstan/dataverse_files/depth_02/LiK_2022__7c67a235/Version_2022/Individual/id7.dta,kyrgyzstan-02-7c67a2352648,2,id7.dta,.dta,310745,Life in Kyrgyzstan Study (LiK),2019,2019,person,dataset,openable,,
kyrgyzstan,data/interim/unpacked/kyrgyzstan/dataverse_files/depth_02/LiK_2022__7c67a235/Version_2022/Individual/id8.dta,kyrgyzstan-02-7c67a2352648,2,id8.dta,.dta,935580,Life in Kyrgyzstan Study (LiK),2019,2019,person,dataset,openable,,
kyrgyzstan,data/interim/unpacked/kyrgyzstan/dataverse_files/depth_02/LiK_2022__7c67a235/Version_2022/LiK19_Study_Description.pdf,kyrgyzstan-02-7c67a2352648,2,LiK19_Study_Description.pdf,.pdf,359561,Life in Kyrgyzstan Study (LiK),2019,2019,UNCERTAIN,publication,openable,,
kyrgyzstan,data/interim/unpacked/kyrgyzstan/dataverse_files/depth_02/LiK_2022__7c67a235/Version_2022/Panelroster/inter_list.dta,kyrgyzstan-02-7c67a2352648,2,inter_list.dta,.dta,5024,Life in Kyrgyzstan Study (LiK),2019,2019,UNCERTAIN,dataset,openable,,
kyrgyzstan,data/interim/unpacked/kyrgyzstan/dataverse_files/depth_02/LiK_2022__7c67a235/Version_2022/Panelroster/mroster1019_short.dta,kyrgyzstan-02-7c67a2352648,2,mroster1019_short.dta,.dta,1233304,Life in Kyrgyzstan Study (LiK),2019,2019,UNCERTAIN,dataset,openable,,
kyrgyzstan,data/interim/unpacked/kyrgyzstan/dataverse_files/depth_02/LiK_2022__7c67a235/Version_2022/Questionnaires/Eng/1.Community_form_Eng_LiK19.pdf,kyrgyzstan-02-7c67a2352648,2,1.Community_form_Eng_LiK19.pdf,.community_form_eng_lik19.pdf,328585,Life in Kyrgyzstan Study (LiK),2019,2019,UNCERTAIN,questionnaire,openable,,
kyrgyzstan,data/interim/unpacked/kyrgyzstan/dataverse_files/depth_02/LiK_2022__7c67a235/Version_2022/Questionnaires/Eng/2.Household_form_Eng_LiK19.pdf,kyrgyzstan-02-7c67a2352648,2,2.Household_form_Eng_LiK19.pdf,.household_form_eng_lik19.pdf,435233,Life in Kyrgyzstan Study (LiK),2019,2019,UNCERTAIN,questionnaire,openable,,
kyrgyzstan,data/interim/unpacked/kyrgyzstan/dataverse_files/depth_02/LiK_2022__7c67a235/Version_2022/Questionnaires/Eng/3.Agriculture_form_Eng_LiK19.pdf,kyrgyzstan-02-7c67a2352648,2,3.Agriculture_form_Eng_LiK19.pdf,.agriculture_form_eng_lik19.pdf,600516,Life in Kyrgyzstan Study (LiK),2019,2019,UNCERTAIN,questionnaire,openable,,
kyrgyzstan,data/interim/unpacked/kyrgyzstan/dataverse_files/depth_02/LiK_2022__7c67a235/Version_2022/Questionnaires/Eng/4.Individual_form_Eng_LiK19.pdf,kyrgyzstan-02-7c67a2352648,2,4.Individual_form_Eng_LiK19.pdf,.individual_form_eng_lik19.pdf,789573,Life in Kyrgyzstan Study (LiK),2019,2019,UNCERTAIN,questionnaire,openable,,
kyrgyzstan,data/interim/unpacked/kyrgyzstan/dataverse_files/depth_02/LiK_2022__7c67a235/Version_2022/Questionnaires/Eng/5.Youth_form_Eng_LiK19.pdf,kyrgyzstan-02-7c67a2352648,2,5.Youth_form_Eng_LiK19.pdf,.youth_form_eng_lik19.pdf,525598,Life in Kyrgyzstan Study (LiK),2019,2019,UNCERTAIN,questionnaire,openable,,
kyrgyzstan,data/interim/unpacked/kyrgyzstan/dataverse_files/depth_02/LiK_2022__7c67a235/Version_2022/Questionnaires/Kyr/1.Community_form_LiK19_Kyr.pdf,kyrgyzstan-02-7c67a2352648,2,1.Community_form_LiK19_Kyr.pdf,.community_form_lik19_kyr.pdf,409811,Life in Kyrgyzstan Study (LiK),2019,2019,UNCERTAIN,questionnaire,openable,,
kyrgyzstan,data/interim/unpacked/kyrgyzstan/dataverse_files/depth_02/LiK_2022__7c67a235/Version_2022/Questionnaires/Kyr/2.Household_form_LiK19_Kyr.pdf,kyrgyzstan-02-7c67a2352648,2,2.Household_form_LiK19_Kyr.pdf,.household_form_lik19_kyr.pdf,656966,Life in Kyrgyzstan Study (LiK),2019,2019,UNCERTAIN,questionnaire,openable,,
kyrgyzstan,data/interim/unpacked/kyrgyzstan/dataverse_files/depth_02/LiK_2022__7c67a235/Version_2022/Questionnaires/Kyr/3.Agriculture_form_LiK19_Kyr.pdf,kyrgyzstan-02-7c67a2352648,2,3.Agriculture_form_LiK19_Kyr.pdf,.agriculture_form_lik19_kyr.pdf,621915,Life in Kyrgyzstan Study (LiK),2019,2019,UNCERTAIN,questionnaire,openable,,
kyrgyzstan,data/interim/unpacked/kyrgyzstan/dataverse_files/depth_02/LiK_2022__7c67a235/Version_2022/Questionnaires/Kyr/4.Individual_form_LiK19_Kyr.pdf,kyrgyzstan-02-7c67a2352648,2,4.Individual_form_LiK19_Kyr.pdf,.individual_form_lik19_kyr.pdf,839277,Life in Kyrgyzstan Study (LiK),2019,2019,UNCERTAIN,questionnaire,openable,,
kyrgyzstan,data/interim/unpacked/kyrgyzstan/dataverse_files/depth_02/LiK_2022__7c67a235/Version_2022/Questionnaires/Kyr/5.Youth_form_LiK19_Kyr.pdf,kyrgyzstan-02-7c67a2352648,2,5.Youth_form_LiK19_Kyr.pdf,.youth_form_lik19_kyr.pdf,384463,Life in Kyrgyzstan Study (LiK),2019,2019,UNCERTAIN,questionnaire,openable,,
kyrgyzstan,data/interim/unpacked/kyrgyzstan/dataverse_files/depth_02/LiK_2022__7c67a235/Version_2022/Questionnaires/Rus/1.Community_form_LiK19_Rus.pdf,kyrgyzstan-02-7c67a2352648,2,1.Community_form_LiK19_Rus.pdf,.community_form_lik19_rus.pdf,578860,Life in Kyrgyzstan Study (LiK),2019,2019,UNCERTAIN,questionnaire,openable,,
kyrgyzstan,data/interim/unpacked/kyrgyzstan/dataverse_files/depth_02/LiK_2022__7c67a235/Version_2022/Questionnaires/Rus/2.Household_form_LiK19_Rus.pdf,kyrgyzstan-02-7c67a2352648,2,2.Household_form_LiK19_Rus.pdf,.household_form_lik19_rus.pdf,573538,Life in Kyrgyzstan Study (LiK),2019,2019,UNCERTAIN,questionnaire,openable,,
kyrgyzstan,data/interim/unpacked/kyrgyzstan/dataverse_files/depth_02/LiK_2022__7c67a235/Version_2022/Questionnaires/Rus/3.Agriculture_form_LiK19_Rus.pdf,kyrgyzstan-02-7c67a2352648,2,3.Agriculture_form_LiK19_Rus.pdf,.agriculture_form_lik19_rus.pdf,610973,Life in Kyrgyzstan Study (LiK),2019,2019,UNCERTAIN,questionnaire,openable,,
kyrgyzstan,data/interim/unpacked/kyrgyzstan/dataverse_files/depth_02/LiK_2022__7c67a235/Version_2022/Questionnaires/Rus/4.Individual_form_LiK19_Rus.pdf,kyrgyzstan-02-7c67a2352648,2,4.Individual_form_LiK19_Rus.pdf,.individual_form_lik19_rus.pdf,779799,Life in Kyrgyzstan Study (LiK),2019,2019,UNCERTAIN,questionnaire,openable,,
kyrgyzstan,data/interim/unpacked/kyrgyzstan/dataverse_files/depth_02/LiK_2022__7c67a235/Version_2022/Questionnaires/Rus/5.Youth_form_LiK19_Rus.pdf,kyrgyzstan-02-7c67a2352648,2,5.Youth_form_LiK19_Rus.pdf,.youth_form_lik19_rus.pdf,377192,Life in Kyrgyzstan Study (LiK),2019,2019,UNCERTAIN,questionnaire,openable,,
kyrgyzstan,data/interim/unpacked/kyrgyzstan/dataverse_files/depth_02/LiK_2022__7c67a235/Version_2022/Youth/yt0.dta,kyrgyzstan-02-7c67a2352648,2,yt0.dta,.dta,67564,Life in Kyrgyzstan Study (LiK),2019,2019,youth,dataset,openable,,
kyrgyzstan,data/interim/unpacked/kyrgyzstan/dataverse_files/depth_02/LiK_2022__7c67a235/Version_2022/Youth/yt2.dta,kyrgyzstan-02-7c67a2352648,2,yt2.dta,.dta,19416,Life in Kyrgyzstan Study (LiK),2019,2019,youth,dataset,openable,,
kyrgyzstan,data/interim/unpacked/kyrgyzstan/dataverse_files/depth_02/LiK_2022__7c67a235/Version_2022/Youth/yt3.dta,kyrgyzstan-02-7c67a2352648,2,yt3.dta,.dta,53780,Life in Kyrgyzstan Study (LiK),2019,2019,youth,dataset,openable,,
kyrgyzstan,data/interim/unpacked/kyrgyzstan/dataverse_files/depth_02/LiK_2022__7c67a235/Version_2022/Youth/yt4.dta,kyrgyzstan-02-7c67a2352648,2,yt4.dta,.dta,53626,Life in Kyrgyzstan Study (LiK),2019,2019,youth,dataset,openable,,
kyrgyzstan,data/interim/unpacked/kyrgyzstan/dataverse_files/depth_02/LiK_2022__7c67a235/Version_2022/Youth/yt5.dta,kyrgyzstan-02-7c67a2352648,2,yt5.dta,.dta,13831,Life in Kyrgyzstan Study (LiK),2019,2019,youth,dataset,openable,,
kyrgyzstan,data/interim/unpacked/kyrgyzstan/dataverse_files/depth_02/LiK_2022__7c67a235/Version_2022/Youth/yt6.dta,kyrgyzstan-02-7c67a2352648,2,yt6.dta,.dta,30595,Life in Kyrgyzstan Study (LiK),2019,2019,youth,dataset,openable,,
kyrgyzstan,data/interim/unpacked/kyrgyzstan/dataverse_files/depth_02/LiK_2022__7c67a235/Version_2022/Youth/yt7.dta,kyrgyzstan-02-7c67a2352648,2,yt7.dta,.dta,50517,Life in Kyrgyzstan Study (LiK),2019,2019,youth,dataset,openable,,
kyrgyzstan,data/interim/unpacked/kyrgyzstan/dataverse_files/depth_02/LiK_2022__7c67a235/Version_2022/Youth/yt8.dta,kyrgyzstan-02-7c67a2352648,2,yt8.dta,.dta,34914,Life in Kyrgyzstan Study (LiK),2019,2019,youth,dataset,openable,,
kyrgyzstan,data/interim/unpacked/kyrgyzstan/dataverse_files/depth_03/LiK16_Questionnaires_Eng__9d935d77/1.Control_and_cover_Eng_LiK16.pdf,kyrgyzstan-03-9d935d7716e8,3,1.Control_and_cover_Eng_LiK16.pdf,.control_and_cover_eng_lik16.pdf,163195,Life in Kyrgyzstan Study (LiK),,,UNCERTAIN,questionnaire,openable,,
kyrgyzstan,data/interim/unpacked/kyrgyzstan/dataverse_files/depth_03/LiK16_Questionnaires_Eng__9d935d77/2.Household_forms_Eng_LiK16.pdf,kyrgyzstan-03-9d935d7716e8,3,2.Household_forms_Eng_LiK16.pdf,.household_forms_eng_lik16.pdf,483094,Life in Kyrgyzstan Study (LiK),,,UNCERTAIN,questionnaire,openable,,
kyrgyzstan,data/interim/unpacked/kyrgyzstan/dataverse_files/depth_03/LiK16_Questionnaires_Eng__9d935d77/3.Individual_forms_Eng_LiK16.pdf,kyrgyzstan-03-9d935d7716e8,3,3.Individual_forms_Eng_LiK16.pdf,.individual_forms_eng_lik16.pdf,715318,Life in Kyrgyzstan Study (LiK),,,UNCERTAIN,questionnaire,openable,,
kyrgyzstan,data/interim/unpacked/kyrgyzstan/dataverse_files/depth_03/LiK16_Questionnaires_Eng__9d935d77/4.Community_forms_Eng_LiK16.pdf,kyrgyzstan-03-9d935d7716e8,3,4.Community_forms_Eng_LiK16.pdf,.community_forms_eng_lik16.pdf,224769,Life in Kyrgyzstan Study (LiK),,,UNCERTAIN,questionnaire,openable,,
kyrgyzstan,data/interim/unpacked/kyrgyzstan/dataverse_files/depth_03/LiK16_Questionnaires_Eng__9d935d77/5.Agriculture_forms_Eng_LiK16.pdf,kyrgyzstan-03-9d935d7716e8,3,5.Agriculture_forms_Eng_LiK16.pdf,.agriculture_forms_eng_lik16.pdf,312016,Life in Kyrgyzstan Study (LiK),,,UNCERTAIN,questionnaire,openable,,
kyrgyzstan,data/interim/unpacked/kyrgyzstan/dataverse_files/depth_03/LiK16_Questionnaires_Kyr__78df4496/1.Control_and_cover_Kyr_LiK16.pdf,kyrgyzstan-03-78df449660e4,3,1.Control_and_cover_Kyr_LiK16.pdf,.control_and_cover_kyr_lik16.pdf,332335,Life in Kyrgyzstan Study (LiK),,,UNCERTAIN,questionnaire,openable,,
kyrgyzstan,data/interim/unpacked/kyrgyzstan/dataverse_files/depth_03/LiK16_Questionnaires_Kyr__78df4496/2.Household_forms_Kyr_LiK16.pdf,kyrgyzstan-03-78df449660e4,3,2.Household_forms_Kyr_LiK16.pdf,.household_forms_kyr_lik16.pdf,553199,Life in Kyrgyzstan Study (LiK),,,UNCERTAIN,questionnaire,openable,,
kyrgyzstan,data/interim/unpacked/kyrgyzstan/dataverse_files/depth_03/LiK16_Questionnaires_Kyr__78df4496/3.Individual_forms_Kyr_LiK16.pdf,kyrgyzstan-03-78df449660e4,3,3.Individual_forms_Kyr_LiK16.pdf,.individual_forms_kyr_lik16.pdf,819629,Life in Kyrgyzstan Study (LiK),,,UNCERTAIN,questionnaire,openable,,
kyrgyzstan,data/interim/unpacked/kyrgyzstan/dataverse_files/depth_03/LiK16_Questionnaires_Kyr__78df4496/4.Community_form_Kyr_LiK16.pdf,kyrgyzstan-03-78df449660e4,3,4.Community_form_Kyr_LiK16.pdf,.community_form_kyr_lik16.pdf,794009,Life in Kyrgyzstan Study (LiK),,,UNCERTAIN,questionnaire,openable,,
kyrgyzstan,data/interim/unpacked/kyrgyzstan/dataverse_files/depth_03/LiK16_Questionnaires_Kyr__78df4496/5.AG_forms_Kyr_LiK16.pdf,kyrgyzstan-03-78df449660e4,3,5.AG_forms_Kyr_LiK16.pdf,.ag_forms_kyr_lik16.pdf,933517,Life in Kyrgyzstan Study (LiK),,,UNCERTAIN,questionnaire,openable,,
kyrgyzstan,data/interim/unpacked/kyrgyzstan/dataverse_files/depth_03/LiK16_Questionnaires_Rus__7db7d4f3/1.Control_and_cover_Rus_LiK16.pdf,kyrgyzstan-03-7db7d4f3a3fb,3,1.Control_and_cover_Rus_LiK16.pdf,.control_and_cover_rus_lik16.pdf,174356,Life in Kyrgyzstan Study (LiK),,,UNCERTAIN,questionnaire,openable,,
kyrgyzstan,data/interim/unpacked/kyrgyzstan/dataverse_files/depth_03/LiK16_Questionnaires_Rus__7db7d4f3/2.Household_forms_Rus_LiK16.pdf,kyrgyzstan-03-7db7d4f3a3fb,3,2.Household_forms_Rus_LiK16.pdf,.household_forms_rus_lik16.pdf,628986,Life in Kyrgyzstan Study (LiK),,,UNCERTAIN,questionnaire,openable,,
kyrgyzstan,data/interim/unpacked/kyrgyzstan/dataverse_files/depth_03/LiK16_Questionnaires_Rus__7db7d4f3/3.Individual_forms_Rus_LiK16.pdf,kyrgyzstan-03-7db7d4f3a3fb,3,3.Individual_forms_Rus_LiK16.pdf,.individual_forms_rus_lik16.pdf,899859,Life in Kyrgyzstan Study (LiK),,,UNCERTAIN,questionnaire,openable,,
kyrgyzstan,data/interim/unpacked/kyrgyzstan/dataverse_files/depth_03/LiK16_Questionnaires_Rus__7db7d4f3/4.Community_forms_Rus_LiK16.pdf,kyrgyzstan-03-7db7d4f3a3fb,3,4.Community_forms_Rus_LiK16.pdf,.community_forms_rus_lik16.pdf,326639,Life in Kyrgyzstan Study (LiK),,,UNCERTAIN,questionnaire,openable,,
kyrgyzstan,data/interim/unpacked/kyrgyzstan/dataverse_files/depth_03/LiK16_Questionnaires_Rus__7db7d4f3/5.AG_forms_Rus_LiK16.pdf,kyrgyzstan-03-7db7d4f3a3fb,3,5.AG_forms_Rus_LiK16.pdf,.ag_forms_rus_lik16.pdf,337875,Life in Kyrgyzstan Study (LiK),,,UNCERTAIN,questionnaire,openable,,
uzbekistan,data/interim/unpacked/uzbekistan/UNICEF-UZ-20250314T080638Z-001/depth_00/UNICEF-UZ/Uzbekistan_2000_MICS_English/Readme-MICS2-Note.txt,uzbekistan-00-9ba1340266a5,0,Readme-MICS2-Note.txt,.txt,322,"Uzbekistan Multiple Indicator Cluster Survey (MICS), Round 2",2000,2000,UNCERTAIN,README,openable,,
uzbekistan,data/interim/unpacked/uzbekistan/UNICEF-UZ-20250314T080638Z-001/depth_00/UNICEF-UZ/Uzbekistan_2000_MICS_English/Uzbekistan_2000_MICS_Questionnaire_Immunization_Module.pdf,uzbekistan-00-9ba1340266a5,0,Uzbekistan_2000_MICS_Questionnaire_Immunization_Module.pdf,.pdf,946952,Uzbekistan UNICEF survey collection (exact component inferred from path),2000,2000,UNCERTAIN,questionnaire,openable,,
uzbekistan,data/interim/unpacked/uzbekistan/UNICEF-UZ-20250314T080638Z-001/depth_00/UNICEF-UZ/Uzbekistan_2000_MICS_English/Uzbekistan_2000_MICS_Report.pdf,uzbekistan-00-9ba1340266a5,0,Uzbekistan_2000_MICS_Report.pdf,.pdf,279564,Uzbekistan UNICEF survey collection (exact component inferred from path),2000,2000,UNCERTAIN,report,openable,,
uzbekistan,data/interim/unpacked/uzbekistan/UNICEF-UZ-20250314T080638Z-001/depth_00/UNICEF-UZ/Uzbekistan_2000_MICS_English/Uzbekistan_2000_MICS_Tables.pdf,uzbekistan-00-9ba1340266a5,0,Uzbekistan_2000_MICS_Tables.pdf,.pdf,188075,Uzbekistan UNICEF survey collection (exact component inferred from path),2000,2000,UNCERTAIN,report,openable,,
uzbekistan,data/interim/unpacked/uzbekistan/UNICEF-UZ-20250314T080638Z-001/depth_00/UNICEF-UZ/Uzbekistan_2006_MICS_English.pdf,uzbekistan-00-9ba1340266a5,0,Uzbekistan_2006_MICS_English.pdf,.pdf,3753682,Uzbekistan UNICEF survey collection (exact component inferred from path),2006,2006,UNCERTAIN,publication,openable,,
uzbekistan,data/interim/unpacked/uzbekistan/UNICEF-UZ-20250314T080638Z-001/depth_00/UNICEF-UZ/Uzbekistan_2021-22_MICS_SFR_English_2023-02-23_.pdf,uzbekistan-00-9ba1340266a5,0,Uzbekistan_2021-22_MICS_SFR_English_2023-02-23_.pdf,.pdf,13959866,Uzbekistan UNICEF survey collection (exact component inferred from path),2021-22,2021-22,UNCERTAIN,publication,openable,,
uzbekistan,data/interim/unpacked/uzbekistan/UNICEF-UZ-20250314T080638Z-001/depth_00/UNICEF-UZ/Uzbekistan_MICS2_2000_Datasets/UZBEKISTAN.DOC,uzbekistan-00-9ba1340266a5,0,UZBEKISTAN.DOC,.doc,344064,"Uzbekistan Multiple Indicator Cluster Survey (MICS), Round 2",2000,2000,UNCERTAIN,publication,openable,,
uzbekistan,data/interim/unpacked/uzbekistan/UNICEF-UZ-20250314T080638Z-001/depth_00/UNICEF-UZ/Uzbekistan_MICS2_2000_Datasets/UZch.sav,uzbekistan-00-9ba1340266a5,0,UZch.sav,.sav,1108760,"Uzbekistan Multiple Indicator Cluster Survey (MICS), Round 2",2000,2000,child,dataset,openable,,
uzbekistan,data/interim/unpacked/uzbekistan/UNICEF-UZ-20250314T080638Z-001/depth_00/UNICEF-UZ/Uzbekistan_MICS2_2000_Datasets/UZHh.sav,uzbekistan-00-9ba1340266a5,0,UZHh.sav,.sav,343840,"Uzbekistan Multiple Indicator Cluster Survey (MICS), Round 2",2000,2000,household,dataset,openable,,
uzbekistan,data/interim/unpacked/uzbekistan/UNICEF-UZ-20250314T080638Z-001/depth_00/UNICEF-UZ/Uzbekistan_MICS2_2000_Datasets/UZhl.sav,uzbekistan-00-9ba1340266a5,0,UZhl.sav,.sav,3726284,"Uzbekistan Multiple Indicator Cluster Survey (MICS), Round 2",2000,2000,person,dataset,openable,,
uzbekistan,data/interim/unpacked/uzbekistan/UNICEF-UZ-20250314T080638Z-001/depth_00/UNICEF-UZ/Uzbekistan_MICS2_2000_Datasets/UZWm.sav,uzbekistan-00-9ba1340266a5,0,UZWm.sav,.sav,1928048,"Uzbekistan Multiple Indicator Cluster Survey (MICS), Round 2",2000,2000,woman,dataset,openable,,
uzbekistan,data/interim/unpacked/uzbekistan/UNICEF-UZ-20250314T080638Z-001/depth_00/UNICEF-UZ/Uzbekistan_MICS6_Datasets/Readme_Uzbekistan_MICS6.rtf,uzbekistan-00-9ba1340266a5,0,Readme_Uzbekistan_MICS6.rtf,.rtf,130798,"Uzbekistan Multiple Indicator Cluster Survey (MICS), Round 6",2021-22,2021-22,UNCERTAIN,README,openable,,
uzbekistan,data/interim/unpacked/uzbekistan/UNICEF-UZ-20250314T080638Z-001/depth_00/UNICEF-UZ/Uzbekistan_MICS6_Datasets/Uzbekistan_MICS6_SPSS_Datasets/bh.sav,uzbekistan-00-9ba1340266a5,0,bh.sav,.sav,1168865,"Uzbekistan Multiple Indicator Cluster Survey (MICS), Round 6",2021-22,2021-22,birth,dataset,openable,,
uzbekistan,data/interim/unpacked/uzbekistan/UNICEF-UZ-20250314T080638Z-001/depth_00/UNICEF-UZ/Uzbekistan_MICS6_Datasets/Uzbekistan_MICS6_SPSS_Datasets/ch.sav,uzbekistan-00-9ba1340266a5,0,ch.sav,.sav,7568642,"Uzbekistan Multiple Indicator Cluster Survey (MICS), Round 6",2021-22,2021-22,child,dataset,openable,,
uzbekistan,data/interim/unpacked/uzbekistan/UNICEF-UZ-20250314T080638Z-001/depth_00/UNICEF-UZ/Uzbekistan_MICS6_Datasets/Uzbekistan_MICS6_SPSS_Datasets/fs.sav,uzbekistan-00-9ba1340266a5,0,fs.sav,.sav,2191327,"Uzbekistan Multiple Indicator Cluster Survey (MICS), Round 6",2021-22,2021-22,UNCERTAIN,dataset,openable,,
uzbekistan,data/interim/unpacked/uzbekistan/UNICEF-UZ-20250314T080638Z-001/depth_00/UNICEF-UZ/Uzbekistan_MICS6_Datasets/Uzbekistan_MICS6_SPSS_Datasets/Graph.gph,uzbekistan-00-9ba1340266a5,0,Graph.gph,.gph,7035,"Uzbekistan Multiple Indicator Cluster Survey (MICS), Round 6",2021-22,2021-22,UNCERTAIN,other,openable,,
uzbekistan,data/interim/unpacked/uzbekistan/UNICEF-UZ-20250314T080638Z-001/depth_00/UNICEF-UZ/Uzbekistan_MICS6_Datasets/Uzbekistan_MICS6_SPSS_Datasets/hh.sav,uzbekistan-00-9ba1340266a5,0,hh.sav,.sav,4788669,"Uzbekistan Multiple Indicator Cluster Survey (MICS), Round 6",2021-22,2021-22,household,dataset,openable,,
uzbekistan,data/interim/unpacked/uzbekistan/UNICEF-UZ-20250314T080638Z-001/depth_00/UNICEF-UZ/Uzbekistan_MICS6_Datasets/Uzbekistan_MICS6_SPSS_Datasets/hl.sav,uzbekistan-00-9ba1340266a5,0,hl.sav,.sav,9434073,"Uzbekistan Multiple Indicator Cluster Survey (MICS), Round 6",2021-22,2021-22,person,dataset,openable,,
uzbekistan,data/interim/unpacked/uzbekistan/UNICEF-UZ-20250314T080638Z-001/depth_00/UNICEF-UZ/Uzbekistan_MICS6_Datasets/Uzbekistan_MICS6_SPSS_Datasets/wm.sav,uzbekistan-00-9ba1340266a5,0,wm.sav,.sav,9695631,"Uzbekistan Multiple Indicator Cluster Survey (MICS), Round 6",2021-22,2021-22,woman,dataset,openable,,
uzbekistan,data/interim/unpacked/uzbekistan/UNICEF-UZ-20250314T080638Z-001/depth_00/UNICEF-UZ/Uzbekistan_MICS_2006_SPSS_Datasets/ch.sav,uzbekistan-00-9ba1340266a5,0,ch.sav,.sav,3399603,"Uzbekistan Multiple Indicator Cluster Survey (MICS), 2006",2006,2006,child,dataset,openable,,
uzbekistan,data/interim/unpacked/uzbekistan/UNICEF-UZ-20250314T080638Z-001/depth_00/UNICEF-UZ/Uzbekistan_MICS_2006_SPSS_Datasets/hh.sav,uzbekistan-00-9ba1340266a5,0,hh.sav,.sav,1336047,"Uzbekistan Multiple Indicator Cluster Survey (MICS), 2006",2006,2006,household,dataset,openable,,
uzbekistan,data/interim/unpacked/uzbekistan/UNICEF-UZ-20250314T080638Z-001/depth_00/UNICEF-UZ/Uzbekistan_MICS_2006_SPSS_Datasets/hl.sav,uzbekistan-00-9ba1340266a5,0,hl.sav,.sav,9157297,"Uzbekistan Multiple Indicator Cluster Survey (MICS), 2006",2006,2006,person,dataset,openable,,
uzbekistan,data/interim/unpacked/uzbekistan/UNICEF-UZ-20250314T080638Z-001/depth_00/UNICEF-UZ/Uzbekistan_MICS_2006_SPSS_Datasets/Uzbekistan_Read_me.txt,uzbekistan-00-9ba1340266a5,0,Uzbekistan_Read_me.txt,.txt,1495,"Uzbekistan Multiple Indicator Cluster Survey (MICS), 2006",2006,2006,UNCERTAIN,other,openable,,
uzbekistan,data/interim/unpacked/uzbekistan/UNICEF-UZ-20250314T080638Z-001/depth_00/UNICEF-UZ/Uzbekistan_MICS_2006_SPSS_Datasets/who_z.sav,uzbekistan-00-9ba1340266a5,0,who_z.sav,.sav,286964,"Uzbekistan Multiple Indicator Cluster Survey (MICS), 2006",2006,2006,UNCERTAIN,dataset,openable,,
uzbekistan,data/interim/unpacked/uzbekistan/UNICEF-UZ-20250314T080638Z-001/depth_00/UNICEF-UZ/Uzbekistan_MICS_2006_SPSS_Datasets/wm.sav,uzbekistan-00-9ba1340266a5,0,wm.sav,.sav,4665645,"Uzbekistan Multiple Indicator Cluster Survey (MICS), 2006",2006,2006,woman,dataset,openable,,
,literature/matrices/literature_matrix.csv,,,literature_matrix.csv,.csv,1807,UNCERTAIN,,,UNCERTAIN,dataset,openable,,
,literature/notes/original_topic_notes.md,,,original_topic_notes.md,.md,1439,UNCERTAIN,,,UNCERTAIN,other,openable,,
,literature/verification/source_verification.md,,,source_verification.md,.md,741,UNCERTAIN,,,UNCERTAIN,other,openable,,
