country,dataset,source_file,observation_level,variable,round,rows_in_round,nonmissing,valid
uzbekistan,L2CU 2018-2025,data/interim/unpacked/uzbekistan/l2cu_v03/l2cu_cati_household_data_82.csv,household-round,round,1,1504,1504,1504
uzbekistan,L2CU 2018-2025,data/interim/unpacked/uzbekistan/l2cu_v03/l2cu_cati_household_data_82.csv,household-round,round,2,1507,1507,1507
uzbekistan,L2CU 2018-2025,data/interim/unpacked/uzbekistan/l2cu_v03/l2cu_cati_household_data_82.csv,household-round,round,3,1520,1520,1520
uzbekistan,L2CU 2018-2025,data/interim/unpacked/uzbekistan/l2cu_v03/l2cu_cati_household_data_82.csv,household-round,round,4,1520,1520,1520
uzbekistan,L2CU 2018-2025,data/interim/unpacked/uzbekistan/l2cu_v03/l2cu_cati_household_data_82.csv,household-round,round,5,1524,1524,1524
uzbekistan,L2CU 2018-2025,data/interim/unpacked/uzbekistan/l2cu_v03/l2cu_cati_household_data_82.csv,household-round,round,6,1524,1524,1524
uzbekistan,L2CU 2018-2025,data/interim/unpacked/uzbekistan/l2cu_v03/l2cu_cati_household_data_82.csv,household-round,round,7,1524,1524,1524
uzbekistan,L2CU 2018-2025,data/interim/unpacked/uzbekistan/l2cu_v03/l2cu_cati_household_data_82.csv,household-round,round,8,1523,1523,1523
uzbekistan,L2CU 2018-2025,data/interim/unpacked/uzbekistan/l2cu_v03/l2cu_cati_household_data_82.csv,household-round,round,9,1522,1522,1522
uzbekistan,L2CU 2018-2025,data/interim/unpacked/uzbekistan/l2cu_v03/l2cu_cati_household_data_82.csv,household-round,round,10,1525,1525,1525
uzbekistan,L2CU 2018-2025,data/interim/unpacked/uzbekistan/l2cu_v03/l2cu_cati_household_data_82.csv,household-round,round,11,1523,1523,1523
uzbekistan,L2CU 2018-2025,data/interim/unpacked/uzbekistan/l2cu_v03/l2cu_cati_household_data_82.csv,household-round,round,12,1521,1521,1521
uzbekistan,L2CU 2018-2025,data/interim/unpacked/uzbekistan/l2cu_v03/l2cu_cati_household_data_82.csv,household-round,round,13,1507,1507,1507
uzbekistan,L2CU 2018-2025,data/interim/unpacked/uzbekistan/l2cu_v03/l2cu_cati_household_data_82.csv,household-round,round,14,1519,1519,1519
uzbekistan,L2CU 2018-2025,data/interim/unpacked/uzbekistan/l2cu_v03/l2cu_cati_household_data_82.csv,household-round,round,15,1523,1523,1523
uzbekistan,L2CU 2018-2025,data/interim/unpacked/uzbekistan/l2cu_v03/l2cu_cati_household_data_82.csv,household-round,round,16,1521,1521,1521
uzbekistan,L2CU 2018-2025,data/interim/unpacked/uzbekistan/l2cu_v03/l2cu_cati_household_data_82.csv,household-round,round,17,1521,1521,1521
uzbekistan,L2CU 2018-2025,data/interim/unpacked/uzbekistan/l2cu_v03/l2cu_cati_household_data_82.csv,household-round,round,18,1522,1522,1522
uzbekistan,L2CU 2018-2025,data/interim/unpacked/uzbekistan/l2cu_v03/l2cu_cati_household_data_82.csv,household-round,round,19,1522,1522,1522
uzbekistan,L2CU 2018-2025,data/interim/unpacked/uzbekistan/l2cu_v03/l2cu_cati_household_data_82.csv,household-round,round,20,1521,1521,1521
uzbekistan,L2CU 2018-2025,data/interim/unpacked/uzbekistan/l2cu_v03/l2cu_cati_household_data_82.csv,household-round,round,21,1521,1521,1521
uzbekistan,L2CU 2018-2025,data/interim/unpacked/uzbekistan/l2cu_v03/l2cu_cati_household_data_82.csv,household-round,round,22,1520,1520,1520
uzbekistan,L2CU 2018-2025,data/interim/unpacked/uzbekistan/l2cu_v03/l2cu_cati_household_data_82.csv,household-round,round,23,1517,1517,1517
uzbekistan,L2CU 2018-2025,data/interim/unpacked/uzbekistan/l2cu_v03/l2cu_cati_household_data_82.csv,household-round,round,24,1516,1516,1516
uzbekistan,L2CU 2018-2025,data/interim/unpacked/uzbekistan/l2cu_v03/l2cu_cati_household_data_82.csv,household-round,round,25,1516,1516,1516
uzbekistan,L2CU 2018-2025,data/interim/unpacked/uzbekistan/l2cu_v03/l2cu_cati_household_data_82.csv,household-round,round,26,1514,1514,1514
uzbekistan,L2CU 2018-2025,data/interim/unpacked/uzbekistan/l2cu_v03/l2cu_cati_household_data_82.csv,household-round,round,27,1514,1514,1514
uzbekistan,L2CU 2018-2025,data/interim/unpacked/uzbekistan/l2cu_v03/l2cu_cati_household_data_82.csv,household-round,round,28,1513,1513,1513
uzbekistan,L2CU 2018-2025,data/interim/unpacked/uzbekistan/l2cu_v03/l2cu_cati_household_data_82.csv,household-round,round,29,1512,1512,1512
uzbekistan,L2CU 2018-2025,data/interim/unpacked/uzbekistan/l2cu_v03/l2cu_cati_household_data_82.csv,household-round,round,30,1510,1510,1510
uzbekistan,L2CU 2018-2025,data/interim/unpacked/uzbekistan/l2cu_v03/l2cu_cati_household_data_82.csv,household-round,round,31,1512,1512,1512
uzbekistan,L2CU 2018-2025,data/interim/unpacked/uzbekistan/l2cu_v03/l2cu_cati_household_data_82.csv,household-round,round,32,1511,1511,1511
uzbekistan,L2CU 2018-2025,data/interim/unpacked/uzbekistan/l2cu_v03/l2cu_cati_household_data_82.csv,household-round,round,33,1511,1511,1511
uzbekistan,L2CU 2018-2025,data/interim/unpacked/uzbekistan/l2cu_v03/l2cu_cati_household_data_82.csv,household-round,round,34,1511,1511,1511
uzbekistan,L2CU 2018-2025,data/interim/unpacked/uzbekistan/l2cu_v03/l2cu_cati_household_data_82.csv,household-round,round,35,1511,1511,1511
uzbekistan,L2CU 2018-2025,data/interim/unpacked/uzbekistan/l2cu_v03/l2cu_cati_household_data_82.csv,household-round,round,36,1511,1511,1511
uzbekistan,L2CU 2018-2025,data/interim/unpacked/uzbekistan/l2cu_v03/l2cu_cati_household_data_82.csv,household-round,round,37,1510,1510,1510
uzbekistan,L2CU 2018-2025,data/interim/unpacked/uzbekistan/l2cu_v03/l2cu_cati_household_data_82.csv,household-round,round,38,1509,1509,1509
uzbekistan,L2CU 2018-2025,data/interim/unpacked/uzbekistan/l2cu_v03/l2cu_cati_household_data_82.csv,household-round,round,39,1508,1508,1508
uzbekistan,L2CU 2018-2025,data/interim/unpacked/uzbekistan/l2cu_v03/l2cu_cati_household_data_82.csv,household-round,round,40,1507,1507,1507
uzbekistan,L2CU 2018-2025,data/interim/unpacked/uzbekistan/l2cu_v03/l2cu_cati_household_data_82.csv,household-round,round,41,1505,1505,1505
uzbekistan,L2CU 2018-2025,data/interim/unpacked/uzbekistan/l2cu_v03/l2cu_cati_household_data_82.csv,household-round,round,42,1507,1507,1507
uzbekistan,L2CU 2018-2025,data/interim/unpacked/uzbekistan/l2cu_v03/l2cu_cati_household_data_82.csv,household-round,round,43,1508,1508,1508
uzbekistan,L2CU 2018-2025,data/interim/unpacked/uzbekistan/l2cu_v03/l2cu_cati_household_data_82.csv,household-round,round,44,1508,1508,1508
uzbekistan,L2CU 2018-2025,data/interim/unpacked/uzbekistan/l2cu_v03/l2cu_cati_household_data_82.csv,household-round,round,45,1508,1508,1508
uzbekistan,L2CU 2018-2025,data/interim/unpacked/uzbekistan/l2cu_v03/l2cu_cati_household_data_82.csv,household-round,round,46,1507,1507,1507
uzbekistan,L2CU 2018-2025,data/interim/unpacked/uzbekistan/l2cu_v03/l2cu_cati_household_data_82.csv,household-round,round,47,1504,1504,1504
uzbekistan,L2CU 2018-2025,data/interim/unpacked/uzbekistan/l2cu_v03/l2cu_cati_household_data_82.csv,household-round,round,48,1499,1499,1499
uzbekistan,L2CU 2018-2025,data/interim/unpacked/uzbekistan/l2cu_v03/l2cu_cati_household_data_82.csv,household-round,round,49,1498,1498,1498
uzbekistan,L2CU 2018-2025,data/interim/unpacked/uzbekistan/l2cu_v03/l2cu_cati_household_data_82.csv,household-round,round,50,1495,1495,1495
uzbekistan,L2CU 2018-2025,data/interim/unpacked/uzbekistan/l2cu_v03/l2cu_cati_household_data_82.csv,household-round,round,51,1494,1494,1494
uzbekistan,L2CU 2018-2025,data/interim/unpacked/uzbekistan/l2cu_v03/l2cu_cati_household_data_82.csv,household-round,round,52,1494,1494,1494
uzbekistan,L2CU 2018-2025,data/interim/unpacked/uzbekistan/l2cu_v03/l2cu_cati_household_data_82.csv,household-round,round,53,1491,1491,1491
uzbekistan,L2CU 2018-2025,data/interim/unpacked/uzbekistan/l2cu_v03/l2cu_cati_household_data_82.csv,household-round,round,54,1491,1491,1491
uzbekistan,L2CU 2018-2025,data/interim/unpacked/uzbekistan/l2cu_v03/l2cu_cati_household_data_82.csv,household-round,round,55,1490,1490,1490
uzbekistan,L2CU 2018-2025,data/interim/unpacked/uzbekistan/l2cu_v03/l2cu_cati_household_data_82.csv,household-round,round,56,1489,1489,1489
uzbekistan,L2CU 2018-2025,data/interim/unpacked/uzbekistan/l2cu_v03/l2cu_cati_household_data_82.csv,household-round,round,57,1488,1488,1488
uzbekistan,L2CU 2018-2025,data/interim/unpacked/uzbekistan/l2cu_v03/l2cu_cati_household_data_82.csv,household-round,round,58,1486,1486,1486
uzbekistan,L2CU 2018-2025,data/interim/unpacked/uzbekistan/l2cu_v03/l2cu_cati_household_data_82.csv,household-round,round,59,1484,1484,1484
uzbekistan,L2CU 2018-2025,data/interim/unpacked/uzbekistan/l2cu_v03/l2cu_cati_household_data_82.csv,household-round,round,60,1451,1451,1451
uzbekistan,L2CU 2018-2025,data/interim/unpacked/uzbekistan/l2cu_v03/l2cu_cati_household_data_82.csv,household-round,round,61,1439,1439,1439
uzbekistan,L2CU 2018-2025,data/interim/unpacked/uzbekistan/l2cu_v03/l2cu_cati_household_data_82.csv,household-round,round,62,1429,1429,1429
uzbekistan,L2CU 2018-2025,data/interim/unpacked/uzbekistan/l2cu_v03/l2cu_cati_household_data_82.csv,household-round,round,63,1423,1423,1423
uzbekistan,L2CU 2018-2025,data/interim/unpacked/uzbekistan/l2cu_v03/l2cu_cati_household_data_82.csv,household-round,round,64,1400,1400,1400
uzbekistan,L2CU 2018-2025,data/interim/unpacked/uzbekistan/l2cu_v03/l2cu_cati_household_data_82.csv,household-round,round,65,1383,1383,1383
uzbekistan,L2CU 2018-2025,data/interim/unpacked/uzbekistan/l2cu_v03/l2cu_cati_household_data_82.csv,household-round,round,66,1378,1378,1378
uzbekistan,L2CU 2018-2025,data/interim/unpacked/uzbekistan/l2cu_v03/l2cu_cati_household_data_82.csv,household-round,round,67,1412,1412,1412
uzbekistan,L2CU 2018-2025,data/interim/unpacked/uzbekistan/l2cu_v03/l2cu_cati_household_data_82.csv,household-round,round,68,1406,1406,1406
uzbekistan,L2CU 2018-2025,data/interim/unpacked/uzbekistan/l2cu_v03/l2cu_cati_household_data_82.csv,household-round,round,69,1399,1399,1399
uzbekistan,L2CU 2018-2025,data/interim/unpacked/uzbekistan/l2cu_v03/l2cu_cati_household_data_82.csv,household-round,round,70,1373,1373,1373
uzbekistan,L2CU 2018-2025,data/interim/unpacked/uzbekistan/l2cu_v03/l2cu_cati_household_data_82.csv,household-round,round,71,1357,1357,1357
uzbekistan,L2CU 2018-2025,data/interim/unpacked/uzbekistan/l2cu_v03/l2cu_cati_household_data_82.csv,household-round,round,72,1320,1320,1320
uzbekistan,L2CU 2018-2025,data/interim/unpacked/uzbekistan/l2cu_v03/l2cu_cati_household_data_82.csv,household-round,round,73,1289,1289,1289
uzbekistan,L2CU 2018-2025,data/interim/unpacked/uzbekistan/l2cu_v03/l2cu_cati_household_data_82.csv,household-round,round,74,1278,1278,1278
uzbekistan,L2CU 2018-2025,data/interim/unpacked/uzbekistan/l2cu_v03/l2cu_cati_household_data_82.csv,household-round,round,75,1275,1275,1275
uzbekistan,L2CU 2018-2025,data/interim/unpacked/uzbekistan/l2cu_v03/l2cu_cati_household_data_82.csv,household-round,round,76,1564,1564,1564
uzbekistan,L2CU 2018-2025,data/interim/unpacked/uzbekistan/l2cu_v03/l2cu_cati_household_data_82.csv,household-round,round,77,1538,1538,1538
uzbekistan,L2CU 2018-2025,data/interim/unpacked/uzbekistan/l2cu_v03/l2cu_cati_household_data_82.csv,household-round,round,78,1514,1514,1514
uzbekistan,L2CU 2018-2025,data/interim/unpacked/uzbekistan/l2cu_v03/l2cu_cati_household_data_82.csv,household-round,round,79,1492,1492,1492
uzbekistan,L2CU 2018-2025,data/interim/unpacked/uzbekistan/l2cu_v03/l2cu_cati_household_data_82.csv,household-round,round,80,1478,1478,1478
uzbekistan,L2CU 2018-2025,data/interim/unpacked/uzbekistan/l2cu_v03/l2cu_cati_household_data_82.csv,household-round,round,81,1464,1464,1464
uzbekistan,L2CU 2018-2025,data/interim/unpacked/uzbekistan/l2cu_v03/l2cu_cati_household_data_82.csv,household-round,round,82,1463,1463,1463
uzbekistan,L2CU 2018-2025,data/interim/unpacked/uzbekistan/l2cu_v03/l2cu_cati_household_data_82.csv,household-round,hhid,1,1504,1504,1504
uzbekistan,L2CU 2018-2025,data/interim/unpacked/uzbekistan/l2cu_v03/l2cu_cati_household_data_82.csv,household-round,hhid,2,1507,1507,1507
uzbekistan,L2CU 2018-2025,data/interim/unpacked/uzbekistan/l2cu_v03/l2cu_cati_household_data_82.csv,household-round,hhid,3,1520,1520,1520
uzbekistan,L2CU 2018-2025,data/interim/unpacked/uzbekistan/l2cu_v03/l2cu_cati_household_data_82.csv,household-round,hhid,4,1520,1520,1520
uzbekistan,L2CU 2018-2025,data/interim/unpacked/uzbekistan/l2cu_v03/l2cu_cati_household_data_82.csv,household-round,hhid,5,1524,1524,1524
uzbekistan,L2CU 2018-2025,data/interim/unpacked/uzbekistan/l2cu_v03/l2cu_cati_household_data_82.csv,household-round,hhid,6,1524,1524,1524
uzbekistan,L2CU 2018-2025,data/interim/unpacked/uzbekistan/l2cu_v03/l2cu_cati_household_data_82.csv,household-round,hhid,7,1524,1524,1524
uzbekistan,L2CU 2018-2025,data/interim/unpacked/uzbekistan/l2cu_v03/l2cu_cati_household_data_82.csv,household-round,hhid,8,1523,1523,1523
uzbekistan,L2CU 2018-2025,data/interim/unpacked/uzbekistan/l2cu_v03/l2cu_cati_household_data_82.csv,household-round,hhid,9,1522,1522,1522
uzbekistan,L2CU 2018-2025,data/interim/unpacked/uzbekistan/l2cu_v03/l2cu_cati_household_data_82.csv,household-round,hhid,10,1525,1525,1525
uzbekistan,L2CU 2018-2025,data/interim/unpacked/uzbekistan/l2cu_v03/l2cu_cati_household_data_82.csv,household-round,hhid,11,1523,1523,1523
uzbekistan,L2CU 2018-2025,data/interim/unpacked/uzbekistan/l2cu_v03/l2cu_cati_household_data_82.csv,household-round,hhid,12,1521,1521,1521
uzbekistan,L2CU 2018-2025,data/interim/unpacked/uzbekistan/l2cu_v03/l2cu_cati_household_data_82.csv,household-round,hhid,13,1507,1507,1507
uzbekistan,L2CU 2018-2025,data/interim/unpacked/uzbekistan/l2cu_v03/l2cu_cati_household_data_82.csv,household-round,hhid,14,1519,1519,1519
uzbekistan,L2CU 2018-2025,data/interim/unpacked/uzbekistan/l2cu_v03/l2cu_cati_household_data_82.csv,household-round,hhid,15,1523,1523,1523
uzbekistan,L2CU 2018-2025,data/interim/unpacked/uzbekistan/l2cu_v03/l2cu_cati_household_data_82.csv,household-round,hhid,16,1521,1521,1521
uzbekistan,L2CU 2018-2025,data/interim/unpacked/uzbekistan/l2cu_v03/l2cu_cati_household_data_82.csv,household-round,hhid,17,1521,1521,1521
uzbekistan,L2CU 2018-2025,data/interim/unpacked/uzbekistan/l2cu_v03/l2cu_cati_household_data_82.csv,household-round,hhid,18,1522,1522,1522
uzbekistan,L2CU 2018-2025,data/interim/unpacked/uzbekistan/l2cu_v03/l2cu_cati_household_data_82.csv,household-round,hhid,19,1522,1522,1522
uzbekistan,L2CU 2018-2025,data/interim/unpacked/uzbekistan/l2cu_v03/l2cu_cati_household_data_82.csv,household-round,hhid,20,1521,1521,1521
uzbekistan,L2CU 2018-2025,data/interim/unpacked/uzbekistan/l2cu_v03/l2cu_cati_household_data_82.csv,household-round,hhid,21,1521,1521,1521
uzbekistan,L2CU 2018-2025,data/interim/unpacked/uzbekistan/l2cu_v03/l2cu_cati_household_data_82.csv,household-round,hhid,22,1520,1520,1520
uzbekistan,L2CU 2018-2025,data/interim/unpacked/uzbekistan/l2cu_v03/l2cu_cati_household_data_82.csv,household-round,hhid,23,1517,1517,1517
uzbekistan,L2CU 2018-2025,data/interim/unpacked/uzbekistan/l2cu_v03/l2cu_cati_household_data_82.csv,household-round,hhid,24,1516,1516,1516
uzbekistan,L2CU 2018-2025,data/interim/unpacked/uzbekistan/l2cu_v03/l2cu_cati_household_data_82.csv,household-round,hhid,25,1516,1516,1516
uzbekistan,L2CU 2018-2025,data/interim/unpacked/uzbekistan/l2cu_v03/l2cu_cati_household_data_82.csv,household-round,hhid,26,1514,1514,1514
uzbekistan,L2CU 2018-2025,data/interim/unpacked/uzbekistan/l2cu_v03/l2cu_cati_household_data_82.csv,household-round,hhid,27,1514,1514,1514
uzbekistan,L2CU 2018-2025,data/interim/unpacked/uzbekistan/l2cu_v03/l2cu_cati_household_data_82.csv,household-round,hhid,28,1513,1513,1513
uzbekistan,L2CU 2018-2025,data/interim/unpacked/uzbekistan/l2cu_v03/l2cu_cati_household_data_82.csv,household-round,hhid,29,1512,1512,1512
uzbekistan,L2CU 2018-2025,data/interim/unpacked/uzbekistan/l2cu_v03/l2cu_cati_household_data_82.csv,household-round,hhid,30,1510,1510,1510
uzbekistan,L2CU 2018-2025,data/interim/unpacked/uzbekistan/l2cu_v03/l2cu_cati_household_data_82.csv,household-round,hhid,31,1512,1512,1512
uzbekistan,L2CU 2018-2025,data/interim/unpacked/uzbekistan/l2cu_v03/l2cu_cati_household_data_82.csv,household-round,hhid,32,1511,1511,1511
uzbekistan,L2CU 2018-2025,data/interim/unpacked/uzbekistan/l2cu_v03/l2cu_cati_household_data_82.csv,household-round,hhid,33,1511,1511,1511
uzbekistan,L2CU 2018-2025,data/interim/unpacked/uzbekistan/l2cu_v03/l2cu_cati_household_data_82.csv,household-round,hhid,34,1511,1511,1511
uzbekistan,L2CU 2018-2025,data/interim/unpacked/uzbekistan/l2cu_v03/l2cu_cati_household_data_82.csv,household-round,hhid,35,1511,1511,1511
uzbekistan,L2CU 2018-2025,data/interim/unpacked/uzbekistan/l2cu_v03/l2cu_cati_household_data_82.csv,household-round,hhid,36,1511,1511,1511
uzbekistan,L2CU 2018-2025,data/interim/unpacked/uzbekistan/l2cu_v03/l2cu_cati_household_data_82.csv,household-round,hhid,37,1510,1510,1510
uzbekistan,L2CU 2018-2025,data/interim/unpacked/uzbekistan/l2cu_v03/l2cu_cati_household_data_82.csv,household-round,hhid,38,1509,1509,1509
uzbekistan,L2CU 2018-2025,data/interim/unpacked/uzbekistan/l2cu_v03/l2cu_cati_household_data_82.csv,household-round,hhid,39,1508,1508,1508
uzbekistan,L2CU 2018-2025,data/interim/unpacked/uzbekistan/l2cu_v03/l2cu_cati_household_data_82.csv,household-round,hhid,40,1507,1507,1507
uzbekistan,L2CU 2018-2025,data/interim/unpacked/uzbekistan/l2cu_v03/l2cu_cati_household_data_82.csv,household-round,hhid,41,1505,1505,1505
uzbekistan,L2CU 2018-2025,data/interim/unpacked/uzbekistan/l2cu_v03/l2cu_cati_household_data_82.csv,household-round,hhid,42,1507,1507,1507
uzbekistan,L2CU 2018-2025,data/interim/unpacked/uzbekistan/l2cu_v03/l2cu_cati_household_data_82.csv,household-round,hhid,43,1508,1508,1508
uzbekistan,L2CU 2018-2025,data/interim/unpacked/uzbekistan/l2cu_v03/l2cu_cati_household_data_82.csv,household-round,hhid,44,1508,1508,1508
uzbekistan,L2CU 2018-2025,data/interim/unpacked/uzbekistan/l2cu_v03/l2cu_cati_household_data_82.csv,household-round,hhid,45,1508,1508,1508
uzbekistan,L2CU 2018-2025,data/interim/unpacked/uzbekistan/l2cu_v03/l2cu_cati_household_data_82.csv,household-round,hhid,46,1507,1507,1507
uzbekistan,L2CU 2018-2025,data/interim/unpacked/uzbekistan/l2cu_v03/l2cu_cati_household_data_82.csv,household-round,hhid,47,1504,1504,1504
uzbekistan,L2CU 2018-2025,data/interim/unpacked/uzbekistan/l2cu_v03/l2cu_cati_household_data_82.csv,household-round,hhid,48,1499,1499,1499
uzbekistan,L2CU 2018-2025,data/interim/unpacked/uzbekistan/l2cu_v03/l2cu_cati_household_data_82.csv,household-round,hhid,49,1498,1498,1498
uzbekistan,L2CU 2018-2025,data/interim/unpacked/uzbekistan/l2cu_v03/l2cu_cati_household_data_82.csv,household-round,hhid,50,1495,1495,1495
uzbekistan,L2CU 2018-2025,data/interim/unpacked/uzbekistan/l2cu_v03/l2cu_cati_household_data_82.csv,household-round,hhid,51,1494,1494,1494
uzbekistan,L2CU 2018-2025,data/interim/unpacked/uzbekistan/l2cu_v03/l2cu_cati_household_data_82.csv,household-round,hhid,52,1494,1494,1494
uzbekistan,L2CU 2018-2025,data/interim/unpacked/uzbekistan/l2cu_v03/l2cu_cati_household_data_82.csv,household-round,hhid,53,1491,1491,1491
uzbekistan,L2CU 2018-2025,data/interim/unpacked/uzbekistan/l2cu_v03/l2cu_cati_household_data_82.csv,household-round,hhid,54,1491,1491,1491
uzbekistan,L2CU 2018-2025,data/interim/unpacked/uzbekistan/l2cu_v03/l2cu_cati_household_data_82.csv,household-round,hhid,55,1490,1490,1490
uzbekistan,L2CU 2018-2025,data/interim/unpacked/uzbekistan/l2cu_v03/l2cu_cati_household_data_82.csv,household-round,hhid,56,1489,1489,1489
uzbekistan,L2CU 2018-2025,data/interim/unpacked/uzbekistan/l2cu_v03/l2cu_cati_household_data_82.csv,household-round,hhid,57,1488,1488,1488
uzbekistan,L2CU 2018-2025,data/interim/unpacked/uzbekistan/l2cu_v03/l2cu_cati_household_data_82.csv,household-round,hhid,58,1486,1486,1486
uzbekistan,L2CU 2018-2025,data/interim/unpacked/uzbekistan/l2cu_v03/l2cu_cati_household_data_82.csv,household-round,hhid,59,1484,1484,1484
uzbekistan,L2CU 2018-2025,data/interim/unpacked/uzbekistan/l2cu_v03/l2cu_cati_household_data_82.csv,household-round,hhid,60,1451,1451,1451
uzbekistan,L2CU 2018-2025,data/interim/unpacked/uzbekistan/l2cu_v03/l2cu_cati_household_data_82.csv,household-round,hhid,61,1439,1439,1439
uzbekistan,L2CU 2018-2025,data/interim/unpacked/uzbekistan/l2cu_v03/l2cu_cati_household_data_82.csv,household-round,hhid,62,1429,1429,1429
uzbekistan,L2CU 2018-2025,data/interim/unpacked/uzbekistan/l2cu_v03/l2cu_cati_household_data_82.csv,household-round,hhid,63,1423,1423,1423
uzbekistan,L2CU 2018-2025,data/interim/unpacked/uzbekistan/l2cu_v03/l2cu_cati_household_data_82.csv,household-round,hhid,64,1400,1400,1400
uzbekistan,L2CU 2018-2025,data/interim/unpacked/uzbekistan/l2cu_v03/l2cu_cati_household_data_82.csv,household-round,hhid,65,1383,1383,1383
uzbekistan,L2CU 2018-2025,data/interim/unpacked/uzbekistan/l2cu_v03/l2cu_cati_household_data_82.csv,household-round,hhid,66,1378,1378,1378
uzbekistan,L2CU 2018-2025,data/interim/unpacked/uzbekistan/l2cu_v03/l2cu_cati_household_data_82.csv,household-round,hhid,67,1412,1412,1412
uzbekistan,L2CU 2018-2025,data/interim/unpacked/uzbekistan/l2cu_v03/l2cu_cati_household_data_82.csv,household-round,hhid,68,1406,1406,1406
uzbekistan,L2CU 2018-2025,data/interim/unpacked/uzbekistan/l2cu_v03/l2cu_cati_household_data_82.csv,household-round,hhid,69,1399,1399,1399
uzbekistan,L2CU 2018-2025,data/interim/unpacked/uzbekistan/l2cu_v03/l2cu_cati_household_data_82.csv,household-round,hhid,70,1373,1373,1373
uzbekistan,L2CU 2018-2025,data/interim/unpacked/uzbekistan/l2cu_v03/l2cu_cati_household_data_82.csv,household-round,hhid,71,1357,1357,1357
uzbekistan,L2CU 2018-2025,data/interim/unpacked/uzbekistan/l2cu_v03/l2cu_cati_household_data_82.csv,household-round,hhid,72,1320,1320,1320
uzbekistan,L2CU 2018-2025,data/interim/unpacked/uzbekistan/l2cu_v03/l2cu_cati_household_data_82.csv,household-round,hhid,73,1289,1289,1289
uzbekistan,L2CU 2018-2025,data/interim/unpacked/uzbekistan/l2cu_v03/l2cu_cati_household_data_82.csv,household-round,hhid,74,1278,1278,1278
uzbekistan,L2CU 2018-2025,data/interim/unpacked/uzbekistan/l2cu_v03/l2cu_cati_household_data_82.csv,household-round,hhid,75,1275,1275,1275
uzbekistan,L2CU 2018-2025,data/interim/unpacked/uzbekistan/l2cu_v03/l2cu_cati_household_data_82.csv,household-round,hhid,76,1564,1564,1564
uzbekistan,L2CU 2018-2025,data/interim/unpacked/uzbekistan/l2cu_v03/l2cu_cati_household_data_82.csv,household-round,hhid,77,1538,1538,1538
uzbekistan,L2CU 2018-2025,data/interim/unpacked/uzbekistan/l2cu_v03/l2cu_cati_household_data_82.csv,household-round,hhid,78,1514,1514,1514
uzbekistan,L2CU 2018-2025,data/interim/unpacked/uzbekistan/l2cu_v03/l2cu_cati_household_data_82.csv,household-round,hhid,79,1492,1492,1492
uzbekistan,L2CU 2018-2025,data/interim/unpacked/uzbekistan/l2cu_v03/l2cu_cati_household_data_82.csv,household-round,hhid,80,1478,1478,1478
uzbekistan,L2CU 2018-2025,data/interim/unpacked/uzbekistan/l2cu_v03/l2cu_cati_household_data_82.csv,household-round,hhid,81,1464,1464,1464
uzbekistan,L2CU 2018-2025,data/interim/unpacked/uzbekistan/l2cu_v03/l2cu_cati_household_data_82.csv,household-round,hhid,82,1463,1463,1463
uzbekistan,L2CU 2018-2025,data/interim/unpacked/uzbekistan/l2cu_v03/l2cu_cati_household_data_82.csv,household-round,hhsize,1,1504,1504,1504
uzbekistan,L2CU 2018-2025,data/interim/unpacked/uzbekistan/l2cu_v03/l2cu_cati_household_data_82.csv,household-round,hhsize,2,1507,1507,1507
uzbekistan,L2CU 2018-2025,data/interim/unpacked/uzbekistan/l2cu_v03/l2cu_cati_household_data_82.csv,household-round,hhsize,3,1520,1520,1520
uzbekistan,L2CU 2018-2025,data/interim/unpacked/uzbekistan/l2cu_v03/l2cu_cati_household_data_82.csv,household-round,hhsize,4,1520,1520,1520
uzbekistan,L2CU 2018-2025,data/interim/unpacked/uzbekistan/l2cu_v03/l2cu_cati_household_data_82.csv,household-round,hhsize,5,1524,1524,1524
uzbekistan,L2CU 2018-2025,data/interim/unpacked/uzbekistan/l2cu_v03/l2cu_cati_household_data_82.csv,household-round,hhsize,6,1524,1524,1524
uzbekistan,L2CU 2018-2025,data/interim/unpacked/uzbekistan/l2cu_v03/l2cu_cati_household_data_82.csv,household-round,hhsize,7,1524,1524,1524
uzbekistan,L2CU 2018-2025,data/interim/unpacked/uzbekistan/l2cu_v03/l2cu_cati_household_data_82.csv,household-round,hhsize,8,1523,1523,1523
uzbekistan,L2CU 2018-2025,data/interim/unpacked/uzbekistan/l2cu_v03/l2cu_cati_household_data_82.csv,household-round,hhsize,9,1522,1522,1522
uzbekistan,L2CU 2018-2025,data/interim/unpacked/uzbekistan/l2cu_v03/l2cu_cati_household_data_82.csv,household-round,hhsize,10,1525,1525,1525
uzbekistan,L2CU 2018-2025,data/interim/unpacked/uzbekistan/l2cu_v03/l2cu_cati_household_data_82.csv,household-round,hhsize,11,1523,1523,1523
uzbekistan,L2CU 2018-2025,data/interim/unpacked/uzbekistan/l2cu_v03/l2cu_cati_household_data_82.csv,household-round,hhsize,12,1521,1521,1521
uzbekistan,L2CU 2018-2025,data/interim/unpacked/uzbekistan/l2cu_v03/l2cu_cati_household_data_82.csv,household-round,hhsize,13,1507,1507,1507
uzbekistan,L2CU 2018-2025,data/interim/unpacked/uzbekistan/l2cu_v03/l2cu_cati_household_data_82.csv,household-round,hhsize,14,1519,1519,1519
uzbekistan,L2CU 2018-2025,data/interim/unpacked/uzbekistan/l2cu_v03/l2cu_cati_household_data_82.csv,household-round,hhsize,15,1523,1523,1523
uzbekistan,L2CU 2018-2025,data/interim/unpacked/uzbekistan/l2cu_v03/l2cu_cati_household_data_82.csv,household-round,hhsize,16,1521,1521,1521
uzbekistan,L2CU 2018-2025,data/interim/unpacked/uzbekistan/l2cu_v03/l2cu_cati_household_data_82.csv,household-round,hhsize,17,1521,1521,1521
uzbekistan,L2CU 2018-2025,data/interim/unpacked/uzbekistan/l2cu_v03/l2cu_cati_household_data_82.csv,household-round,hhsize,18,1522,1522,1522
uzbekistan,L2CU 2018-2025,data/interim/unpacked/uzbekistan/l2cu_v03/l2cu_cati_household_data_82.csv,household-round,hhsize,19,1522,1522,1522
uzbekistan,L2CU 2018-2025,data/interim/unpacked/uzbekistan/l2cu_v03/l2cu_cati_household_data_82.csv,household-round,hhsize,20,1521,1521,1521
uzbekistan,L2CU 2018-2025,data/interim/unpacked/uzbekistan/l2cu_v03/l2cu_cati_household_data_82.csv,household-round,hhsize,21,1521,1521,1521
uzbekistan,L2CU 2018-2025,data/interim/unpacked/uzbekistan/l2cu_v03/l2cu_cati_household_data_82.csv,household-round,hhsize,22,1520,1520,1520
uzbekistan,L2CU 2018-2025,data/interim/unpacked/uzbekistan/l2cu_v03/l2cu_cati_household_data_82.csv,household-round,hhsize,23,1517,1517,1517
uzbekistan,L2CU 2018-2025,data/interim/unpacked/uzbekistan/l2cu_v03/l2cu_cati_household_data_82.csv,household-round,hhsize,24,1516,1516,1516
uzbekistan,L2CU 2018-2025,data/interim/unpacked/uzbekistan/l2cu_v03/l2cu_cati_household_data_82.csv,household-round,hhsize,25,1516,1516,1516
uzbekistan,L2CU 2018-2025,data/interim/unpacked/uzbekistan/l2cu_v03/l2cu_cati_household_data_82.csv,household-round,hhsize,26,1514,1514,1514
uzbekistan,L2CU 2018-2025,data/interim/unpacked/uzbekistan/l2cu_v03/l2cu_cati_household_data_82.csv,household-round,hhsize,27,1514,1514,1514
uzbekistan,L2CU 2018-2025,data/interim/unpacked/uzbekistan/l2cu_v03/l2cu_cati_household_data_82.csv,household-round,hhsize,28,1513,1513,1513
uzbekistan,L2CU 2018-2025,data/interim/unpacked/uzbekistan/l2cu_v03/l2cu_cati_household_data_82.csv,household-round,hhsize,29,1512,1512,1512
uzbekistan,L2CU 2018-2025,data/interim/unpacked/uzbekistan/l2cu_v03/l2cu_cati_household_data_82.csv,household-round,hhsize,30,1510,1510,1510
uzbekistan,L2CU 2018-2025,data/interim/unpacked/uzbekistan/l2cu_v03/l2cu_cati_household_data_82.csv,household-round,hhsize,31,1512,1512,1512
uzbekistan,L2CU 2018-2025,data/interim/unpacked/uzbekistan/l2cu_v03/l2cu_cati_household_data_82.csv,household-round,hhsize,32,1511,1511,1511
uzbekistan,L2CU 2018-2025,data/interim/unpacked/uzbekistan/l2cu_v03/l2cu_cati_household_data_82.csv,household-round,hhsize,33,1511,1511,1511
uzbekistan,L2CU 2018-2025,data/interim/unpacked/uzbekistan/l2cu_v03/l2cu_cati_household_data_82.csv,household-round,hhsize,34,1511,1511,1511
uzbekistan,L2CU 2018-2025,data/interim/unpacked/uzbekistan/l2cu_v03/l2cu_cati_household_data_82.csv,household-round,hhsize,35,1511,1511,1511
uzbekistan,L2CU 2018-2025,data/interim/unpacked/uzbekistan/l2cu_v03/l2cu_cati_household_data_82.csv,household-round,hhsize,36,1511,1511,1511
uzbekistan,L2CU 2018-2025,data/interim/unpacked/uzbekistan/l2cu_v03/l2cu_cati_household_data_82.csv,household-round,hhsize,37,1510,1510,1510
uzbekistan,L2CU 2018-2025,data/interim/unpacked/uzbekistan/l2cu_v03/l2cu_cati_household_data_82.csv,household-round,hhsize,38,1509,1509,1509
uzbekistan,L2CU 2018-2025,data/interim/unpacked/uzbekistan/l2cu_v03/l2cu_cati_household_data_82.csv,household-round,hhsize,39,1508,1508,1508
uzbekistan,L2CU 2018-2025,data/interim/unpacked/uzbekistan/l2cu_v03/l2cu_cati_household_data_82.csv,household-round,hhsize,40,1507,1507,1507
uzbekistan,L2CU 2018-2025,data/interim/unpacked/uzbekistan/l2cu_v03/l2cu_cati_household_data_82.csv,household-round,hhsize,41,1505,1505,1505
uzbekistan,L2CU 2018-2025,data/interim/unpacked/uzbekistan/l2cu_v03/l2cu_cati_household_data_82.csv,household-round,hhsize,42,1507,1507,1507
uzbekistan,L2CU 2018-2025,data/interim/unpacked/uzbekistan/l2cu_v03/l2cu_cati_household_data_82.csv,household-round,hhsize,43,1508,1508,1508
uzbekistan,L2CU 2018-2025,data/interim/unpacked/uzbekistan/l2cu_v03/l2cu_cati_household_data_82.csv,household-round,hhsize,44,1508,1508,1508
uzbekistan,L2CU 2018-2025,data/interim/unpacked/uzbekistan/l2cu_v03/l2cu_cati_household_data_82.csv,household-round,hhsize,45,1508,1508,1508
uzbekistan,L2CU 2018-2025,data/interim/unpacked/uzbekistan/l2cu_v03/l2cu_cati_household_data_82.csv,household-round,hhsize,46,1507,1507,1507
uzbekistan,L2CU 2018-2025,data/interim/unpacked/uzbekistan/l2cu_v03/l2cu_cati_household_data_82.csv,household-round,hhsize,47,1504,1504,1504
uzbekistan,L2CU 2018-2025,data/interim/unpacked/uzbekistan/l2cu_v03/l2cu_cati_household_data_82.csv,household-round,hhsize,48,1499,1499,1499
uzbekistan,L2CU 2018-2025,data/interim/unpacked/uzbekistan/l2cu_v03/l2cu_cati_household_data_82.csv,household-round,hhsize,49,1498,1498,1498
uzbekistan,L2CU 2018-2025,data/interim/unpacked/uzbekistan/l2cu_v03/l2cu_cati_household_data_82.csv,household-round,hhsize,50,1495,1495,1495
uzbekistan,L2CU 2018-2025,data/interim/unpacked/uzbekistan/l2cu_v03/l2cu_cati_household_data_82.csv,household-round,hhsize,51,1494,1494,1494
uzbekistan,L2CU 2018-2025,data/interim/unpacked/uzbekistan/l2cu_v03/l2cu_cati_household_data_82.csv,household-round,hhsize,52,1494,1494,1494
uzbekistan,L2CU 2018-2025,data/interim/unpacked/uzbekistan/l2cu_v03/l2cu_cati_household_data_82.csv,household-round,hhsize,53,1491,1491,1491
uzbekistan,L2CU 2018-2025,data/interim/unpacked/uzbekistan/l2cu_v03/l2cu_cati_household_data_82.csv,household-round,hhsize,54,1491,1491,1491
uzbekistan,L2CU 2018-2025,data/interim/unpacked/uzbekistan/l2cu_v03/l2cu_cati_household_data_82.csv,household-round,hhsize,55,1490,1490,1490
uzbekistan,L2CU 2018-2025,data/interim/unpacked/uzbekistan/l2cu_v03/l2cu_cati_household_data_82.csv,household-round,hhsize,56,1489,1489,1489
uzbekistan,L2CU 2018-2025,data/interim/unpacked/uzbekistan/l2cu_v03/l2cu_cati_household_data_82.csv,household-round,hhsize,57,1488,1488,1488
uzbekistan,L2CU 2018-2025,data/interim/unpacked/uzbekistan/l2cu_v03/l2cu_cati_household_data_82.csv,household-round,hhsize,58,1486,1486,1486
uzbekistan,L2CU 2018-2025,data/interim/unpacked/uzbekistan/l2cu_v03/l2cu_cati_household_data_82.csv,household-round,hhsize,59,1484,1484,1484
uzbekistan,L2CU 2018-2025,data/interim/unpacked/uzbekistan/l2cu_v03/l2cu_cati_household_data_82.csv,household-round,hhsize,60,1451,1451,1451
uzbekistan,L2CU 2018-2025,data/interim/unpacked/uzbekistan/l2cu_v03/l2cu_cati_household_data_82.csv,household-round,hhsize,61,1439,1439,1439
uzbekistan,L2CU 2018-2025,data/interim/unpacked/uzbekistan/l2cu_v03/l2cu_cati_household_data_82.csv,household-round,hhsize,62,1429,1429,1429
uzbekistan,L2CU 2018-2025,data/interim/unpacked/uzbekistan/l2cu_v03/l2cu_cati_household_data_82.csv,household-round,hhsize,63,1423,1423,1423
uzbekistan,L2CU 2018-2025,data/interim/unpacked/uzbekistan/l2cu_v03/l2cu_cati_household_data_82.csv,household-round,hhsize,64,1400,1400,1400
uzbekistan,L2CU 2018-2025,data/interim/unpacked/uzbekistan/l2cu_v03/l2cu_cati_household_data_82.csv,household-round,hhsize,65,1383,1383,1383
uzbekistan,L2CU 2018-2025,data/interim/unpacked/uzbekistan/l2cu_v03/l2cu_cati_household_data_82.csv,household-round,hhsize,66,1378,1378,1378
uzbekistan,L2CU 2018-2025,data/interim/unpacked/uzbekistan/l2cu_v03/l2cu_cati_household_data_82.csv,household-round,hhsize,67,1412,1412,1412
uzbekistan,L2CU 2018-2025,data/interim/unpacked/uzbekistan/l2cu_v03/l2cu_cati_household_data_82.csv,household-round,hhsize,68,1406,1406,1406
uzbekistan,L2CU 2018-2025,data/interim/unpacked/uzbekistan/l2cu_v03/l2cu_cati_household_data_82.csv,household-round,hhsize,69,1399,1399,1399
uzbekistan,L2CU 2018-2025,data/interim/unpacked/uzbekistan/l2cu_v03/l2cu_cati_household_data_82.csv,household-round,hhsize,70,1373,1373,1373
uzbekistan,L2CU 2018-2025,data/interim/unpacked/uzbekistan/l2cu_v03/l2cu_cati_household_data_82.csv,household-round,hhsize,71,1357,1357,1357
uzbekistan,L2CU 2018-2025,data/interim/unpacked/uzbekistan/l2cu_v03/l2cu_cati_household_data_82.csv,household-round,hhsize,72,1320,1320,1320
uzbekistan,L2CU 2018-2025,data/interim/unpacked/uzbekistan/l2cu_v03/l2cu_cati_household_data_82.csv,household-round,hhsize,73,1289,1289,1289
uzbekistan,L2CU 2018-2025,data/interim/unpacked/uzbekistan/l2cu_v03/l2cu_cati_household_data_82.csv,household-round,hhsize,74,1278,1278,1278
uzbekistan,L2CU 2018-2025,data/interim/unpacked/uzbekistan/l2cu_v03/l2cu_cati_household_data_82.csv,household-round,hhsize,75,1275,1275,1275
uzbekistan,L2CU 2018-2025,data/interim/unpacked/uzbekistan/l2cu_v03/l2cu_cati_household_data_82.csv,household-round,hhsize,76,1564,1564,1564
uzbekistan,L2CU 2018-2025,data/interim/unpacked/uzbekistan/l2cu_v03/l2cu_cati_household_data_82.csv,household-round,hhsize,77,1538,1538,1538
uzbekistan,L2CU 2018-2025,data/interim/unpacked/uzbekistan/l2cu_v03/l2cu_cati_household_data_82.csv,household-round,hhsize,78,1514,1514,1514
uzbekistan,L2CU 2018-2025,data/interim/unpacked/uzbekistan/l2cu_v03/l2cu_cati_household_data_82.csv,household-round,hhsize,79,1492,1492,1492
uzbekistan,L2CU 2018-2025,data/interim/unpacked/uzbekistan/l2cu_v03/l2cu_cati_household_data_82.csv,household-round,hhsize,80,1478,1478,1478
uzbekistan,L2CU 2018-2025,data/interim/unpacked/uzbekistan/l2cu_v03/l2cu_cati_household_data_82.csv,household-round,hhsize,81,1464,1464,1464
uzbekistan,L2CU 2018-2025,data/interim/unpacked/uzbekistan/l2cu_v03/l2cu_cati_household_data_82.csv,household-round,hhsize,82,1463,1463,1463
uzbekistan,L2CU 2018-2025,data/interim/unpacked/uzbekistan/l2cu_v03/l2cu_cati_household_data_82.csv,household-round,date_start,1,1504,1504,1504
uzbekistan,L2CU 2018-2025,data/interim/unpacked/uzbekistan/l2cu_v03/l2cu_cati_household_data_82.csv,household-round,date_start,2,1507,1507,1507
uzbekistan,L2CU 2018-2025,data/interim/unpacked/uzbekistan/l2cu_v03/l2cu_cati_household_data_82.csv,household-round,date_start,3,1520,1520,1520
uzbekistan,L2CU 2018-2025,data/interim/unpacked/uzbekistan/l2cu_v03/l2cu_cati_household_data_82.csv,household-round,date_start,4,1520,1520,1520
uzbekistan,L2CU 2018-2025,data/interim/unpacked/uzbekistan/l2cu_v03/l2cu_cati_household_data_82.csv,household-round,date_start,5,1524,1524,1524
uzbekistan,L2CU 2018-2025,data/interim/unpacked/uzbekistan/l2cu_v03/l2cu_cati_household_data_82.csv,household-round,date_start,6,1524,1524,1524
uzbekistan,L2CU 2018-2025,data/interim/unpacked/uzbekistan/l2cu_v03/l2cu_cati_household_data_82.csv,household-round,date_start,7,1524,1524,1524
uzbekistan,L2CU 2018-2025,data/interim/unpacked/uzbekistan/l2cu_v03/l2cu_cati_household_data_82.csv,household-round,date_start,8,1523,1523,1523
uzbekistan,L2CU 2018-2025,data/interim/unpacked/uzbekistan/l2cu_v03/l2cu_cati_household_data_82.csv,household-round,date_start,9,1522,1522,1522
uzbekistan,L2CU 2018-2025,data/interim/unpacked/uzbekistan/l2cu_v03/l2cu_cati_household_data_82.csv,household-round,date_start,10,1525,1525,1525
uzbekistan,L2CU 2018-2025,data/interim/unpacked/uzbekistan/l2cu_v03/l2cu_cati_household_data_82.csv,household-round,date_start,11,1523,1523,1523
uzbekistan,L2CU 2018-2025,data/interim/unpacked/uzbekistan/l2cu_v03/l2cu_cati_household_data_82.csv,household-round,date_start,12,1521,1521,1521
uzbekistan,L2CU 2018-2025,data/interim/unpacked/uzbekistan/l2cu_v03/l2cu_cati_household_data_82.csv,household-round,date_start,13,1507,1507,1507
uzbekistan,L2CU 2018-2025,data/interim/unpacked/uzbekistan/l2cu_v03/l2cu_cati_household_data_82.csv,household-round,date_start,14,1519,1519,1519
uzbekistan,L2CU 2018-2025,data/interim/unpacked/uzbekistan/l2cu_v03/l2cu_cati_household_data_82.csv,household-round,date_start,15,1523,1523,1523
uzbekistan,L2CU 2018-2025,data/interim/unpacked/uzbekistan/l2cu_v03/l2cu_cati_household_data_82.csv,household-round,date_start,16,1521,1521,1521
uzbekistan,L2CU 2018-2025,data/interim/unpacked/uzbekistan/l2cu_v03/l2cu_cati_household_data_82.csv,household-round,date_start,17,1521,1521,1521
uzbekistan,L2CU 2018-2025,data/interim/unpacked/uzbekistan/l2cu_v03/l2cu_cati_household_data_82.csv,household-round,date_start,18,1522,1522,1522
uzbekistan,L2CU 2018-2025,data/interim/unpacked/uzbekistan/l2cu_v03/l2cu_cati_household_data_82.csv,household-round,date_start,19,1522,1522,1522
uzbekistan,L2CU 2018-2025,data/interim/unpacked/uzbekistan/l2cu_v03/l2cu_cati_household_data_82.csv,household-round,date_start,20,1521,1521,1521
uzbekistan,L2CU 2018-2025,data/interim/unpacked/uzbekistan/l2cu_v03/l2cu_cati_household_data_82.csv,household-round,date_start,21,1521,1521,1521
uzbekistan,L2CU 2018-2025,data/interim/unpacked/uzbekistan/l2cu_v03/l2cu_cati_household_data_82.csv,household-round,date_start,22,1520,1520,1520
uzbekistan,L2CU 2018-2025,data/interim/unpacked/uzbekistan/l2cu_v03/l2cu_cati_household_data_82.csv,household-round,date_start,23,1517,1517,1517
uzbekistan,L2CU 2018-2025,data/interim/unpacked/uzbekistan/l2cu_v03/l2cu_cati_household_data_82.csv,household-round,date_start,24,1516,1516,1516
uzbekistan,L2CU 2018-2025,data/interim/unpacked/uzbekistan/l2cu_v03/l2cu_cati_household_data_82.csv,household-round,date_start,25,1516,1516,1516
uzbekistan,L2CU 2018-2025,data/interim/unpacked/uzbekistan/l2cu_v03/l2cu_cati_household_data_82.csv,household-round,date_start,26,1514,1514,1514
uzbekistan,L2CU 2018-2025,data/interim/unpacked/uzbekistan/l2cu_v03/l2cu_cati_household_data_82.csv,household-round,date_start,27,1514,1514,1514
uzbekistan,L2CU 2018-2025,data/interim/unpacked/uzbekistan/l2cu_v03/l2cu_cati_household_data_82.csv,household-round,date_start,28,1513,1513,1513
uzbekistan,L2CU 2018-2025,data/interim/unpacked/uzbekistan/l2cu_v03/l2cu_cati_household_data_82.csv,household-round,date_start,29,1512,1512,1512
uzbekistan,L2CU 2018-2025,data/interim/unpacked/uzbekistan/l2cu_v03/l2cu_cati_household_data_82.csv,household-round,date_start,30,1510,1510,1510
uzbekistan,L2CU 2018-2025,data/interim/unpacked/uzbekistan/l2cu_v03/l2cu_cati_household_data_82.csv,household-round,date_start,31,1512,1512,1512
uzbekistan,L2CU 2018-2025,data/interim/unpacked/uzbekistan/l2cu_v03/l2cu_cati_household_data_82.csv,household-round,date_start,32,1511,1511,1511
uzbekistan,L2CU 2018-2025,data/interim/unpacked/uzbekistan/l2cu_v03/l2cu_cati_household_data_82.csv,household-round,date_start,33,1511,1511,1511
uzbekistan,L2CU 2018-2025,data/interim/unpacked/uzbekistan/l2cu_v03/l2cu_cati_household_data_82.csv,household-round,date_start,34,1511,1511,1511
uzbekistan,L2CU 2018-2025,data/interim/unpacked/uzbekistan/l2cu_v03/l2cu_cati_household_data_82.csv,household-round,date_start,35,1511,1511,1511
uzbekistan,L2CU 2018-2025,data/interim/unpacked/uzbekistan/l2cu_v03/l2cu_cati_household_data_82.csv,household-round,date_start,36,1511,1511,1511
uzbekistan,L2CU 2018-2025,data/interim/unpacked/uzbekistan/l2cu_v03/l2cu_cati_household_data_82.csv,household-round,date_start,37,1510,1510,1510
uzbekistan,L2CU 2018-2025,data/interim/unpacked/uzbekistan/l2cu_v03/l2cu_cati_household_data_82.csv,household-round,date_start,38,1509,1509,1509
uzbekistan,L2CU 2018-2025,data/interim/unpacked/uzbekistan/l2cu_v03/l2cu_cati_household_data_82.csv,household-round,date_start,39,1508,1508,1508
uzbekistan,L2CU 2018-2025,data/interim/unpacked/uzbekistan/l2cu_v03/l2cu_cati_household_data_82.csv,household-round,date_start,40,1507,1507,1507
uzbekistan,L2CU 2018-2025,data/interim/unpacked/uzbekistan/l2cu_v03/l2cu_cati_household_data_82.csv,household-round,date_start,41,1505,1505,1505
uzbekistan,L2CU 2018-2025,data/interim/unpacked/uzbekistan/l2cu_v03/l2cu_cati_household_data_82.csv,household-round,date_start,42,1507,1507,1507
uzbekistan,L2CU 2018-2025,data/interim/unpacked/uzbekistan/l2cu_v03/l2cu_cati_household_data_82.csv,household-round,date_start,43,1508,1508,1508
uzbekistan,L2CU 2018-2025,data/interim/unpacked/uzbekistan/l2cu_v03/l2cu_cati_household_data_82.csv,household-round,date_start,44,1508,1508,1508
uzbekistan,L2CU 2018-2025,data/interim/unpacked/uzbekistan/l2cu_v03/l2cu_cati_household_data_82.csv,household-round,date_start,45,1508,1508,1508
uzbekistan,L2CU 2018-2025,data/interim/unpacked/uzbekistan/l2cu_v03/l2cu_cati_household_data_82.csv,household-round,date_start,46,1507,1507,1507
uzbekistan,L2CU 2018-2025,data/interim/unpacked/uzbekistan/l2cu_v03/l2cu_cati_household_data_82.csv,household-round,date_start,47,1504,1504,1504
uzbekistan,L2CU 2018-2025,data/interim/unpacked/uzbekistan/l2cu_v03/l2cu_cati_household_data_82.csv,household-round,date_start,48,1499,1499,1499
uzbekistan,L2CU 2018-2025,data/interim/unpacked/uzbekistan/l2cu_v03/l2cu_cati_household_data_82.csv,household-round,date_start,49,1498,1498,1498
uzbekistan,L2CU 2018-2025,data/interim/unpacked/uzbekistan/l2cu_v03/l2cu_cati_household_data_82.csv,household-round,date_start,50,1495,1495,1495
uzbekistan,L2CU 2018-2025,data/interim/unpacked/uzbekistan/l2cu_v03/l2cu_cati_household_data_82.csv,household-round,date_start,51,1494,1494,1494
uzbekistan,L2CU 2018-2025,data/interim/unpacked/uzbekistan/l2cu_v03/l2cu_cati_household_data_82.csv,household-round,date_start,52,1494,1494,1494
uzbekistan,L2CU 2018-2025,data/interim/unpacked/uzbekistan/l2cu_v03/l2cu_cati_household_data_82.csv,household-round,date_start,53,1491,1491,1491
uzbekistan,L2CU 2018-2025,data/interim/unpacked/uzbekistan/l2cu_v03/l2cu_cati_household_data_82.csv,household-round,date_start,54,1491,1491,1491
uzbekistan,L2CU 2018-2025,data/interim/unpacked/uzbekistan/l2cu_v03/l2cu_cati_household_data_82.csv,household-round,date_start,55,1490,1490,1490
uzbekistan,L2CU 2018-2025,data/interim/unpacked/uzbekistan/l2cu_v03/l2cu_cati_household_data_82.csv,household-round,date_start,56,1489,1489,1489
uzbekistan,L2CU 2018-2025,data/interim/unpacked/uzbekistan/l2cu_v03/l2cu_cati_household_data_82.csv,household-round,date_start,57,1488,1488,1488
uzbekistan,L2CU 2018-2025,data/interim/unpacked/uzbekistan/l2cu_v03/l2cu_cati_household_data_82.csv,household-round,date_start,58,1486,1486,1486
uzbekistan,L2CU 2018-2025,data/interim/unpacked/uzbekistan/l2cu_v03/l2cu_cati_household_data_82.csv,household-round,date_start,59,1484,1484,1484
uzbekistan,L2CU 2018-2025,data/interim/unpacked/uzbekistan/l2cu_v03/l2cu_cati_household_data_82.csv,household-round,date_start,60,1451,1451,1451
uzbekistan,L2CU 2018-2025,data/interim/unpacked/uzbekistan/l2cu_v03/l2cu_cati_household_data_82.csv,household-round,date_start,61,1439,1439,1439
uzbekistan,L2CU 2018-2025,data/interim/unpacked/uzbekistan/l2cu_v03/l2cu_cati_household_data_82.csv,household-round,date_start,62,1429,1429,1429
uzbekistan,L2CU 2018-2025,data/interim/unpacked/uzbekistan/l2cu_v03/l2cu_cati_household_data_82.csv,household-round,date_start,63,1423,1423,1423
uzbekistan,L2CU 2018-2025,data/interim/unpacked/uzbekistan/l2cu_v03/l2cu_cati_household_data_82.csv,household-round,date_start,64,1400,1400,1400
uzbekistan,L2CU 2018-2025,data/interim/unpacked/uzbekistan/l2cu_v03/l2cu_cati_household_data_82.csv,household-round,date_start,65,1383,1383,1383
uzbekistan,L2CU 2018-2025,data/interim/unpacked/uzbekistan/l2cu_v03/l2cu_cati_household_data_82.csv,household-round,date_start,66,1378,1378,1378
uzbekistan,L2CU 2018-2025,data/interim/unpacked/uzbekistan/l2cu_v03/l2cu_cati_household_data_82.csv,household-round,date_start,67,1412,1412,1412
uzbekistan,L2CU 2018-2025,data/interim/unpacked/uzbekistan/l2cu_v03/l2cu_cati_household_data_82.csv,household-round,date_start,68,1406,1406,1406
uzbekistan,L2CU 2018-2025,data/interim/unpacked/uzbekistan/l2cu_v03/l2cu_cati_household_data_82.csv,household-round,date_start,69,1399,1399,1399
uzbekistan,L2CU 2018-2025,data/interim/unpacked/uzbekistan/l2cu_v03/l2cu_cati_household_data_82.csv,household-round,date_start,70,1373,1373,1373
uzbekistan,L2CU 2018-2025,data/interim/unpacked/uzbekistan/l2cu_v03/l2cu_cati_household_data_82.csv,household-round,date_start,71,1357,1357,1357
uzbekistan,L2CU 2018-2025,data/interim/unpacked/uzbekistan/l2cu_v03/l2cu_cati_household_data_82.csv,household-round,date_start,72,1320,1320,1320
uzbekistan,L2CU 2018-2025,data/interim/unpacked/uzbekistan/l2cu_v03/l2cu_cati_household_data_82.csv,household-round,date_start,73,1289,1289,1289
uzbekistan,L2CU 2018-2025,data/interim/unpacked/uzbekistan/l2cu_v03/l2cu_cati_household_data_82.csv,household-round,date_start,74,1278,1278,1278
uzbekistan,L2CU 2018-2025,data/interim/unpacked/uzbekistan/l2cu_v03/l2cu_cati_household_data_82.csv,household-round,date_start,75,1275,1275,1275
uzbekistan,L2CU 2018-2025,data/interim/unpacked/uzbekistan/l2cu_v03/l2cu_cati_household_data_82.csv,household-round,date_start,76,1564,1564,1564
uzbekistan,L2CU 2018-2025,data/interim/unpacked/uzbekistan/l2cu_v03/l2cu_cati_household_data_82.csv,household-round,date_start,77,1538,1538,1538
uzbekistan,L2CU 2018-2025,data/interim/unpacked/uzbekistan/l2cu_v03/l2cu_cati_household_data_82.csv,household-round,date_start,78,1514,1514,1514
uzbekistan,L2CU 2018-2025,data/interim/unpacked/uzbekistan/l2cu_v03/l2cu_cati_household_data_82.csv,household-round,date_start,79,1492,1492,1492
uzbekistan,L2CU 2018-2025,data/interim/unpacked/uzbekistan/l2cu_v03/l2cu_cati_household_data_82.csv,household-round,date_start,80,1478,1478,1478
uzbekistan,L2CU 2018-2025,data/interim/unpacked/uzbekistan/l2cu_v03/l2cu_cati_household_data_82.csv,household-round,date_start,81,1464,1464,1464
uzbekistan,L2CU 2018-2025,data/interim/unpacked/uzbekistan/l2cu_v03/l2cu_cati_household_data_82.csv,household-round,date_start,82,1463,1463,1463
uzbekistan,L2CU 2018-2025,data/interim/unpacked/uzbekistan/l2cu_v03/l2cu_cati_household_data_82.csv,household-round,date_end,1,1504,1504,1504
uzbekistan,L2CU 2018-2025,data/interim/unpacked/uzbekistan/l2cu_v03/l2cu_cati_household_data_82.csv,household-round,date_end,2,1507,1507,1507
uzbekistan,L2CU 2018-2025,data/interim/unpacked/uzbekistan/l2cu_v03/l2cu_cati_household_data_82.csv,household-round,date_end,3,1520,1520,1520
uzbekistan,L2CU 2018-2025,data/interim/unpacked/uzbekistan/l2cu_v03/l2cu_cati_household_data_82.csv,household-round,date_end,4,1520,1520,1520
uzbekistan,L2CU 2018-2025,data/interim/unpacked/uzbekistan/l2cu_v03/l2cu_cati_household_data_82.csv,household-round,date_end,5,1524,1524,1524
uzbekistan,L2CU 2018-2025,data/interim/unpacked/uzbekistan/l2cu_v03/l2cu_cati_household_data_82.csv,household-round,date_end,6,1524,1524,1524
uzbekistan,L2CU 2018-2025,data/interim/unpacked/uzbekistan/l2cu_v03/l2cu_cati_household_data_82.csv,household-round,date_end,7,1524,1524,1524
uzbekistan,L2CU 2018-2025,data/interim/unpacked/uzbekistan/l2cu_v03/l2cu_cati_household_data_82.csv,household-round,date_end,8,1523,1523,1523
uzbekistan,L2CU 2018-2025,data/interim/unpacked/uzbekistan/l2cu_v03/l2cu_cati_household_data_82.csv,household-round,date_end,9,1522,1522,1522
uzbekistan,L2CU 2018-2025,data/interim/unpacked/uzbekistan/l2cu_v03/l2cu_cati_household_data_82.csv,household-round,date_end,10,1525,1525,1525
uzbekistan,L2CU 2018-2025,data/interim/unpacked/uzbekistan/l2cu_v03/l2cu_cati_household_data_82.csv,household-round,date_end,11,1523,1523,1523
uzbekistan,L2CU 2018-2025,data/interim/unpacked/uzbekistan/l2cu_v03/l2cu_cati_household_data_82.csv,household-round,date_end,12,1521,1521,1521
uzbekistan,L2CU 2018-2025,data/interim/unpacked/uzbekistan/l2cu_v03/l2cu_cati_household_data_82.csv,household-round,date_end,13,1507,1507,1507
uzbekistan,L2CU 2018-2025,data/interim/unpacked/uzbekistan/l2cu_v03/l2cu_cati_household_data_82.csv,household-round,date_end,14,1519,1519,1519
uzbekistan,L2CU 2018-2025,data/interim/unpacked/uzbekistan/l2cu_v03/l2cu_cati_household_data_82.csv,household-round,date_end,15,1523,1523,1523
uzbekistan,L2CU 2018-2025,data/interim/unpacked/uzbekistan/l2cu_v03/l2cu_cati_household_data_82.csv,household-round,date_end,16,1521,1521,1521
uzbekistan,L2CU 2018-2025,data/interim/unpacked/uzbekistan/l2cu_v03/l2cu_cati_household_data_82.csv,household-round,date_end,17,1521,1521,1521
uzbekistan,L2CU 2018-2025,data/interim/unpacked/uzbekistan/l2cu_v03/l2cu_cati_household_data_82.csv,household-round,date_end,18,1522,1522,1522
uzbekistan,L2CU 2018-2025,data/interim/unpacked/uzbekistan/l2cu_v03/l2cu_cati_household_data_82.csv,household-round,date_end,19,1522,1522,1522
uzbekistan,L2CU 2018-2025,data/interim/unpacked/uzbekistan/l2cu_v03/l2cu_cati_household_data_82.csv,household-round,date_end,20,1521,1521,1521
uzbekistan,L2CU 2018-2025,data/interim/unpacked/uzbekistan/l2cu_v03/l2cu_cati_household_data_82.csv,household-round,date_end,21,1521,1521,1521
uzbekistan,L2CU 2018-2025,data/interim/unpacked/uzbekistan/l2cu_v03/l2cu_cati_household_data_82.csv,household-round,date_end,22,1520,1520,1520
uzbekistan,L2CU 2018-2025,data/interim/unpacked/uzbekistan/l2cu_v03/l2cu_cati_household_data_82.csv,household-round,date_end,23,1517,1517,1517
uzbekistan,L2CU 2018-2025,data/interim/unpacked/uzbekistan/l2cu_v03/l2cu_cati_household_data_82.csv,household-round,date_end,24,1516,1516,1516
uzbekistan,L2CU 2018-2025,data/interim/unpacked/uzbekistan/l2cu_v03/l2cu_cati_household_data_82.csv,household-round,date_end,25,1516,1516,1516
uzbekistan,L2CU 2018-2025,data/interim/unpacked/uzbekistan/l2cu_v03/l2cu_cati_household_data_82.csv,household-round,date_end,26,1514,1514,1514
uzbekistan,L2CU 2018-2025,data/interim/unpacked/uzbekistan/l2cu_v03/l2cu_cati_household_data_82.csv,household-round,date_end,27,1514,1514,1514
uzbekistan,L2CU 2018-2025,data/interim/unpacked/uzbekistan/l2cu_v03/l2cu_cati_household_data_82.csv,household-round,date_end,28,1513,1513,1513
uzbekistan,L2CU 2018-2025,data/interim/unpacked/uzbekistan/l2cu_v03/l2cu_cati_household_data_82.csv,household-round,date_end,29,1512,1512,1512
uzbekistan,L2CU 2018-2025,data/interim/unpacked/uzbekistan/l2cu_v03/l2cu_cati_household_data_82.csv,household-round,date_end,30,1510,1510,1510
uzbekistan,L2CU 2018-2025,data/interim/unpacked/uzbekistan/l2cu_v03/l2cu_cati_household_data_82.csv,household-round,date_end,31,1512,1512,1512
uzbekistan,L2CU 2018-2025,data/interim/unpacked/uzbekistan/l2cu_v03/l2cu_cati_household_data_82.csv,household-round,date_end,32,1511,1511,1511
uzbekistan,L2CU 2018-2025,data/interim/unpacked/uzbekistan/l2cu_v03/l2cu_cati_household_data_82.csv,household-round,date_end,33,1511,1511,1511
uzbekistan,L2CU 2018-2025,data/interim/unpacked/uzbekistan/l2cu_v03/l2cu_cati_household_data_82.csv,household-round,date_end,34,1511,1511,1511
uzbekistan,L2CU 2018-2025,data/interim/unpacked/uzbekistan/l2cu_v03/l2cu_cati_household_data_82.csv,household-round,date_end,35,1511,1511,1511
uzbekistan,L2CU 2018-2025,data/interim/unpacked/uzbekistan/l2cu_v03/l2cu_cati_household_data_82.csv,household-round,date_end,36,1511,1511,1511
uzbekistan,L2CU 2018-2025,data/interim/unpacked/uzbekistan/l2cu_v03/l2cu_cati_household_data_82.csv,household-round,date_end,37,1510,1510,1510
uzbekistan,L2CU 2018-2025,data/interim/unpacked/uzbekistan/l2cu_v03/l2cu_cati_household_data_82.csv,household-round,date_end,38,1509,1509,1509
uzbekistan,L2CU 2018-2025,data/interim/unpacked/uzbekistan/l2cu_v03/l2cu_cati_household_data_82.csv,household-round,date_end,39,1508,1508,1508
uzbekistan,L2CU 2018-2025,data/interim/unpacked/uzbekistan/l2cu_v03/l2cu_cati_household_data_82.csv,household-round,date_end,40,1507,1507,1507
uzbekistan,L2CU 2018-2025,data/interim/unpacked/uzbekistan/l2cu_v03/l2cu_cati_household_data_82.csv,household-round,date_end,41,1505,1505,1505
uzbekistan,L2CU 2018-2025,data/interim/unpacked/uzbekistan/l2cu_v03/l2cu_cati_household_data_82.csv,household-round,date_end,42,1507,1507,1507
uzbekistan,L2CU 2018-2025,data/interim/unpacked/uzbekistan/l2cu_v03/l2cu_cati_household_data_82.csv,household-round,date_end,43,1508,1508,1508
uzbekistan,L2CU 2018-2025,data/interim/unpacked/uzbekistan/l2cu_v03/l2cu_cati_household_data_82.csv,household-round,date_end,44,1508,1508,1508
uzbekistan,L2CU 2018-2025,data/interim/unpacked/uzbekistan/l2cu_v03/l2cu_cati_household_data_82.csv,household-round,date_end,45,1508,1508,1508
uzbekistan,L2CU 2018-2025,data/interim/unpacked/uzbekistan/l2cu_v03/l2cu_cati_household_data_82.csv,household-round,date_end,46,1507,1507,1507
uzbekistan,L2CU 2018-2025,data/interim/unpacked/uzbekistan/l2cu_v03/l2cu_cati_household_data_82.csv,household-round,date_end,47,1504,1504,1504
uzbekistan,L2CU 2018-2025,data/interim/unpacked/uzbekistan/l2cu_v03/l2cu_cati_household_data_82.csv,household-round,date_end,48,1499,1499,1499
uzbekistan,L2CU 2018-2025,data/interim/unpacked/uzbekistan/l2cu_v03/l2cu_cati_household_data_82.csv,household-round,date_end,49,1498,1498,1498
uzbekistan,L2CU 2018-2025,data/interim/unpacked/uzbekistan/l2cu_v03/l2cu_cati_household_data_82.csv,household-round,date_end,50,1495,1495,1495
uzbekistan,L2CU 2018-2025,data/interim/unpacked/uzbekistan/l2cu_v03/l2cu_cati_household_data_82.csv,household-round,date_end,51,1494,1494,1494
uzbekistan,L2CU 2018-2025,data/interim/unpacked/uzbekistan/l2cu_v03/l2cu_cati_household_data_82.csv,household-round,date_end,52,1494,1494,1494
uzbekistan,L2CU 2018-2025,data/interim/unpacked/uzbekistan/l2cu_v03/l2cu_cati_household_data_82.csv,household-round,date_end,53,1491,1491,1491
uzbekistan,L2CU 2018-2025,data/interim/unpacked/uzbekistan/l2cu_v03/l2cu_cati_household_data_82.csv,household-round,date_end,54,1491,1491,1491
uzbekistan,L2CU 2018-2025,data/interim/unpacked/uzbekistan/l2cu_v03/l2cu_cati_household_data_82.csv,household-round,date_end,55,1490,1490,1490
uzbekistan,L2CU 2018-2025,data/interim/unpacked/uzbekistan/l2cu_v03/l2cu_cati_household_data_82.csv,household-round,date_end,56,1489,1489,1489
uzbekistan,L2CU 2018-2025,data/interim/unpacked/uzbekistan/l2cu_v03/l2cu_cati_household_data_82.csv,household-round,date_end,57,1488,1488,1488
uzbekistan,L2CU 2018-2025,data/interim/unpacked/uzbekistan/l2cu_v03/l2cu_cati_household_data_82.csv,household-round,date_end,58,1486,1486,1486
uzbekistan,L2CU 2018-2025,data/interim/unpacked/uzbekistan/l2cu_v03/l2cu_cati_household_data_82.csv,household-round,date_end,59,1484,1484,1484
uzbekistan,L2CU 2018-2025,data/interim/unpacked/uzbekistan/l2cu_v03/l2cu_cati_household_data_82.csv,household-round,date_end,60,1451,1451,1451
uzbekistan,L2CU 2018-2025,data/interim/unpacked/uzbekistan/l2cu_v03/l2cu_cati_household_data_82.csv,household-round,date_end,61,1439,1439,1439
uzbekistan,L2CU 2018-2025,data/interim/unpacked/uzbekistan/l2cu_v03/l2cu_cati_household_data_82.csv,household-round,date_end,62,1429,1429,1429
uzbekistan,L2CU 2018-2025,data/interim/unpacked/uzbekistan/l2cu_v03/l2cu_cati_household_data_82.csv,household-round,date_end,63,1423,1423,1423
uzbekistan,L2CU 2018-2025,data/interim/unpacked/uzbekistan/l2cu_v03/l2cu_cati_household_data_82.csv,household-round,date_end,64,1400,1400,1400
uzbekistan,L2CU 2018-2025,data/interim/unpacked/uzbekistan/l2cu_v03/l2cu_cati_household_data_82.csv,household-round,date_end,65,1383,1383,1383
uzbekistan,L2CU 2018-2025,data/interim/unpacked/uzbekistan/l2cu_v03/l2cu_cati_household_data_82.csv,household-round,date_end,66,1378,1378,1378
uzbekistan,L2CU 2018-2025,data/interim/unpacked/uzbekistan/l2cu_v03/l2cu_cati_household_data_82.csv,household-round,date_end,67,1412,1412,1412
uzbekistan,L2CU 2018-2025,data/interim/unpacked/uzbekistan/l2cu_v03/l2cu_cati_household_data_82.csv,household-round,date_end,68,1406,1406,1406
uzbekistan,L2CU 2018-2025,data/interim/unpacked/uzbekistan/l2cu_v03/l2cu_cati_household_data_82.csv,household-round,date_end,69,1399,1399,1399
uzbekistan,L2CU 2018-2025,data/interim/unpacked/uzbekistan/l2cu_v03/l2cu_cati_household_data_82.csv,household-round,date_end,70,1373,1373,1373
uzbekistan,L2CU 2018-2025,data/interim/unpacked/uzbekistan/l2cu_v03/l2cu_cati_household_data_82.csv,household-round,date_end,71,1357,1357,1357
uzbekistan,L2CU 2018-2025,data/interim/unpacked/uzbekistan/l2cu_v03/l2cu_cati_household_data_82.csv,household-round,date_end,72,1320,1320,1320
uzbekistan,L2CU 2018-2025,data/interim/unpacked/uzbekistan/l2cu_v03/l2cu_cati_household_data_82.csv,household-round,date_end,73,1289,1289,1289
uzbekistan,L2CU 2018-2025,data/interim/unpacked/uzbekistan/l2cu_v03/l2cu_cati_household_data_82.csv,household-round,date_end,74,1278,1278,1278
uzbekistan,L2CU 2018-2025,data/interim/unpacked/uzbekistan/l2cu_v03/l2cu_cati_household_data_82.csv,household-round,date_end,75,1275,1275,1275
uzbekistan,L2CU 2018-2025,data/interim/unpacked/uzbekistan/l2cu_v03/l2cu_cati_household_data_82.csv,household-round,date_end,76,1564,1564,1564
uzbekistan,L2CU 2018-2025,data/interim/unpacked/uzbekistan/l2cu_v03/l2cu_cati_household_data_82.csv,household-round,date_end,77,1538,1538,1538
uzbekistan,L2CU 2018-2025,data/interim/unpacked/uzbekistan/l2cu_v03/l2cu_cati_household_data_82.csv,household-round,date_end,78,1514,1514,1514
uzbekistan,L2CU 2018-2025,data/interim/unpacked/uzbekistan/l2cu_v03/l2cu_cati_household_data_82.csv,household-round,date_end,79,1492,1492,1492
uzbekistan,L2CU 2018-2025,data/interim/unpacked/uzbekistan/l2cu_v03/l2cu_cati_household_data_82.csv,household-round,date_end,80,1478,1478,1478
uzbekistan,L2CU 2018-2025,data/interim/unpacked/uzbekistan/l2cu_v03/l2cu_cati_household_data_82.csv,household-round,date_end,81,1464,1464,1464
uzbekistan,L2CU 2018-2025,data/interim/unpacked/uzbekistan/l2cu_v03/l2cu_cati_household_data_82.csv,household-round,date_end,82,1463,1463,1463
uzbekistan,L2CU 2018-2025,data/interim/unpacked/uzbekistan/l2cu_v03/l2cu_cati_household_data_82.csv,household-round,popw,1,1504,1504,1504
uzbekistan,L2CU 2018-2025,data/interim/unpacked/uzbekistan/l2cu_v03/l2cu_cati_household_data_82.csv,household-round,popw,2,1507,1507,1507
uzbekistan,L2CU 2018-2025,data/interim/unpacked/uzbekistan/l2cu_v03/l2cu_cati_household_data_82.csv,household-round,popw,3,1520,1520,1520
uzbekistan,L2CU 2018-2025,data/interim/unpacked/uzbekistan/l2cu_v03/l2cu_cati_household_data_82.csv,household-round,popw,4,1520,1520,1520
uzbekistan,L2CU 2018-2025,data/interim/unpacked/uzbekistan/l2cu_v03/l2cu_cati_household_data_82.csv,household-round,popw,5,1524,1524,1524
uzbekistan,L2CU 2018-2025,data/interim/unpacked/uzbekistan/l2cu_v03/l2cu_cati_household_data_82.csv,household-round,popw,6,1524,1524,1524
uzbekistan,L2CU 2018-2025,data/interim/unpacked/uzbekistan/l2cu_v03/l2cu_cati_household_data_82.csv,household-round,popw,7,1524,1524,1524
uzbekistan,L2CU 2018-2025,data/interim/unpacked/uzbekistan/l2cu_v03/l2cu_cati_household_data_82.csv,household-round,popw,8,1523,1523,1523
uzbekistan,L2CU 2018-2025,data/interim/unpacked/uzbekistan/l2cu_v03/l2cu_cati_household_data_82.csv,household-round,popw,9,1522,1522,1522
uzbekistan,L2CU 2018-2025,data/interim/unpacked/uzbekistan/l2cu_v03/l2cu_cati_household_data_82.csv,household-round,popw,10,1525,1525,1525
uzbekistan,L2CU 2018-2025,data/interim/unpacked/uzbekistan/l2cu_v03/l2cu_cati_household_data_82.csv,household-round,popw,11,1523,1523,1523
uzbekistan,L2CU 2018-2025,data/interim/unpacked/uzbekistan/l2cu_v03/l2cu_cati_household_data_82.csv,household-round,popw,12,1521,1521,1521
uzbekistan,L2CU 2018-2025,data/interim/unpacked/uzbekistan/l2cu_v03/l2cu_cati_household_data_82.csv,household-round,popw,13,1507,1507,1507
uzbekistan,L2CU 2018-2025,data/interim/unpacked/uzbekistan/l2cu_v03/l2cu_cati_household_data_82.csv,household-round,popw,14,1519,1519,1519
uzbekistan,L2CU 2018-2025,data/interim/unpacked/uzbekistan/l2cu_v03/l2cu_cati_household_data_82.csv,household-round,popw,15,1523,1523,1523
uzbekistan,L2CU 2018-2025,data/interim/unpacked/uzbekistan/l2cu_v03/l2cu_cati_household_data_82.csv,household-round,popw,16,1521,1521,1521
uzbekistan,L2CU 2018-2025,data/interim/unpacked/uzbekistan/l2cu_v03/l2cu_cati_household_data_82.csv,household-round,popw,17,1521,1521,1521
uzbekistan,L2CU 2018-2025,data/interim/unpacked/uzbekistan/l2cu_v03/l2cu_cati_household_data_82.csv,household-round,popw,18,1522,1522,1522
uzbekistan,L2CU 2018-2025,data/interim/unpacked/uzbekistan/l2cu_v03/l2cu_cati_household_data_82.csv,household-round,popw,19,1522,1522,1522
uzbekistan,L2CU 2018-2025,data/interim/unpacked/uzbekistan/l2cu_v03/l2cu_cati_household_data_82.csv,household-round,popw,20,1521,1521,1521
uzbekistan,L2CU 2018-2025,data/interim/unpacked/uzbekistan/l2cu_v03/l2cu_cati_household_data_82.csv,household-round,popw,21,1521,1521,1521
uzbekistan,L2CU 2018-2025,data/interim/unpacked/uzbekistan/l2cu_v03/l2cu_cati_household_data_82.csv,household-round,popw,22,1520,1520,1520
uzbekistan,L2CU 2018-2025,data/interim/unpacked/uzbekistan/l2cu_v03/l2cu_cati_household_data_82.csv,household-round,popw,23,1517,1517,1517
uzbekistan,L2CU 2018-2025,data/interim/unpacked/uzbekistan/l2cu_v03/l2cu_cati_household_data_82.csv,household-round,popw,24,1516,1516,1516
uzbekistan,L2CU 2018-2025,data/interim/unpacked/uzbekistan/l2cu_v03/l2cu_cati_household_data_82.csv,household-round,popw,25,1516,1516,1516
uzbekistan,L2CU 2018-2025,data/interim/unpacked/uzbekistan/l2cu_v03/l2cu_cati_household_data_82.csv,household-round,popw,26,1514,1514,1514
uzbekistan,L2CU 2018-2025,data/interim/unpacked/uzbekistan/l2cu_v03/l2cu_cati_household_data_82.csv,household-round,popw,27,1514,1514,1514
uzbekistan,L2CU 2018-2025,data/interim/unpacked/uzbekistan/l2cu_v03/l2cu_cati_household_data_82.csv,household-round,popw,28,1513,1513,1513
uzbekistan,L2CU 2018-2025,data/interim/unpacked/uzbekistan/l2cu_v03/l2cu_cati_household_data_82.csv,household-round,popw,29,1512,1512,1512
uzbekistan,L2CU 2018-2025,data/interim/unpacked/uzbekistan/l2cu_v03/l2cu_cati_household_data_82.csv,household-round,popw,30,1510,1510,1510
uzbekistan,L2CU 2018-2025,data/interim/unpacked/uzbekistan/l2cu_v03/l2cu_cati_household_data_82.csv,household-round,popw,31,1512,1512,1512
uzbekistan,L2CU 2018-2025,data/interim/unpacked/uzbekistan/l2cu_v03/l2cu_cati_household_data_82.csv,household-round,popw,32,1511,1511,1511
uzbekistan,L2CU 2018-2025,data/interim/unpacked/uzbekistan/l2cu_v03/l2cu_cati_household_data_82.csv,household-round,popw,33,1511,1511,1511
uzbekistan,L2CU 2018-2025,data/interim/unpacked/uzbekistan/l2cu_v03/l2cu_cati_household_data_82.csv,household-round,popw,34,1511,1511,1511
uzbekistan,L2CU 2018-2025,data/interim/unpacked/uzbekistan/l2cu_v03/l2cu_cati_household_data_82.csv,household-round,popw,35,1511,1511,1511
uzbekistan,L2CU 2018-2025,data/interim/unpacked/uzbekistan/l2cu_v03/l2cu_cati_household_data_82.csv,household-round,popw,36,1511,1511,1511
uzbekistan,L2CU 2018-2025,data/interim/unpacked/uzbekistan/l2cu_v03/l2cu_cati_household_data_82.csv,household-round,popw,37,1510,1510,1510
uzbekistan,L2CU 2018-2025,data/interim/unpacked/uzbekistan/l2cu_v03/l2cu_cati_household_data_82.csv,household-round,popw,38,1509,1509,1509
uzbekistan,L2CU 2018-2025,data/interim/unpacked/uzbekistan/l2cu_v03/l2cu_cati_household_data_82.csv,household-round,popw,39,1508,1508,1508
uzbekistan,L2CU 2018-2025,data/interim/unpacked/uzbekistan/l2cu_v03/l2cu_cati_household_data_82.csv,household-round,popw,40,1507,1507,1507
uzbekistan,L2CU 2018-2025,data/interim/unpacked/uzbekistan/l2cu_v03/l2cu_cati_household_data_82.csv,household-round,popw,41,1505,1505,1505
uzbekistan,L2CU 2018-2025,data/interim/unpacked/uzbekistan/l2cu_v03/l2cu_cati_household_data_82.csv,household-round,popw,42,1507,1507,1507
uzbekistan,L2CU 2018-2025,data/interim/unpacked/uzbekistan/l2cu_v03/l2cu_cati_household_data_82.csv,household-round,popw,43,1508,1508,1508
uzbekistan,L2CU 2018-2025,data/interim/unpacked/uzbekistan/l2cu_v03/l2cu_cati_household_data_82.csv,household-round,popw,44,1508,1508,1508
uzbekistan,L2CU 2018-2025,data/interim/unpacked/uzbekistan/l2cu_v03/l2cu_cati_household_data_82.csv,household-round,popw,45,1508,1508,1508
uzbekistan,L2CU 2018-2025,data/interim/unpacked/uzbekistan/l2cu_v03/l2cu_cati_household_data_82.csv,household-round,popw,46,1507,1507,1507
uzbekistan,L2CU 2018-2025,data/interim/unpacked/uzbekistan/l2cu_v03/l2cu_cati_household_data_82.csv,household-round,popw,47,1504,1504,1504
uzbekistan,L2CU 2018-2025,data/interim/unpacked/uzbekistan/l2cu_v03/l2cu_cati_household_data_82.csv,household-round,popw,48,1499,1499,1499
uzbekistan,L2CU 2018-2025,data/interim/unpacked/uzbekistan/l2cu_v03/l2cu_cati_household_data_82.csv,household-round,popw,49,1498,1498,1498
uzbekistan,L2CU 2018-2025,data/interim/unpacked/uzbekistan/l2cu_v03/l2cu_cati_household_data_82.csv,household-round,popw,50,1495,1495,1495
uzbekistan,L2CU 2018-2025,data/interim/unpacked/uzbekistan/l2cu_v03/l2cu_cati_household_data_82.csv,household-round,popw,51,1494,1494,1494
uzbekistan,L2CU 2018-2025,data/interim/unpacked/uzbekistan/l2cu_v03/l2cu_cati_household_data_82.csv,household-round,popw,52,1494,1494,1494
uzbekistan,L2CU 2018-2025,data/interim/unpacked/uzbekistan/l2cu_v03/l2cu_cati_household_data_82.csv,household-round,popw,53,1491,1491,1491
uzbekistan,L2CU 2018-2025,data/interim/unpacked/uzbekistan/l2cu_v03/l2cu_cati_household_data_82.csv,household-round,popw,54,1491,1491,1491
uzbekistan,L2CU 2018-2025,data/interim/unpacked/uzbekistan/l2cu_v03/l2cu_cati_household_data_82.csv,household-round,popw,55,1490,1490,1490
uzbekistan,L2CU 2018-2025,data/interim/unpacked/uzbekistan/l2cu_v03/l2cu_cati_household_data_82.csv,household-round,popw,56,1489,1489,1489
uzbekistan,L2CU 2018-2025,data/interim/unpacked/uzbekistan/l2cu_v03/l2cu_cati_household_data_82.csv,household-round,popw,57,1488,1488,1488
uzbekistan,L2CU 2018-2025,data/interim/unpacked/uzbekistan/l2cu_v03/l2cu_cati_household_data_82.csv,household-round,popw,58,1486,1486,1486
uzbekistan,L2CU 2018-2025,data/interim/unpacked/uzbekistan/l2cu_v03/l2cu_cati_household_data_82.csv,household-round,popw,59,1484,1484,1484
uzbekistan,L2CU 2018-2025,data/interim/unpacked/uzbekistan/l2cu_v03/l2cu_cati_household_data_82.csv,household-round,popw,60,1451,1451,1451
uzbekistan,L2CU 2018-2025,data/interim/unpacked/uzbekistan/l2cu_v03/l2cu_cati_household_data_82.csv,household-round,popw,61,1439,1439,1439
uzbekistan,L2CU 2018-2025,data/interim/unpacked/uzbekistan/l2cu_v03/l2cu_cati_household_data_82.csv,household-round,popw,62,1429,1429,1429
uzbekistan,L2CU 2018-2025,data/interim/unpacked/uzbekistan/l2cu_v03/l2cu_cati_household_data_82.csv,household-round,popw,63,1423,1423,1423
uzbekistan,L2CU 2018-2025,data/interim/unpacked/uzbekistan/l2cu_v03/l2cu_cati_household_data_82.csv,household-round,popw,64,1400,1400,1400
uzbekistan,L2CU 2018-2025,data/interim/unpacked/uzbekistan/l2cu_v03/l2cu_cati_household_data_82.csv,household-round,popw,65,1383,1383,1383
uzbekistan,L2CU 2018-2025,data/interim/unpacked/uzbekistan/l2cu_v03/l2cu_cati_household_data_82.csv,household-round,popw,66,1378,1378,1378
uzbekistan,L2CU 2018-2025,data/interim/unpacked/uzbekistan/l2cu_v03/l2cu_cati_household_data_82.csv,household-round,popw,67,1412,1412,1412
uzbekistan,L2CU 2018-2025,data/interim/unpacked/uzbekistan/l2cu_v03/l2cu_cati_household_data_82.csv,household-round,popw,68,1406,1406,1406
uzbekistan,L2CU 2018-2025,data/interim/unpacked/uzbekistan/l2cu_v03/l2cu_cati_household_data_82.csv,household-round,popw,69,1399,1399,1399
uzbekistan,L2CU 2018-2025,data/interim/unpacked/uzbekistan/l2cu_v03/l2cu_cati_household_data_82.csv,household-round,popw,70,1373,1373,1373
uzbekistan,L2CU 2018-2025,data/interim/unpacked/uzbekistan/l2cu_v03/l2cu_cati_household_data_82.csv,household-round,popw,71,1357,1357,1357
uzbekistan,L2CU 2018-2025,data/interim/unpacked/uzbekistan/l2cu_v03/l2cu_cati_household_data_82.csv,household-round,popw,72,1320,1320,1320
uzbekistan,L2CU 2018-2025,data/interim/unpacked/uzbekistan/l2cu_v03/l2cu_cati_household_data_82.csv,household-round,popw,73,1289,1289,1289
uzbekistan,L2CU 2018-2025,data/interim/unpacked/uzbekistan/l2cu_v03/l2cu_cati_household_data_82.csv,household-round,popw,74,1278,1278,1278
uzbekistan,L2CU 2018-2025,data/interim/unpacked/uzbekistan/l2cu_v03/l2cu_cati_household_data_82.csv,household-round,popw,75,1275,1275,1275
uzbekistan,L2CU 2018-2025,data/interim/unpacked/uzbekistan/l2cu_v03/l2cu_cati_household_data_82.csv,household-round,popw,76,1564,1564,1564
uzbekistan,L2CU 2018-2025,data/interim/unpacked/uzbekistan/l2cu_v03/l2cu_cati_household_data_82.csv,household-round,popw,77,1538,1538,1538
uzbekistan,L2CU 2018-2025,data/interim/unpacked/uzbekistan/l2cu_v03/l2cu_cati_household_data_82.csv,household-round,popw,78,1514,1514,1514
uzbekistan,L2CU 2018-2025,data/interim/unpacked/uzbekistan/l2cu_v03/l2cu_cati_household_data_82.csv,household-round,popw,79,1492,1492,1492
uzbekistan,L2CU 2018-2025,data/interim/unpacked/uzbekistan/l2cu_v03/l2cu_cati_household_data_82.csv,household-round,popw,80,1478,1478,1478
uzbekistan,L2CU 2018-2025,data/interim/unpacked/uzbekistan/l2cu_v03/l2cu_cati_household_data_82.csv,household-round,popw,81,1464,1464,1464
uzbekistan,L2CU 2018-2025,data/interim/unpacked/uzbekistan/l2cu_v03/l2cu_cati_household_data_82.csv,household-round,popw,82,1463,1463,1463
uzbekistan,L2CU 2018-2025,data/interim/unpacked/uzbekistan/l2cu_v03/l2cu_cati_household_data_82.csv,household-round,water_disruption,1,1504,1504,1504
uzbekistan,L2CU 2018-2025,data/interim/unpacked/uzbekistan/l2cu_v03/l2cu_cati_household_data_82.csv,household-round,water_disruption,2,1507,1507,1507
uzbekistan,L2CU 2018-2025,data/interim/unpacked/uzbekistan/l2cu_v03/l2cu_cati_household_data_82.csv,household-round,water_disruption,3,1520,1520,1520
uzbekistan,L2CU 2018-2025,data/interim/unpacked/uzbekistan/l2cu_v03/l2cu_cati_household_data_82.csv,household-round,water_disruption,4,1520,1520,1520
uzbekistan,L2CU 2018-2025,data/interim/unpacked/uzbekistan/l2cu_v03/l2cu_cati_household_data_82.csv,household-round,water_disruption,5,1524,1524,1524
uzbekistan,L2CU 2018-2025,data/interim/unpacked/uzbekistan/l2cu_v03/l2cu_cati_household_data_82.csv,household-round,water_disruption,6,1524,1524,1524
uzbekistan,L2CU 2018-2025,data/interim/unpacked/uzbekistan/l2cu_v03/l2cu_cati_household_data_82.csv,household-round,water_disruption,7,1524,1524,1524
uzbekistan,L2CU 2018-2025,data/interim/unpacked/uzbekistan/l2cu_v03/l2cu_cati_household_data_82.csv,household-round,water_disruption,8,1523,1523,1523
uzbekistan,L2CU 2018-2025,data/interim/unpacked/uzbekistan/l2cu_v03/l2cu_cati_household_data_82.csv,household-round,water_disruption,9,1522,1522,1522
uzbekistan,L2CU 2018-2025,data/interim/unpacked/uzbekistan/l2cu_v03/l2cu_cati_household_data_82.csv,household-round,water_disruption,10,1525,1525,1525
uzbekistan,L2CU 2018-2025,data/interim/unpacked/uzbekistan/l2cu_v03/l2cu_cati_household_data_82.csv,household-round,water_disruption,11,1523,1523,1523
uzbekistan,L2CU 2018-2025,data/interim/unpacked/uzbekistan/l2cu_v03/l2cu_cati_household_data_82.csv,household-round,water_disruption,12,1521,1521,1521
uzbekistan,L2CU 2018-2025,data/interim/unpacked/uzbekistan/l2cu_v03/l2cu_cati_household_data_82.csv,household-round,water_disruption,13,1507,1507,1507
uzbekistan,L2CU 2018-2025,data/interim/unpacked/uzbekistan/l2cu_v03/l2cu_cati_household_data_82.csv,household-round,water_disruption,14,1519,1519,1519
uzbekistan,L2CU 2018-2025,data/interim/unpacked/uzbekistan/l2cu_v03/l2cu_cati_household_data_82.csv,household-round,water_disruption,15,1523,1523,1523
uzbekistan,L2CU 2018-2025,data/interim/unpacked/uzbekistan/l2cu_v03/l2cu_cati_household_data_82.csv,household-round,water_disruption,16,1521,1521,1521
uzbekistan,L2CU 2018-2025,data/interim/unpacked/uzbekistan/l2cu_v03/l2cu_cati_household_data_82.csv,household-round,water_disruption,17,1521,1521,1521
uzbekistan,L2CU 2018-2025,data/interim/unpacked/uzbekistan/l2cu_v03/l2cu_cati_household_data_82.csv,household-round,water_disruption,18,1522,1522,1522
uzbekistan,L2CU 2018-2025,data/interim/unpacked/uzbekistan/l2cu_v03/l2cu_cati_household_data_82.csv,household-round,water_disruption,19,1522,1522,1522
uzbekistan,L2CU 2018-2025,data/interim/unpacked/uzbekistan/l2cu_v03/l2cu_cati_household_data_82.csv,household-round,water_disruption,20,1521,1521,1521
uzbekistan,L2CU 2018-2025,data/interim/unpacked/uzbekistan/l2cu_v03/l2cu_cati_household_data_82.csv,household-round,water_disruption,21,1521,1521,1521
uzbekistan,L2CU 2018-2025,data/interim/unpacked/uzbekistan/l2cu_v03/l2cu_cati_household_data_82.csv,household-round,water_disruption,22,1520,1520,1520
uzbekistan,L2CU 2018-2025,data/interim/unpacked/uzbekistan/l2cu_v03/l2cu_cati_household_data_82.csv,household-round,water_disruption,23,1517,1517,1517
uzbekistan,L2CU 2018-2025,data/interim/unpacked/uzbekistan/l2cu_v03/l2cu_cati_household_data_82.csv,household-round,water_disruption,24,1516,1516,1516
uzbekistan,L2CU 2018-2025,data/interim/unpacked/uzbekistan/l2cu_v03/l2cu_cati_household_data_82.csv,household-round,water_disruption,25,1516,1516,1516
uzbekistan,L2CU 2018-2025,data/interim/unpacked/uzbekistan/l2cu_v03/l2cu_cati_household_data_82.csv,household-round,water_disruption,26,1514,1514,1514
uzbekistan,L2CU 2018-2025,data/interim/unpacked/uzbekistan/l2cu_v03/l2cu_cati_household_data_82.csv,household-round,water_disruption,27,1514,1514,1514
uzbekistan,L2CU 2018-2025,data/interim/unpacked/uzbekistan/l2cu_v03/l2cu_cati_household_data_82.csv,household-round,water_disruption,28,1513,1513,1513
uzbekistan,L2CU 2018-2025,data/interim/unpacked/uzbekistan/l2cu_v03/l2cu_cati_household_data_82.csv,household-round,water_disruption,29,1512,1512,1512
uzbekistan,L2CU 2018-2025,data/interim/unpacked/uzbekistan/l2cu_v03/l2cu_cati_household_data_82.csv,household-round,water_disruption,30,1510,1510,1510
uzbekistan,L2CU 2018-2025,data/interim/unpacked/uzbekistan/l2cu_v03/l2cu_cati_household_data_82.csv,household-round,water_disruption,31,1512,1512,1512
uzbekistan,L2CU 2018-2025,data/interim/unpacked/uzbekistan/l2cu_v03/l2cu_cati_household_data_82.csv,household-round,water_disruption,32,1511,1511,1511
uzbekistan,L2CU 2018-2025,data/interim/unpacked/uzbekistan/l2cu_v03/l2cu_cati_household_data_82.csv,household-round,water_disruption,33,1511,1511,1511
uzbekistan,L2CU 2018-2025,data/interim/unpacked/uzbekistan/l2cu_v03/l2cu_cati_household_data_82.csv,household-round,water_disruption,34,1511,1511,1511
uzbekistan,L2CU 2018-2025,data/interim/unpacked/uzbekistan/l2cu_v03/l2cu_cati_household_data_82.csv,household-round,water_disruption,35,1511,1511,1511
uzbekistan,L2CU 2018-2025,data/interim/unpacked/uzbekistan/l2cu_v03/l2cu_cati_household_data_82.csv,household-round,water_disruption,36,1511,1511,1511
uzbekistan,L2CU 2018-2025,data/interim/unpacked/uzbekistan/l2cu_v03/l2cu_cati_household_data_82.csv,household-round,water_disruption,37,1510,1510,1510
uzbekistan,L2CU 2018-2025,data/interim/unpacked/uzbekistan/l2cu_v03/l2cu_cati_household_data_82.csv,household-round,water_disruption,38,1509,1509,1509
uzbekistan,L2CU 2018-2025,data/interim/unpacked/uzbekistan/l2cu_v03/l2cu_cati_household_data_82.csv,household-round,water_disruption,39,1508,1508,1508
uzbekistan,L2CU 2018-2025,data/interim/unpacked/uzbekistan/l2cu_v03/l2cu_cati_household_data_82.csv,household-round,water_disruption,40,1507,1507,1507
uzbekistan,L2CU 2018-2025,data/interim/unpacked/uzbekistan/l2cu_v03/l2cu_cati_household_data_82.csv,household-round,water_disruption,41,1505,1505,1505
uzbekistan,L2CU 2018-2025,data/interim/unpacked/uzbekistan/l2cu_v03/l2cu_cati_household_data_82.csv,household-round,water_disruption,42,1507,1507,1507
uzbekistan,L2CU 2018-2025,data/interim/unpacked/uzbekistan/l2cu_v03/l2cu_cati_household_data_82.csv,household-round,water_disruption,43,1508,1508,1508
uzbekistan,L2CU 2018-2025,data/interim/unpacked/uzbekistan/l2cu_v03/l2cu_cati_household_data_82.csv,household-round,water_disruption,44,1508,1508,1508
uzbekistan,L2CU 2018-2025,data/interim/unpacked/uzbekistan/l2cu_v03/l2cu_cati_household_data_82.csv,household-round,water_disruption,45,1508,1508,1508
uzbekistan,L2CU 2018-2025,data/interim/unpacked/uzbekistan/l2cu_v03/l2cu_cati_household_data_82.csv,household-round,water_disruption,46,1507,1507,1507
uzbekistan,L2CU 2018-2025,data/interim/unpacked/uzbekistan/l2cu_v03/l2cu_cati_household_data_82.csv,household-round,water_disruption,47,1504,1504,1504
uzbekistan,L2CU 2018-2025,data/interim/unpacked/uzbekistan/l2cu_v03/l2cu_cati_household_data_82.csv,household-round,water_disruption,48,1499,1499,1499
uzbekistan,L2CU 2018-2025,data/interim/unpacked/uzbekistan/l2cu_v03/l2cu_cati_household_data_82.csv,household-round,water_disruption,49,1498,1498,1498
uzbekistan,L2CU 2018-2025,data/interim/unpacked/uzbekistan/l2cu_v03/l2cu_cati_household_data_82.csv,household-round,water_disruption,50,1495,1495,1495
uzbekistan,L2CU 2018-2025,data/interim/unpacked/uzbekistan/l2cu_v03/l2cu_cati_household_data_82.csv,household-round,water_disruption,51,1494,1494,1494
uzbekistan,L2CU 2018-2025,data/interim/unpacked/uzbekistan/l2cu_v03/l2cu_cati_household_data_82.csv,household-round,water_disruption,52,1494,1494,1494
uzbekistan,L2CU 2018-2025,data/interim/unpacked/uzbekistan/l2cu_v03/l2cu_cati_household_data_82.csv,household-round,water_disruption,53,1491,1491,1491
uzbekistan,L2CU 2018-2025,data/interim/unpacked/uzbekistan/l2cu_v03/l2cu_cati_household_data_82.csv,household-round,water_disruption,54,1491,1491,1491
uzbekistan,L2CU 2018-2025,data/interim/unpacked/uzbekistan/l2cu_v03/l2cu_cati_household_data_82.csv,household-round,water_disruption,55,1490,1490,1490
uzbekistan,L2CU 2018-2025,data/interim/unpacked/uzbekistan/l2cu_v03/l2cu_cati_household_data_82.csv,household-round,water_disruption,56,1489,1489,1489
uzbekistan,L2CU 2018-2025,data/interim/unpacked/uzbekistan/l2cu_v03/l2cu_cati_household_data_82.csv,household-round,water_disruption,57,1488,1488,1488
uzbekistan,L2CU 2018-2025,data/interim/unpacked/uzbekistan/l2cu_v03/l2cu_cati_household_data_82.csv,household-round,water_disruption,58,1486,1486,1486
uzbekistan,L2CU 2018-2025,data/interim/unpacked/uzbekistan/l2cu_v03/l2cu_cati_household_data_82.csv,household-round,water_disruption,59,1484,1484,1484
uzbekistan,L2CU 2018-2025,data/interim/unpacked/uzbekistan/l2cu_v03/l2cu_cati_household_data_82.csv,household-round,water_disruption,60,1451,1451,1451
uzbekistan,L2CU 2018-2025,data/interim/unpacked/uzbekistan/l2cu_v03/l2cu_cati_household_data_82.csv,household-round,water_disruption,61,1439,1439,1439
uzbekistan,L2CU 2018-2025,data/interim/unpacked/uzbekistan/l2cu_v03/l2cu_cati_household_data_82.csv,household-round,water_disruption,62,1429,1429,1429
uzbekistan,L2CU 2018-2025,data/interim/unpacked/uzbekistan/l2cu_v03/l2cu_cati_household_data_82.csv,household-round,water_disruption,63,1423,1423,1423
uzbekistan,L2CU 2018-2025,data/interim/unpacked/uzbekistan/l2cu_v03/l2cu_cati_household_data_82.csv,household-round,water_disruption,64,1400,1400,1400
uzbekistan,L2CU 2018-2025,data/interim/unpacked/uzbekistan/l2cu_v03/l2cu_cati_household_data_82.csv,household-round,water_disruption,65,1383,1383,1383
uzbekistan,L2CU 2018-2025,data/interim/unpacked/uzbekistan/l2cu_v03/l2cu_cati_household_data_82.csv,household-round,water_disruption,66,1378,1378,1378
uzbekistan,L2CU 2018-2025,data/interim/unpacked/uzbekistan/l2cu_v03/l2cu_cati_household_data_82.csv,household-round,water_disruption,67,1412,1412,1412
uzbekistan,L2CU 2018-2025,data/interim/unpacked/uzbekistan/l2cu_v03/l2cu_cati_household_data_82.csv,household-round,water_disruption,68,1406,1406,1406
uzbekistan,L2CU 2018-2025,data/interim/unpacked/uzbekistan/l2cu_v03/l2cu_cati_household_data_82.csv,household-round,water_disruption,69,1399,1399,1399
uzbekistan,L2CU 2018-2025,data/interim/unpacked/uzbekistan/l2cu_v03/l2cu_cati_household_data_82.csv,household-round,water_disruption,70,1373,1373,1373
uzbekistan,L2CU 2018-2025,data/interim/unpacked/uzbekistan/l2cu_v03/l2cu_cati_household_data_82.csv,household-round,water_disruption,71,1357,1357,1357
uzbekistan,L2CU 2018-2025,data/interim/unpacked/uzbekistan/l2cu_v03/l2cu_cati_household_data_82.csv,household-round,water_disruption,72,1320,1320,1320
uzbekistan,L2CU 2018-2025,data/interim/unpacked/uzbekistan/l2cu_v03/l2cu_cati_household_data_82.csv,household-round,water_disruption,73,1289,1289,1289
uzbekistan,L2CU 2018-2025,data/interim/unpacked/uzbekistan/l2cu_v03/l2cu_cati_household_data_82.csv,household-round,water_disruption,74,1278,1278,1278
uzbekistan,L2CU 2018-2025,data/interim/unpacked/uzbekistan/l2cu_v03/l2cu_cati_household_data_82.csv,household-round,water_disruption,75,1275,1275,1275
uzbekistan,L2CU 2018-2025,data/interim/unpacked/uzbekistan/l2cu_v03/l2cu_cati_household_data_82.csv,household-round,water_disruption,76,1564,1564,1564
uzbekistan,L2CU 2018-2025,data/interim/unpacked/uzbekistan/l2cu_v03/l2cu_cati_household_data_82.csv,household-round,water_disruption,77,1538,1538,1538
uzbekistan,L2CU 2018-2025,data/interim/unpacked/uzbekistan/l2cu_v03/l2cu_cati_household_data_82.csv,household-round,water_disruption,78,1514,1514,1514
uzbekistan,L2CU 2018-2025,data/interim/unpacked/uzbekistan/l2cu_v03/l2cu_cati_household_data_82.csv,household-round,water_disruption,79,1492,1492,1492
uzbekistan,L2CU 2018-2025,data/interim/unpacked/uzbekistan/l2cu_v03/l2cu_cati_household_data_82.csv,household-round,water_disruption,80,1478,1478,1478
uzbekistan,L2CU 2018-2025,data/interim/unpacked/uzbekistan/l2cu_v03/l2cu_cati_household_data_82.csv,household-round,water_disruption,81,1464,1464,1464
uzbekistan,L2CU 2018-2025,data/interim/unpacked/uzbekistan/l2cu_v03/l2cu_cati_household_data_82.csv,household-round,water_disruption,82,1463,1463,1463
uzbekistan,L2CU 2018-2025,data/interim/unpacked/uzbekistan/l2cu_v03/l2cu_cati_household_data_82.csv,household-round,gas_disruption,1,1504,0,0
uzbekistan,L2CU 2018-2025,data/interim/unpacked/uzbekistan/l2cu_v03/l2cu_cati_household_data_82.csv,household-round,gas_disruption,2,1507,0,0
uzbekistan,L2CU 2018-2025,data/interim/unpacked/uzbekistan/l2cu_v03/l2cu_cati_household_data_82.csv,household-round,gas_disruption,3,1520,0,0
uzbekistan,L2CU 2018-2025,data/interim/unpacked/uzbekistan/l2cu_v03/l2cu_cati_household_data_82.csv,household-round,gas_disruption,4,1520,0,0
uzbekistan,L2CU 2018-2025,data/interim/unpacked/uzbekistan/l2cu_v03/l2cu_cati_household_data_82.csv,household-round,gas_disruption,5,1524,0,0
uzbekistan,L2CU 2018-2025,data/interim/unpacked/uzbekistan/l2cu_v03/l2cu_cati_household_data_82.csv,household-round,gas_disruption,6,1524,0,0
uzbekistan,L2CU 2018-2025,data/interim/unpacked/uzbekistan/l2cu_v03/l2cu_cati_household_data_82.csv,household-round,gas_disruption,7,1524,0,0
uzbekistan,L2CU 2018-2025,data/interim/unpacked/uzbekistan/l2cu_v03/l2cu_cati_household_data_82.csv,household-round,gas_disruption,8,1523,0,0
uzbekistan,L2CU 2018-2025,data/interim/unpacked/uzbekistan/l2cu_v03/l2cu_cati_household_data_82.csv,household-round,gas_disruption,9,1522,0,0
uzbekistan,L2CU 2018-2025,data/interim/unpacked/uzbekistan/l2cu_v03/l2cu_cati_household_data_82.csv,household-round,gas_disruption,10,1525,0,0
uzbekistan,L2CU 2018-2025,data/interim/unpacked/uzbekistan/l2cu_v03/l2cu_cati_household_data_82.csv,household-round,gas_disruption,11,1523,0,0
uzbekistan,L2CU 2018-2025,data/interim/unpacked/uzbekistan/l2cu_v03/l2cu_cati_household_data_82.csv,household-round,gas_disruption,12,1521,0,0
uzbekistan,L2CU 2018-2025,data/interim/unpacked/uzbekistan/l2cu_v03/l2cu_cati_household_data_82.csv,household-round,gas_disruption,13,1507,0,0
uzbekistan,L2CU 2018-2025,data/interim/unpacked/uzbekistan/l2cu_v03/l2cu_cati_household_data_82.csv,household-round,gas_disruption,14,1519,0,0
uzbekistan,L2CU 2018-2025,data/interim/unpacked/uzbekistan/l2cu_v03/l2cu_cati_household_data_82.csv,household-round,gas_disruption,15,1523,0,0
uzbekistan,L2CU 2018-2025,data/interim/unpacked/uzbekistan/l2cu_v03/l2cu_cati_household_data_82.csv,household-round,gas_disruption,16,1521,0,0
uzbekistan,L2CU 2018-2025,data/interim/unpacked/uzbekistan/l2cu_v03/l2cu_cati_household_data_82.csv,household-round,gas_disruption,17,1521,0,0
uzbekistan,L2CU 2018-2025,data/interim/unpacked/uzbekistan/l2cu_v03/l2cu_cati_household_data_82.csv,household-round,gas_disruption,18,1522,0,0
uzbekistan,L2CU 2018-2025,data/interim/unpacked/uzbekistan/l2cu_v03/l2cu_cati_household_data_82.csv,household-round,gas_disruption,19,1522,730,730
uzbekistan,L2CU 2018-2025,data/interim/unpacked/uzbekistan/l2cu_v03/l2cu_cati_household_data_82.csv,household-round,gas_disruption,20,1521,738,738
uzbekistan,L2CU 2018-2025,data/interim/unpacked/uzbekistan/l2cu_v03/l2cu_cati_household_data_82.csv,household-round,gas_disruption,21,1521,744,744
uzbekistan,L2CU 2018-2025,data/interim/unpacked/uzbekistan/l2cu_v03/l2cu_cati_household_data_82.csv,household-round,gas_disruption,22,1520,749,749
uzbekistan,L2CU 2018-2025,data/interim/unpacked/uzbekistan/l2cu_v03/l2cu_cati_household_data_82.csv,household-round,gas_disruption,23,1517,728,728
uzbekistan,L2CU 2018-2025,data/interim/unpacked/uzbekistan/l2cu_v03/l2cu_cati_household_data_82.csv,household-round,gas_disruption,24,1516,702,702
uzbekistan,L2CU 2018-2025,data/interim/unpacked/uzbekistan/l2cu_v03/l2cu_cati_household_data_82.csv,household-round,gas_disruption,25,1516,702,702
uzbekistan,L2CU 2018-2025,data/interim/unpacked/uzbekistan/l2cu_v03/l2cu_cati_household_data_82.csv,household-round,gas_disruption,26,1514,707,707
uzbekistan,L2CU 2018-2025,data/interim/unpacked/uzbekistan/l2cu_v03/l2cu_cati_household_data_82.csv,household-round,gas_disruption,27,1514,710,710
uzbekistan,L2CU 2018-2025,data/interim/unpacked/uzbekistan/l2cu_v03/l2cu_cati_household_data_82.csv,household-round,gas_disruption,28,1513,743,743
uzbekistan,L2CU 2018-2025,data/interim/unpacked/uzbekistan/l2cu_v03/l2cu_cati_household_data_82.csv,household-round,gas_disruption,29,1512,669,669
uzbekistan,L2CU 2018-2025,data/interim/unpacked/uzbekistan/l2cu_v03/l2cu_cati_household_data_82.csv,household-round,gas_disruption,30,1510,650,650
uzbekistan,L2CU 2018-2025,data/interim/unpacked/uzbekistan/l2cu_v03/l2cu_cati_household_data_82.csv,household-round,gas_disruption,31,1512,661,661
uzbekistan,L2CU 2018-2025,data/interim/unpacked/uzbekistan/l2cu_v03/l2cu_cati_household_data_82.csv,household-round,gas_disruption,32,1511,677,677
uzbekistan,L2CU 2018-2025,data/interim/unpacked/uzbekistan/l2cu_v03/l2cu_cati_household_data_82.csv,household-round,gas_disruption,33,1511,762,762
uzbekistan,L2CU 2018-2025,data/interim/unpacked/uzbekistan/l2cu_v03/l2cu_cati_household_data_82.csv,household-round,gas_disruption,34,1511,757,757
uzbekistan,L2CU 2018-2025,data/interim/unpacked/uzbekistan/l2cu_v03/l2cu_cati_household_data_82.csv,household-round,gas_disruption,35,1511,732,732
uzbekistan,L2CU 2018-2025,data/interim/unpacked/uzbekistan/l2cu_v03/l2cu_cati_household_data_82.csv,household-round,gas_disruption,36,1511,743,743
uzbekistan,L2CU 2018-2025,data/interim/unpacked/uzbekistan/l2cu_v03/l2cu_cati_household_data_82.csv,household-round,gas_disruption,37,1510,733,733
uzbekistan,L2CU 2018-2025,data/interim/unpacked/uzbekistan/l2cu_v03/l2cu_cati_household_data_82.csv,household-round,gas_disruption,38,1509,735,735
uzbekistan,L2CU 2018-2025,data/interim/unpacked/uzbekistan/l2cu_v03/l2cu_cati_household_data_82.csv,household-round,gas_disruption,39,1508,757,757
uzbekistan,L2CU 2018-2025,data/interim/unpacked/uzbekistan/l2cu_v03/l2cu_cati_household_data_82.csv,household-round,gas_disruption,40,1507,784,784
uzbekistan,L2CU 2018-2025,data/interim/unpacked/uzbekistan/l2cu_v03/l2cu_cati_household_data_82.csv,household-round,gas_disruption,41,1505,774,774
uzbekistan,L2CU 2018-2025,data/interim/unpacked/uzbekistan/l2cu_v03/l2cu_cati_household_data_82.csv,household-round,gas_disruption,42,1507,799,799
uzbekistan,L2CU 2018-2025,data/interim/unpacked/uzbekistan/l2cu_v03/l2cu_cati_household_data_82.csv,household-round,gas_disruption,43,1508,803,803
uzbekistan,L2CU 2018-2025,data/interim/unpacked/uzbekistan/l2cu_v03/l2cu_cati_household_data_82.csv,household-round,gas_disruption,44,1508,791,791
uzbekistan,L2CU 2018-2025,data/interim/unpacked/uzbekistan/l2cu_v03/l2cu_cati_household_data_82.csv,household-round,gas_disruption,45,1508,779,779
uzbekistan,L2CU 2018-2025,data/interim/unpacked/uzbekistan/l2cu_v03/l2cu_cati_household_data_82.csv,household-round,gas_disruption,46,1507,781,781
uzbekistan,L2CU 2018-2025,data/interim/unpacked/uzbekistan/l2cu_v03/l2cu_cati_household_data_82.csv,household-round,gas_disruption,47,1504,776,776
uzbekistan,L2CU 2018-2025,data/interim/unpacked/uzbekistan/l2cu_v03/l2cu_cati_household_data_82.csv,household-round,gas_disruption,48,1499,791,791
uzbekistan,L2CU 2018-2025,data/interim/unpacked/uzbekistan/l2cu_v03/l2cu_cati_household_data_82.csv,household-round,gas_disruption,49,1498,663,663
uzbekistan,L2CU 2018-2025,data/interim/unpacked/uzbekistan/l2cu_v03/l2cu_cati_household_data_82.csv,household-round,gas_disruption,50,1495,664,664
uzbekistan,L2CU 2018-2025,data/interim/unpacked/uzbekistan/l2cu_v03/l2cu_cati_household_data_82.csv,household-round,gas_disruption,51,1494,667,667
uzbekistan,L2CU 2018-2025,data/interim/unpacked/uzbekistan/l2cu_v03/l2cu_cati_household_data_82.csv,household-round,gas_disruption,52,1494,679,679
uzbekistan,L2CU 2018-2025,data/interim/unpacked/uzbekistan/l2cu_v03/l2cu_cati_household_data_82.csv,household-round,gas_disruption,53,1491,691,691
uzbekistan,L2CU 2018-2025,data/interim/unpacked/uzbekistan/l2cu_v03/l2cu_cati_household_data_82.csv,household-round,gas_disruption,54,1491,694,694
uzbekistan,L2CU 2018-2025,data/interim/unpacked/uzbekistan/l2cu_v03/l2cu_cati_household_data_82.csv,household-round,gas_disruption,55,1490,676,676
uzbekistan,L2CU 2018-2025,data/interim/unpacked/uzbekistan/l2cu_v03/l2cu_cati_household_data_82.csv,household-round,gas_disruption,56,1489,665,665
uzbekistan,L2CU 2018-2025,data/interim/unpacked/uzbekistan/l2cu_v03/l2cu_cati_household_data_82.csv,household-round,gas_disruption,57,1488,664,664
uzbekistan,L2CU 2018-2025,data/interim/unpacked/uzbekistan/l2cu_v03/l2cu_cati_household_data_82.csv,household-round,gas_disruption,58,1486,767,767
uzbekistan,L2CU 2018-2025,data/interim/unpacked/uzbekistan/l2cu_v03/l2cu_cati_household_data_82.csv,household-round,gas_disruption,59,1484,780,780
uzbekistan,L2CU 2018-2025,data/interim/unpacked/uzbekistan/l2cu_v03/l2cu_cati_household_data_82.csv,household-round,gas_disruption,60,1451,741,741
uzbekistan,L2CU 2018-2025,data/interim/unpacked/uzbekistan/l2cu_v03/l2cu_cati_household_data_82.csv,household-round,gas_disruption,61,1439,741,741
uzbekistan,L2CU 2018-2025,data/interim/unpacked/uzbekistan/l2cu_v03/l2cu_cati_household_data_82.csv,household-round,gas_disruption,62,1429,738,738
uzbekistan,L2CU 2018-2025,data/interim/unpacked/uzbekistan/l2cu_v03/l2cu_cati_household_data_82.csv,household-round,gas_disruption,63,1423,747,747
uzbekistan,L2CU 2018-2025,data/interim/unpacked/uzbekistan/l2cu_v03/l2cu_cati_household_data_82.csv,household-round,gas_disruption,64,1400,743,743
uzbekistan,L2CU 2018-2025,data/interim/unpacked/uzbekistan/l2cu_v03/l2cu_cati_household_data_82.csv,household-round,gas_disruption,65,1383,740,740
uzbekistan,L2CU 2018-2025,data/interim/unpacked/uzbekistan/l2cu_v03/l2cu_cati_household_data_82.csv,household-round,gas_disruption,66,1378,746,746
uzbekistan,L2CU 2018-2025,data/interim/unpacked/uzbekistan/l2cu_v03/l2cu_cati_household_data_82.csv,household-round,gas_disruption,67,1412,648,648
uzbekistan,L2CU 2018-2025,data/interim/unpacked/uzbekistan/l2cu_v03/l2cu_cati_household_data_82.csv,household-round,gas_disruption,68,1406,633,633
uzbekistan,L2CU 2018-2025,data/interim/unpacked/uzbekistan/l2cu_v03/l2cu_cati_household_data_82.csv,household-round,gas_disruption,69,1399,628,628
uzbekistan,L2CU 2018-2025,data/interim/unpacked/uzbekistan/l2cu_v03/l2cu_cati_household_data_82.csv,household-round,gas_disruption,70,1373,614,614
uzbekistan,L2CU 2018-2025,data/interim/unpacked/uzbekistan/l2cu_v03/l2cu_cati_household_data_82.csv,household-round,gas_disruption,71,1357,594,594
uzbekistan,L2CU 2018-2025,data/interim/unpacked/uzbekistan/l2cu_v03/l2cu_cati_household_data_82.csv,household-round,gas_disruption,72,1320,577,577
uzbekistan,L2CU 2018-2025,data/interim/unpacked/uzbekistan/l2cu_v03/l2cu_cati_household_data_82.csv,household-round,gas_disruption,73,1289,556,556
uzbekistan,L2CU 2018-2025,data/interim/unpacked/uzbekistan/l2cu_v03/l2cu_cati_household_data_82.csv,household-round,gas_disruption,74,1278,551,551
uzbekistan,L2CU 2018-2025,data/interim/unpacked/uzbekistan/l2cu_v03/l2cu_cati_household_data_82.csv,household-round,gas_disruption,75,1275,559,559
uzbekistan,L2CU 2018-2025,data/interim/unpacked/uzbekistan/l2cu_v03/l2cu_cati_household_data_82.csv,household-round,gas_disruption,76,1564,682,682
uzbekistan,L2CU 2018-2025,data/interim/unpacked/uzbekistan/l2cu_v03/l2cu_cati_household_data_82.csv,household-round,gas_disruption,77,1538,705,705
uzbekistan,L2CU 2018-2025,data/interim/unpacked/uzbekistan/l2cu_v03/l2cu_cati_household_data_82.csv,household-round,gas_disruption,78,1514,775,775
uzbekistan,L2CU 2018-2025,data/interim/unpacked/uzbekistan/l2cu_v03/l2cu_cati_household_data_82.csv,household-round,gas_disruption,79,1492,765,765
uzbekistan,L2CU 2018-2025,data/interim/unpacked/uzbekistan/l2cu_v03/l2cu_cati_household_data_82.csv,household-round,gas_disruption,80,1478,742,742
uzbekistan,L2CU 2018-2025,data/interim/unpacked/uzbekistan/l2cu_v03/l2cu_cati_household_data_82.csv,household-round,gas_disruption,81,1464,732,732
uzbekistan,L2CU 2018-2025,data/interim/unpacked/uzbekistan/l2cu_v03/l2cu_cati_household_data_82.csv,household-round,gas_disruption,82,1463,704,704
uzbekistan,L2CU 2018-2025,data/interim/unpacked/uzbekistan/l2cu_v03/l2cu_cati_household_data_82.csv,household-round,heat_disruption,1,1504,1,1
uzbekistan,L2CU 2018-2025,data/interim/unpacked/uzbekistan/l2cu_v03/l2cu_cati_household_data_82.csv,household-round,heat_disruption,2,1507,1,1
uzbekistan,L2CU 2018-2025,data/interim/unpacked/uzbekistan/l2cu_v03/l2cu_cati_household_data_82.csv,household-round,heat_disruption,3,1520,1094,1094
uzbekistan,L2CU 2018-2025,data/interim/unpacked/uzbekistan/l2cu_v03/l2cu_cati_household_data_82.csv,household-round,heat_disruption,4,1520,1183,1183
uzbekistan,L2CU 2018-2025,data/interim/unpacked/uzbekistan/l2cu_v03/l2cu_cati_household_data_82.csv,household-round,heat_disruption,5,1524,1194,1194
uzbekistan,L2CU 2018-2025,data/interim/unpacked/uzbekistan/l2cu_v03/l2cu_cati_household_data_82.csv,household-round,heat_disruption,6,1524,1237,1237
uzbekistan,L2CU 2018-2025,data/interim/unpacked/uzbekistan/l2cu_v03/l2cu_cati_household_data_82.csv,household-round,heat_disruption,7,1524,1245,1245
uzbekistan,L2CU 2018-2025,data/interim/unpacked/uzbekistan/l2cu_v03/l2cu_cati_household_data_82.csv,household-round,heat_disruption,8,1523,1165,1165
uzbekistan,L2CU 2018-2025,data/interim/unpacked/uzbekistan/l2cu_v03/l2cu_cati_household_data_82.csv,household-round,heat_disruption,9,1522,282,282
uzbekistan,L2CU 2018-2025,data/interim/unpacked/uzbekistan/l2cu_v03/l2cu_cati_household_data_82.csv,household-round,heat_disruption,10,1525,2,2
uzbekistan,L2CU 2018-2025,data/interim/unpacked/uzbekistan/l2cu_v03/l2cu_cati_household_data_82.csv,household-round,heat_disruption,11,1523,5,5
uzbekistan,L2CU 2018-2025,data/interim/unpacked/uzbekistan/l2cu_v03/l2cu_cati_household_data_82.csv,household-round,heat_disruption,12,1521,6,6
uzbekistan,L2CU 2018-2025,data/interim/unpacked/uzbekistan/l2cu_v03/l2cu_cati_household_data_82.csv,household-round,heat_disruption,13,1507,0,0
uzbekistan,L2CU 2018-2025,data/interim/unpacked/uzbekistan/l2cu_v03/l2cu_cati_household_data_82.csv,household-round,heat_disruption,14,1519,3,3
uzbekistan,L2CU 2018-2025,data/interim/unpacked/uzbekistan/l2cu_v03/l2cu_cati_household_data_82.csv,household-round,heat_disruption,15,1523,507,507
uzbekistan,L2CU 2018-2025,data/interim/unpacked/uzbekistan/l2cu_v03/l2cu_cati_household_data_82.csv,household-round,heat_disruption,16,1521,959,959
uzbekistan,L2CU 2018-2025,data/interim/unpacked/uzbekistan/l2cu_v03/l2cu_cati_household_data_82.csv,household-round,heat_disruption,17,1521,949,949
uzbekistan,L2CU 2018-2025,data/interim/unpacked/uzbekistan/l2cu_v03/l2cu_cati_household_data_82.csv,household-round,heat_disruption,18,1522,970,970
uzbekistan,L2CU 2018-2025,data/interim/unpacked/uzbekistan/l2cu_v03/l2cu_cati_household_data_82.csv,household-round,heat_disruption,19,1522,901,901
uzbekistan,L2CU 2018-2025,data/interim/unpacked/uzbekistan/l2cu_v03/l2cu_cati_household_data_82.csv,household-round,heat_disruption,20,1521,872,872
uzbekistan,L2CU 2018-2025,data/interim/unpacked/uzbekistan/l2cu_v03/l2cu_cati_household_data_82.csv,household-round,heat_disruption,21,1521,225,225
uzbekistan,L2CU 2018-2025,data/interim/unpacked/uzbekistan/l2cu_v03/l2cu_cati_household_data_82.csv,household-round,heat_disruption,22,1520,4,4
uzbekistan,L2CU 2018-2025,data/interim/unpacked/uzbekistan/l2cu_v03/l2cu_cati_household_data_82.csv,household-round,heat_disruption,23,1517,4,4
uzbekistan,L2CU 2018-2025,data/interim/unpacked/uzbekistan/l2cu_v03/l2cu_cati_household_data_82.csv,household-round,heat_disruption,24,1516,5,5
uzbekistan,L2CU 2018-2025,data/interim/unpacked/uzbekistan/l2cu_v03/l2cu_cati_household_data_82.csv,household-round,heat_disruption,25,1516,6,6
uzbekistan,L2CU 2018-2025,data/interim/unpacked/uzbekistan/l2cu_v03/l2cu_cati_household_data_82.csv,household-round,heat_disruption,26,1514,52,52
uzbekistan,L2CU 2018-2025,data/interim/unpacked/uzbekistan/l2cu_v03/l2cu_cati_household_data_82.csv,household-round,heat_disruption,27,1514,625,625
uzbekistan,L2CU 2018-2025,data/interim/unpacked/uzbekistan/l2cu_v03/l2cu_cati_household_data_82.csv,household-round,heat_disruption,28,1513,1009,1009
uzbekistan,L2CU 2018-2025,data/interim/unpacked/uzbekistan/l2cu_v03/l2cu_cati_household_data_82.csv,household-round,heat_disruption,29,1512,918,918
uzbekistan,L2CU 2018-2025,data/interim/unpacked/uzbekistan/l2cu_v03/l2cu_cati_household_data_82.csv,household-round,heat_disruption,30,1510,809,809
uzbekistan,L2CU 2018-2025,data/interim/unpacked/uzbekistan/l2cu_v03/l2cu_cati_household_data_82.csv,household-round,heat_disruption,31,1512,719,719
uzbekistan,L2CU 2018-2025,data/interim/unpacked/uzbekistan/l2cu_v03/l2cu_cati_household_data_82.csv,household-round,heat_disruption,32,1511,573,573
uzbekistan,L2CU 2018-2025,data/interim/unpacked/uzbekistan/l2cu_v03/l2cu_cati_household_data_82.csv,household-round,heat_disruption,33,1511,42,42
uzbekistan,L2CU 2018-2025,data/interim/unpacked/uzbekistan/l2cu_v03/l2cu_cati_household_data_82.csv,household-round,heat_disruption,34,1511,2,2
uzbekistan,L2CU 2018-2025,data/interim/unpacked/uzbekistan/l2cu_v03/l2cu_cati_household_data_82.csv,household-round,heat_disruption,35,1511,5,5
uzbekistan,L2CU 2018-2025,data/interim/unpacked/uzbekistan/l2cu_v03/l2cu_cati_household_data_82.csv,household-round,heat_disruption,36,1511,7,7
uzbekistan,L2CU 2018-2025,data/interim/unpacked/uzbekistan/l2cu_v03/l2cu_cati_household_data_82.csv,household-round,heat_disruption,37,1510,3,3
uzbekistan,L2CU 2018-2025,data/interim/unpacked/uzbekistan/l2cu_v03/l2cu_cati_household_data_82.csv,household-round,heat_disruption,38,1509,292,292
uzbekistan,L2CU 2018-2025,data/interim/unpacked/uzbekistan/l2cu_v03/l2cu_cati_household_data_82.csv,household-round,heat_disruption,39,1508,853,853
uzbekistan,L2CU 2018-2025,data/interim/unpacked/uzbekistan/l2cu_v03/l2cu_cati_household_data_82.csv,household-round,heat_disruption,40,1507,1053,1053
uzbekistan,L2CU 2018-2025,data/interim/unpacked/uzbekistan/l2cu_v03/l2cu_cati_household_data_82.csv,household-round,heat_disruption,41,1505,1166,1166
uzbekistan,L2CU 2018-2025,data/interim/unpacked/uzbekistan/l2cu_v03/l2cu_cati_household_data_82.csv,household-round,heat_disruption,42,1507,1230,1230
uzbekistan,L2CU 2018-2025,data/interim/unpacked/uzbekistan/l2cu_v03/l2cu_cati_household_data_82.csv,household-round,heat_disruption,43,1508,1305,1305
uzbekistan,L2CU 2018-2025,data/interim/unpacked/uzbekistan/l2cu_v03/l2cu_cati_household_data_82.csv,household-round,heat_disruption,44,1508,591,591
uzbekistan,L2CU 2018-2025,data/interim/unpacked/uzbekistan/l2cu_v03/l2cu_cati_household_data_82.csv,household-round,heat_disruption,45,1508,8,8
uzbekistan,L2CU 2018-2025,data/interim/unpacked/uzbekistan/l2cu_v03/l2cu_cati_household_data_82.csv,household-round,heat_disruption,46,1507,4,4
uzbekistan,L2CU 2018-2025,data/interim/unpacked/uzbekistan/l2cu_v03/l2cu_cati_household_data_82.csv,household-round,heat_disruption,47,1504,2,2
uzbekistan,L2CU 2018-2025,data/interim/unpacked/uzbekistan/l2cu_v03/l2cu_cati_household_data_82.csv,household-round,heat_disruption,48,1499,5,5
uzbekistan,L2CU 2018-2025,data/interim/unpacked/uzbekistan/l2cu_v03/l2cu_cati_household_data_82.csv,household-round,heat_disruption,49,1498,5,5
uzbekistan,L2CU 2018-2025,data/interim/unpacked/uzbekistan/l2cu_v03/l2cu_cati_household_data_82.csv,household-round,heat_disruption,50,1495,94,94
uzbekistan,L2CU 2018-2025,data/interim/unpacked/uzbekistan/l2cu_v03/l2cu_cati_household_data_82.csv,household-round,heat_disruption,51,1494,881,881
uzbekistan,L2CU 2018-2025,data/interim/unpacked/uzbekistan/l2cu_v03/l2cu_cati_household_data_82.csv,household-round,heat_disruption,52,1494,1079,1079
uzbekistan,L2CU 2018-2025,data/interim/unpacked/uzbekistan/l2cu_v03/l2cu_cati_household_data_82.csv,household-round,heat_disruption,53,1491,1057,1057
uzbekistan,L2CU 2018-2025,data/interim/unpacked/uzbekistan/l2cu_v03/l2cu_cati_household_data_82.csv,household-round,heat_disruption,54,1491,1032,1032
uzbekistan,L2CU 2018-2025,data/interim/unpacked/uzbekistan/l2cu_v03/l2cu_cati_household_data_82.csv,household-round,heat_disruption,55,1490,812,812
uzbekistan,L2CU 2018-2025,data/interim/unpacked/uzbekistan/l2cu_v03/l2cu_cati_household_data_82.csv,household-round,heat_disruption,56,1489,99,99
uzbekistan,L2CU 2018-2025,data/interim/unpacked/uzbekistan/l2cu_v03/l2cu_cati_household_data_82.csv,household-round,heat_disruption,57,1488,20,20
uzbekistan,L2CU 2018-2025,data/interim/unpacked/uzbekistan/l2cu_v03/l2cu_cati_household_data_82.csv,household-round,heat_disruption,58,1486,4,4
uzbekistan,L2CU 2018-2025,data/interim/unpacked/uzbekistan/l2cu_v03/l2cu_cati_household_data_82.csv,household-round,heat_disruption,59,1484,8,8
uzbekistan,L2CU 2018-2025,data/interim/unpacked/uzbekistan/l2cu_v03/l2cu_cati_household_data_82.csv,household-round,heat_disruption,60,1451,7,7
uzbekistan,L2CU 2018-2025,data/interim/unpacked/uzbekistan/l2cu_v03/l2cu_cati_household_data_82.csv,household-round,heat_disruption,61,1439,6,6
uzbekistan,L2CU 2018-2025,data/interim/unpacked/uzbekistan/l2cu_v03/l2cu_cati_household_data_82.csv,household-round,heat_disruption,62,1429,48,48
uzbekistan,L2CU 2018-2025,data/interim/unpacked/uzbekistan/l2cu_v03/l2cu_cati_household_data_82.csv,household-round,heat_disruption,63,1423,444,444
uzbekistan,L2CU 2018-2025,data/interim/unpacked/uzbekistan/l2cu_v03/l2cu_cati_household_data_82.csv,household-round,heat_disruption,64,1400,860,860
uzbekistan,L2CU 2018-2025,data/interim/unpacked/uzbekistan/l2cu_v03/l2cu_cati_household_data_82.csv,household-round,heat_disruption,65,1383,1292,1292
uzbekistan,L2CU 2018-2025,data/interim/unpacked/uzbekistan/l2cu_v03/l2cu_cati_household_data_82.csv,household-round,heat_disruption,66,1378,1261,1261
uzbekistan,L2CU 2018-2025,data/interim/unpacked/uzbekistan/l2cu_v03/l2cu_cati_household_data_82.csv,household-round,heat_disruption,67,1412,1315,1315
uzbekistan,L2CU 2018-2025,data/interim/unpacked/uzbekistan/l2cu_v03/l2cu_cati_household_data_82.csv,household-round,heat_disruption,68,1406,716,716
uzbekistan,L2CU 2018-2025,data/interim/unpacked/uzbekistan/l2cu_v03/l2cu_cati_household_data_82.csv,household-round,heat_disruption,69,1399,7,7
uzbekistan,L2CU 2018-2025,data/interim/unpacked/uzbekistan/l2cu_v03/l2cu_cati_household_data_82.csv,household-round,heat_disruption,70,1373,0,0
uzbekistan,L2CU 2018-2025,data/interim/unpacked/uzbekistan/l2cu_v03/l2cu_cati_household_data_82.csv,household-round,heat_disruption,71,1357,0,0
uzbekistan,L2CU 2018-2025,data/interim/unpacked/uzbekistan/l2cu_v03/l2cu_cati_household_data_82.csv,household-round,heat_disruption,72,1320,0,0
uzbekistan,L2CU 2018-2025,data/interim/unpacked/uzbekistan/l2cu_v03/l2cu_cati_household_data_82.csv,household-round,heat_disruption,73,1289,0,0
uzbekistan,L2CU 2018-2025,data/interim/unpacked/uzbekistan/l2cu_v03/l2cu_cati_household_data_82.csv,household-round,heat_disruption,74,1278,82,82
uzbekistan,L2CU 2018-2025,data/interim/unpacked/uzbekistan/l2cu_v03/l2cu_cati_household_data_82.csv,household-round,heat_disruption,75,1275,880,880
uzbekistan,L2CU 2018-2025,data/interim/unpacked/uzbekistan/l2cu_v03/l2cu_cati_household_data_82.csv,household-round,heat_disruption,76,1564,1353,1353
uzbekistan,L2CU 2018-2025,data/interim/unpacked/uzbekistan/l2cu_v03/l2cu_cati_household_data_82.csv,household-round,heat_disruption,77,1538,1282,1282
uzbekistan,L2CU 2018-2025,data/interim/unpacked/uzbekistan/l2cu_v03/l2cu_cati_household_data_82.csv,household-round,heat_disruption,78,1514,1395,1395
uzbekistan,L2CU 2018-2025,data/interim/unpacked/uzbekistan/l2cu_v03/l2cu_cati_household_data_82.csv,household-round,heat_disruption,79,1492,1368,1368
uzbekistan,L2CU 2018-2025,data/interim/unpacked/uzbekistan/l2cu_v03/l2cu_cati_household_data_82.csv,household-round,heat_disruption,80,1478,264,264
uzbekistan,L2CU 2018-2025,data/interim/unpacked/uzbekistan/l2cu_v03/l2cu_cati_household_data_82.csv,household-round,heat_disruption,81,1464,2,2
uzbekistan,L2CU 2018-2025,data/interim/unpacked/uzbekistan/l2cu_v03/l2cu_cati_household_data_82.csv,household-round,heat_disruption,82,1463,1,1
uzbekistan,L2CU 2018-2025,data/interim/unpacked/uzbekistan/l2cu_v03/l2cu_cati_household_data_82.csv,household-round,change_important,1,1504,1502,1502
uzbekistan,L2CU 2018-2025,data/interim/unpacked/uzbekistan/l2cu_v03/l2cu_cati_household_data_82.csv,household-round,change_important,2,1507,1507,1507
uzbekistan,L2CU 2018-2025,data/interim/unpacked/uzbekistan/l2cu_v03/l2cu_cati_household_data_82.csv,household-round,change_important,3,1520,1520,1520
uzbekistan,L2CU 2018-2025,data/interim/unpacked/uzbekistan/l2cu_v03/l2cu_cati_household_data_82.csv,household-round,change_important,4,1520,1520,1520
uzbekistan,L2CU 2018-2025,data/interim/unpacked/uzbekistan/l2cu_v03/l2cu_cati_household_data_82.csv,household-round,change_important,5,1524,1524,1524
uzbekistan,L2CU 2018-2025,data/interim/unpacked/uzbekistan/l2cu_v03/l2cu_cati_household_data_82.csv,household-round,change_important,6,1524,1524,1524
uzbekistan,L2CU 2018-2025,data/interim/unpacked/uzbekistan/l2cu_v03/l2cu_cati_household_data_82.csv,household-round,change_important,7,1524,1524,1524
uzbekistan,L2CU 2018-2025,data/interim/unpacked/uzbekistan/l2cu_v03/l2cu_cati_household_data_82.csv,household-round,change_important,8,1523,1523,1523
uzbekistan,L2CU 2018-2025,data/interim/unpacked/uzbekistan/l2cu_v03/l2cu_cati_household_data_82.csv,household-round,change_important,9,1522,1522,1522
uzbekistan,L2CU 2018-2025,data/interim/unpacked/uzbekistan/l2cu_v03/l2cu_cati_household_data_82.csv,household-round,change_important,10,1525,1525,1525
uzbekistan,L2CU 2018-2025,data/interim/unpacked/uzbekistan/l2cu_v03/l2cu_cati_household_data_82.csv,household-round,change_important,11,1523,1523,1523
uzbekistan,L2CU 2018-2025,data/interim/unpacked/uzbekistan/l2cu_v03/l2cu_cati_household_data_82.csv,household-round,change_important,12,1521,1521,1521
uzbekistan,L2CU 2018-2025,data/interim/unpacked/uzbekistan/l2cu_v03/l2cu_cati_household_data_82.csv,household-round,change_important,13,1507,1507,1507
uzbekistan,L2CU 2018-2025,data/interim/unpacked/uzbekistan/l2cu_v03/l2cu_cati_household_data_82.csv,household-round,change_important,14,1519,1519,1519
uzbekistan,L2CU 2018-2025,data/interim/unpacked/uzbekistan/l2cu_v03/l2cu_cati_household_data_82.csv,household-round,change_important,15,1523,1523,1523
uzbekistan,L2CU 2018-2025,data/interim/unpacked/uzbekistan/l2cu_v03/l2cu_cati_household_data_82.csv,household-round,change_important,16,1521,1521,1521
uzbekistan,L2CU 2018-2025,data/interim/unpacked/uzbekistan/l2cu_v03/l2cu_cati_household_data_82.csv,household-round,change_important,17,1521,1521,1521
uzbekistan,L2CU 2018-2025,data/interim/unpacked/uzbekistan/l2cu_v03/l2cu_cati_household_data_82.csv,household-round,change_important,18,1522,1522,1522
uzbekistan,L2CU 2018-2025,data/interim/unpacked/uzbekistan/l2cu_v03/l2cu_cati_household_data_82.csv,household-round,change_important,19,1522,1522,1522
uzbekistan,L2CU 2018-2025,data/interim/unpacked/uzbekistan/l2cu_v03/l2cu_cati_household_data_82.csv,household-round,change_important,20,1521,1521,1521
uzbekistan,L2CU 2018-2025,data/interim/unpacked/uzbekistan/l2cu_v03/l2cu_cati_household_data_82.csv,household-round,change_important,21,1521,1521,1521
uzbekistan,L2CU 2018-2025,data/interim/unpacked/uzbekistan/l2cu_v03/l2cu_cati_household_data_82.csv,household-round,change_important,22,1520,1520,1520
uzbekistan,L2CU 2018-2025,data/interim/unpacked/uzbekistan/l2cu_v03/l2cu_cati_household_data_82.csv,household-round,change_important,23,1517,1517,1517
uzbekistan,L2CU 2018-2025,data/interim/unpacked/uzbekistan/l2cu_v03/l2cu_cati_household_data_82.csv,household-round,change_important,24,1516,1516,1516
uzbekistan,L2CU 2018-2025,data/interim/unpacked/uzbekistan/l2cu_v03/l2cu_cati_household_data_82.csv,household-round,change_important,25,1516,1516,1516
uzbekistan,L2CU 2018-2025,data/interim/unpacked/uzbekistan/l2cu_v03/l2cu_cati_household_data_82.csv,household-round,change_important,26,1514,1514,1514
uzbekistan,L2CU 2018-2025,data/interim/unpacked/uzbekistan/l2cu_v03/l2cu_cati_household_data_82.csv,household-round,change_important,27,1514,1514,1514
uzbekistan,L2CU 2018-2025,data/interim/unpacked/uzbekistan/l2cu_v03/l2cu_cati_household_data_82.csv,household-round,change_important,28,1513,1513,1513
uzbekistan,L2CU 2018-2025,data/interim/unpacked/uzbekistan/l2cu_v03/l2cu_cati_household_data_82.csv,household-round,change_important,29,1512,1512,1512
uzbekistan,L2CU 2018-2025,data/interim/unpacked/uzbekistan/l2cu_v03/l2cu_cati_household_data_82.csv,household-round,change_important,30,1510,1510,1510
uzbekistan,L2CU 2018-2025,data/interim/unpacked/uzbekistan/l2cu_v03/l2cu_cati_household_data_82.csv,household-round,change_important,31,1512,1512,1512
uzbekistan,L2CU 2018-2025,data/interim/unpacked/uzbekistan/l2cu_v03/l2cu_cati_household_data_82.csv,household-round,change_important,32,1511,1511,1511
uzbekistan,L2CU 2018-2025,data/interim/unpacked/uzbekistan/l2cu_v03/l2cu_cati_household_data_82.csv,household-round,change_important,33,1511,1511,1511
uzbekistan,L2CU 2018-2025,data/interim/unpacked/uzbekistan/l2cu_v03/l2cu_cati_household_data_82.csv,household-round,change_important,34,1511,1511,1511
uzbekistan,L2CU 2018-2025,data/interim/unpacked/uzbekistan/l2cu_v03/l2cu_cati_household_data_82.csv,household-round,change_important,35,1511,1511,1511
uzbekistan,L2CU 2018-2025,data/interim/unpacked/uzbekistan/l2cu_v03/l2cu_cati_household_data_82.csv,household-round,change_important,36,1511,1511,1511
uzbekistan,L2CU 2018-2025,data/interim/unpacked/uzbekistan/l2cu_v03/l2cu_cati_household_data_82.csv,household-round,change_important,37,1510,1510,1510
uzbekistan,L2CU 2018-2025,data/interim/unpacked/uzbekistan/l2cu_v03/l2cu_cati_household_data_82.csv,household-round,change_important,38,1509,1509,1509
uzbekistan,L2CU 2018-2025,data/interim/unpacked/uzbekistan/l2cu_v03/l2cu_cati_household_data_82.csv,household-round,change_important,39,1508,1508,1508
uzbekistan,L2CU 2018-2025,data/interim/unpacked/uzbekistan/l2cu_v03/l2cu_cati_household_data_82.csv,household-round,change_important,40,1507,1507,1507
uzbekistan,L2CU 2018-2025,data/interim/unpacked/uzbekistan/l2cu_v03/l2cu_cati_household_data_82.csv,household-round,change_important,41,1505,1505,1505
uzbekistan,L2CU 2018-2025,data/interim/unpacked/uzbekistan/l2cu_v03/l2cu_cati_household_data_82.csv,household-round,change_important,42,1507,1507,1507
uzbekistan,L2CU 2018-2025,data/interim/unpacked/uzbekistan/l2cu_v03/l2cu_cati_household_data_82.csv,household-round,change_important,43,1508,1508,1508
uzbekistan,L2CU 2018-2025,data/interim/unpacked/uzbekistan/l2cu_v03/l2cu_cati_household_data_82.csv,household-round,change_important,44,1508,1508,1508
uzbekistan,L2CU 2018-2025,data/interim/unpacked/uzbekistan/l2cu_v03/l2cu_cati_household_data_82.csv,household-round,change_important,45,1508,1508,1508
uzbekistan,L2CU 2018-2025,data/interim/unpacked/uzbekistan/l2cu_v03/l2cu_cati_household_data_82.csv,household-round,change_important,46,1507,1507,1507
uzbekistan,L2CU 2018-2025,data/interim/unpacked/uzbekistan/l2cu_v03/l2cu_cati_household_data_82.csv,household-round,change_important,47,1504,1504,1504
uzbekistan,L2CU 2018-2025,data/interim/unpacked/uzbekistan/l2cu_v03/l2cu_cati_household_data_82.csv,household-round,change_important,48,1499,1499,1499
uzbekistan,L2CU 2018-2025,data/interim/unpacked/uzbekistan/l2cu_v03/l2cu_cati_household_data_82.csv,household-round,change_important,49,1498,1498,1498
uzbekistan,L2CU 2018-2025,data/interim/unpacked/uzbekistan/l2cu_v03/l2cu_cati_household_data_82.csv,household-round,change_important,50,1495,1495,1495
uzbekistan,L2CU 2018-2025,data/interim/unpacked/uzbekistan/l2cu_v03/l2cu_cati_household_data_82.csv,household-round,change_important,51,1494,1494,1494
uzbekistan,L2CU 2018-2025,data/interim/unpacked/uzbekistan/l2cu_v03/l2cu_cati_household_data_82.csv,household-round,change_important,52,1494,1494,1494
uzbekistan,L2CU 2018-2025,data/interim/unpacked/uzbekistan/l2cu_v03/l2cu_cati_household_data_82.csv,household-round,change_important,53,1491,1491,1491
uzbekistan,L2CU 2018-2025,data/interim/unpacked/uzbekistan/l2cu_v03/l2cu_cati_household_data_82.csv,household-round,change_important,54,1491,1491,1491
uzbekistan,L2CU 2018-2025,data/interim/unpacked/uzbekistan/l2cu_v03/l2cu_cati_household_data_82.csv,household-round,change_important,55,1490,1490,1490
uzbekistan,L2CU 2018-2025,data/interim/unpacked/uzbekistan/l2cu_v03/l2cu_cati_household_data_82.csv,household-round,change_important,56,1489,1489,1489
uzbekistan,L2CU 2018-2025,data/interim/unpacked/uzbekistan/l2cu_v03/l2cu_cati_household_data_82.csv,household-round,change_important,57,1488,1488,1488
uzbekistan,L2CU 2018-2025,data/interim/unpacked/uzbekistan/l2cu_v03/l2cu_cati_household_data_82.csv,household-round,change_important,58,1486,1486,1486
uzbekistan,L2CU 2018-2025,data/interim/unpacked/uzbekistan/l2cu_v03/l2cu_cati_household_data_82.csv,household-round,change_important,59,1484,1484,1484
uzbekistan,L2CU 2018-2025,data/interim/unpacked/uzbekistan/l2cu_v03/l2cu_cati_household_data_82.csv,household-round,change_important,60,1451,1451,1451
uzbekistan,L2CU 2018-2025,data/interim/unpacked/uzbekistan/l2cu_v03/l2cu_cati_household_data_82.csv,household-round,change_important,61,1439,1439,1439
uzbekistan,L2CU 2018-2025,data/interim/unpacked/uzbekistan/l2cu_v03/l2cu_cati_household_data_82.csv,household-round,change_important,62,1429,1429,1429
uzbekistan,L2CU 2018-2025,data/interim/unpacked/uzbekistan/l2cu_v03/l2cu_cati_household_data_82.csv,household-round,change_important,63,1423,1423,1423
uzbekistan,L2CU 2018-2025,data/interim/unpacked/uzbekistan/l2cu_v03/l2cu_cati_household_data_82.csv,household-round,change_important,64,1400,1400,1400
uzbekistan,L2CU 2018-2025,data/interim/unpacked/uzbekistan/l2cu_v03/l2cu_cati_household_data_82.csv,household-round,change_important,65,1383,1383,1383
uzbekistan,L2CU 2018-2025,data/interim/unpacked/uzbekistan/l2cu_v03/l2cu_cati_household_data_82.csv,household-round,change_important,66,1378,1378,1378
uzbekistan,L2CU 2018-2025,data/interim/unpacked/uzbekistan/l2cu_v03/l2cu_cati_household_data_82.csv,household-round,change_important,67,1412,1412,1412
uzbekistan,L2CU 2018-2025,data/interim/unpacked/uzbekistan/l2cu_v03/l2cu_cati_household_data_82.csv,household-round,change_important,68,1406,1406,1406
uzbekistan,L2CU 2018-2025,data/interim/unpacked/uzbekistan/l2cu_v03/l2cu_cati_household_data_82.csv,household-round,change_important,69,1399,1399,1399
uzbekistan,L2CU 2018-2025,data/interim/unpacked/uzbekistan/l2cu_v03/l2cu_cati_household_data_82.csv,household-round,change_important,70,1373,1373,1373
uzbekistan,L2CU 2018-2025,data/interim/unpacked/uzbekistan/l2cu_v03/l2cu_cati_household_data_82.csv,household-round,change_important,71,1357,1357,1357
uzbekistan,L2CU 2018-2025,data/interim/unpacked/uzbekistan/l2cu_v03/l2cu_cati_household_data_82.csv,household-round,change_important,72,1320,1320,1320
uzbekistan,L2CU 2018-2025,data/interim/unpacked/uzbekistan/l2cu_v03/l2cu_cati_household_data_82.csv,household-round,change_important,73,1289,1289,1289
uzbekistan,L2CU 2018-2025,data/interim/unpacked/uzbekistan/l2cu_v03/l2cu_cati_household_data_82.csv,household-round,change_important,74,1278,1278,1278
uzbekistan,L2CU 2018-2025,data/interim/unpacked/uzbekistan/l2cu_v03/l2cu_cati_household_data_82.csv,household-round,change_important,75,1275,1275,1275
uzbekistan,L2CU 2018-2025,data/interim/unpacked/uzbekistan/l2cu_v03/l2cu_cati_household_data_82.csv,household-round,change_important,76,1564,1564,1564
uzbekistan,L2CU 2018-2025,data/interim/unpacked/uzbekistan/l2cu_v03/l2cu_cati_household_data_82.csv,household-round,change_important,77,1538,1538,1538
uzbekistan,L2CU 2018-2025,data/interim/unpacked/uzbekistan/l2cu_v03/l2cu_cati_household_data_82.csv,household-round,change_important,78,1514,1514,1514
uzbekistan,L2CU 2018-2025,data/interim/unpacked/uzbekistan/l2cu_v03/l2cu_cati_household_data_82.csv,household-round,change_important,79,1492,1492,1492
uzbekistan,L2CU 2018-2025,data/interim/unpacked/uzbekistan/l2cu_v03/l2cu_cati_household_data_82.csv,household-round,change_important,80,1478,1478,1478
uzbekistan,L2CU 2018-2025,data/interim/unpacked/uzbekistan/l2cu_v03/l2cu_cati_household_data_82.csv,household-round,change_important,81,1464,1464,1464
uzbekistan,L2CU 2018-2025,data/interim/unpacked/uzbekistan/l2cu_v03/l2cu_cati_household_data_82.csv,household-round,change_important,82,1463,1463,1463
uzbekistan,L2CU 2018-2025,data/interim/unpacked/uzbekistan/l2cu_v03/l2cu_cati_household_data_82.csv,household-round,change_important_type,1,1504,164,164
uzbekistan,L2CU 2018-2025,data/interim/unpacked/uzbekistan/l2cu_v03/l2cu_cati_household_data_82.csv,household-round,change_important_type,2,1507,123,123
uzbekistan,L2CU 2018-2025,data/interim/unpacked/uzbekistan/l2cu_v03/l2cu_cati_household_data_82.csv,household-round,change_important_type,3,1520,72,72
uzbekistan,L2CU 2018-2025,data/interim/unpacked/uzbekistan/l2cu_v03/l2cu_cati_household_data_82.csv,household-round,change_important_type,4,1520,79,79
uzbekistan,L2CU 2018-2025,data/interim/unpacked/uzbekistan/l2cu_v03/l2cu_cati_household_data_82.csv,household-round,change_important_type,5,1524,60,60
uzbekistan,L2CU 2018-2025,data/interim/unpacked/uzbekistan/l2cu_v03/l2cu_cati_household_data_82.csv,household-round,change_important_type,6,1524,36,36
uzbekistan,L2CU 2018-2025,data/interim/unpacked/uzbekistan/l2cu_v03/l2cu_cati_household_data_82.csv,household-round,change_important_type,7,1524,41,41
uzbekistan,L2CU 2018-2025,data/interim/unpacked/uzbekistan/l2cu_v03/l2cu_cati_household_data_82.csv,household-round,change_important_type,8,1523,46,46
uzbekistan,L2CU 2018-2025,data/interim/unpacked/uzbekistan/l2cu_v03/l2cu_cati_household_data_82.csv,household-round,change_important_type,9,1522,50,50
uzbekistan,L2CU 2018-2025,data/interim/unpacked/uzbekistan/l2cu_v03/l2cu_cati_household_data_82.csv,household-round,change_important_type,10,1525,30,30
uzbekistan,L2CU 2018-2025,data/interim/unpacked/uzbekistan/l2cu_v03/l2cu_cati_household_data_82.csv,household-round,change_important_type,11,1523,32,32
uzbekistan,L2CU 2018-2025,data/interim/unpacked/uzbekistan/l2cu_v03/l2cu_cati_household_data_82.csv,household-round,change_important_type,12,1521,32,32
uzbekistan,L2CU 2018-2025,data/interim/unpacked/uzbekistan/l2cu_v03/l2cu_cati_household_data_82.csv,household-round,change_important_type,13,1507,41,41
uzbekistan,L2CU 2018-2025,data/interim/unpacked/uzbekistan/l2cu_v03/l2cu_cati_household_data_82.csv,household-round,change_important_type,14,1519,30,30
uzbekistan,L2CU 2018-2025,data/interim/unpacked/uzbekistan/l2cu_v03/l2cu_cati_household_data_82.csv,household-round,change_important_type,15,1523,36,36
uzbekistan,L2CU 2018-2025,data/interim/unpacked/uzbekistan/l2cu_v03/l2cu_cati_household_data_82.csv,household-round,change_important_type,16,1521,36,36
uzbekistan,L2CU 2018-2025,data/interim/unpacked/uzbekistan/l2cu_v03/l2cu_cati_household_data_82.csv,household-round,change_important_type,17,1521,23,23
uzbekistan,L2CU 2018-2025,data/interim/unpacked/uzbekistan/l2cu_v03/l2cu_cati_household_data_82.csv,household-round,change_important_type,18,1522,28,28
uzbekistan,L2CU 2018-2025,data/interim/unpacked/uzbekistan/l2cu_v03/l2cu_cati_household_data_82.csv,household-round,change_important_type,19,1522,26,26
uzbekistan,L2CU 2018-2025,data/interim/unpacked/uzbekistan/l2cu_v03/l2cu_cati_household_data_82.csv,household-round,change_important_type,20,1521,8,8
uzbekistan,L2CU 2018-2025,data/interim/unpacked/uzbekistan/l2cu_v03/l2cu_cati_household_data_82.csv,household-round,change_important_type,21,1521,16,16
uzbekistan,L2CU 2018-2025,data/interim/unpacked/uzbekistan/l2cu_v03/l2cu_cati_household_data_82.csv,household-round,change_important_type,22,1520,19,19
uzbekistan,L2CU 2018-2025,data/interim/unpacked/uzbekistan/l2cu_v03/l2cu_cati_household_data_82.csv,household-round,change_important_type,23,1517,43,43
uzbekistan,L2CU 2018-2025,data/interim/unpacked/uzbekistan/l2cu_v03/l2cu_cati_household_data_82.csv,household-round,change_important_type,24,1516,44,44
uzbekistan,L2CU 2018-2025,data/interim/unpacked/uzbekistan/l2cu_v03/l2cu_cati_household_data_82.csv,household-round,change_important_type,25,1516,49,49
uzbekistan,L2CU 2018-2025,data/interim/unpacked/uzbekistan/l2cu_v03/l2cu_cati_household_data_82.csv,household-round,change_important_type,26,1514,71,71
uzbekistan,L2CU 2018-2025,data/interim/unpacked/uzbekistan/l2cu_v03/l2cu_cati_household_data_82.csv,household-round,change_important_type,27,1514,39,39
uzbekistan,L2CU 2018-2025,data/interim/unpacked/uzbekistan/l2cu_v03/l2cu_cati_household_data_82.csv,household-round,change_important_type,28,1513,38,38
uzbekistan,L2CU 2018-2025,data/interim/unpacked/uzbekistan/l2cu_v03/l2cu_cati_household_data_82.csv,household-round,change_important_type,29,1512,21,21
uzbekistan,L2CU 2018-2025,data/interim/unpacked/uzbekistan/l2cu_v03/l2cu_cati_household_data_82.csv,household-round,change_important_type,30,1510,7,7
uzbekistan,L2CU 2018-2025,data/interim/unpacked/uzbekistan/l2cu_v03/l2cu_cati_household_data_82.csv,household-round,change_important_type,31,1512,13,13
uzbekistan,L2CU 2018-2025,data/interim/unpacked/uzbekistan/l2cu_v03/l2cu_cati_household_data_82.csv,household-round,change_important_type,32,1511,7,7
uzbekistan,L2CU 2018-2025,data/interim/unpacked/uzbekistan/l2cu_v03/l2cu_cati_household_data_82.csv,household-round,change_important_type,33,1511,5,5
uzbekistan,L2CU 2018-2025,data/interim/unpacked/uzbekistan/l2cu_v03/l2cu_cati_household_data_82.csv,household-round,change_important_type,34,1511,5,5
uzbekistan,L2CU 2018-2025,data/interim/unpacked/uzbekistan/l2cu_v03/l2cu_cati_household_data_82.csv,household-round,change_important_type,35,1511,11,11
uzbekistan,L2CU 2018-2025,data/interim/unpacked/uzbekistan/l2cu_v03/l2cu_cati_household_data_82.csv,household-round,change_important_type,36,1511,11,11
uzbekistan,L2CU 2018-2025,data/interim/unpacked/uzbekistan/l2cu_v03/l2cu_cati_household_data_82.csv,household-round,change_important_type,37,1510,9,9
uzbekistan,L2CU 2018-2025,data/interim/unpacked/uzbekistan/l2cu_v03/l2cu_cati_household_data_82.csv,household-round,change_important_type,38,1509,15,15
uzbekistan,L2CU 2018-2025,data/interim/unpacked/uzbekistan/l2cu_v03/l2cu_cati_household_data_82.csv,household-round,change_important_type,39,1508,11,11
uzbekistan,L2CU 2018-2025,data/interim/unpacked/uzbekistan/l2cu_v03/l2cu_cati_household_data_82.csv,household-round,change_important_type,40,1507,9,9
uzbekistan,L2CU 2018-2025,data/interim/unpacked/uzbekistan/l2cu_v03/l2cu_cati_household_data_82.csv,household-round,change_important_type,41,1505,7,7
uzbekistan,L2CU 2018-2025,data/interim/unpacked/uzbekistan/l2cu_v03/l2cu_cati_household_data_82.csv,household-round,change_important_type,42,1507,20,20
uzbekistan,L2CU 2018-2025,data/interim/unpacked/uzbekistan/l2cu_v03/l2cu_cati_household_data_82.csv,household-round,change_important_type,43,1508,16,16
uzbekistan,L2CU 2018-2025,data/interim/unpacked/uzbekistan/l2cu_v03/l2cu_cati_household_data_82.csv,household-round,change_important_type,44,1508,15,15
uzbekistan,L2CU 2018-2025,data/interim/unpacked/uzbekistan/l2cu_v03/l2cu_cati_household_data_82.csv,household-round,change_important_type,45,1508,13,13
uzbekistan,L2CU 2018-2025,data/interim/unpacked/uzbekistan/l2cu_v03/l2cu_cati_household_data_82.csv,household-round,change_important_type,46,1507,19,19
uzbekistan,L2CU 2018-2025,data/interim/unpacked/uzbekistan/l2cu_v03/l2cu_cati_household_data_82.csv,household-round,change_important_type,47,1504,28,28
uzbekistan,L2CU 2018-2025,data/interim/unpacked/uzbekistan/l2cu_v03/l2cu_cati_household_data_82.csv,household-round,change_important_type,48,1499,18,18
uzbekistan,L2CU 2018-2025,data/interim/unpacked/uzbekistan/l2cu_v03/l2cu_cati_household_data_82.csv,household-round,change_important_type,49,1498,20,20
uzbekistan,L2CU 2018-2025,data/interim/unpacked/uzbekistan/l2cu_v03/l2cu_cati_household_data_82.csv,household-round,change_important_type,50,1495,16,16
uzbekistan,L2CU 2018-2025,data/interim/unpacked/uzbekistan/l2cu_v03/l2cu_cati_household_data_82.csv,household-round,change_important_type,51,1494,21,21
uzbekistan,L2CU 2018-2025,data/interim/unpacked/uzbekistan/l2cu_v03/l2cu_cati_household_data_82.csv,household-round,change_important_type,52,1494,19,19
uzbekistan,L2CU 2018-2025,data/interim/unpacked/uzbekistan/l2cu_v03/l2cu_cati_household_data_82.csv,household-round,change_important_type,53,1491,22,22
uzbekistan,L2CU 2018-2025,data/interim/unpacked/uzbekistan/l2cu_v03/l2cu_cati_household_data_82.csv,household-round,change_important_type,54,1491,20,20
uzbekistan,L2CU 2018-2025,data/interim/unpacked/uzbekistan/l2cu_v03/l2cu_cati_household_data_82.csv,household-round,change_important_type,55,1490,15,15
uzbekistan,L2CU 2018-2025,data/interim/unpacked/uzbekistan/l2cu_v03/l2cu_cati_household_data_82.csv,household-round,change_important_type,56,1489,12,12
uzbekistan,L2CU 2018-2025,data/interim/unpacked/uzbekistan/l2cu_v03/l2cu_cati_household_data_82.csv,household-round,change_important_type,57,1488,20,20
uzbekistan,L2CU 2018-2025,data/interim/unpacked/uzbekistan/l2cu_v03/l2cu_cati_household_data_82.csv,household-round,change_important_type,58,1486,18,18
uzbekistan,L2CU 2018-2025,data/interim/unpacked/uzbekistan/l2cu_v03/l2cu_cati_household_data_82.csv,household-round,change_important_type,59,1484,15,15
uzbekistan,L2CU 2018-2025,data/interim/unpacked/uzbekistan/l2cu_v03/l2cu_cati_household_data_82.csv,household-round,change_important_type,60,1451,21,21
uzbekistan,L2CU 2018-2025,data/interim/unpacked/uzbekistan/l2cu_v03/l2cu_cati_household_data_82.csv,household-round,change_important_type,61,1439,19,19
uzbekistan,L2CU 2018-2025,data/interim/unpacked/uzbekistan/l2cu_v03/l2cu_cati_household_data_82.csv,household-round,change_important_type,62,1429,18,18
uzbekistan,L2CU 2018-2025,data/interim/unpacked/uzbekistan/l2cu_v03/l2cu_cati_household_data_82.csv,household-round,change_important_type,63,1423,23,23
uzbekistan,L2CU 2018-2025,data/interim/unpacked/uzbekistan/l2cu_v03/l2cu_cati_household_data_82.csv,household-round,change_important_type,64,1400,9,9
uzbekistan,L2CU 2018-2025,data/interim/unpacked/uzbekistan/l2cu_v03/l2cu_cati_household_data_82.csv,household-round,change_important_type,65,1383,21,21
uzbekistan,L2CU 2018-2025,data/interim/unpacked/uzbekistan/l2cu_v03/l2cu_cati_household_data_82.csv,household-round,change_important_type,66,1378,6,6
uzbekistan,L2CU 2018-2025,data/interim/unpacked/uzbekistan/l2cu_v03/l2cu_cati_household_data_82.csv,household-round,change_important_type,67,1412,25,25
uzbekistan,L2CU 2018-2025,data/interim/unpacked/uzbekistan/l2cu_v03/l2cu_cati_household_data_82.csv,household-round,change_important_type,68,1406,21,21
uzbekistan,L2CU 2018-2025,data/interim/unpacked/uzbekistan/l2cu_v03/l2cu_cati_household_data_82.csv,household-round,change_important_type,69,1399,19,19
uzbekistan,L2CU 2018-2025,data/interim/unpacked/uzbekistan/l2cu_v03/l2cu_cati_household_data_82.csv,household-round,change_important_type,70,1373,10,10
uzbekistan,L2CU 2018-2025,data/interim/unpacked/uzbekistan/l2cu_v03/l2cu_cati_household_data_82.csv,household-round,change_important_type,71,1357,12,12
uzbekistan,L2CU 2018-2025,data/interim/unpacked/uzbekistan/l2cu_v03/l2cu_cati_household_data_82.csv,household-round,change_important_type,72,1320,12,12
uzbekistan,L2CU 2018-2025,data/interim/unpacked/uzbekistan/l2cu_v03/l2cu_cati_household_data_82.csv,household-round,change_important_type,73,1289,19,19
uzbekistan,L2CU 2018-2025,data/interim/unpacked/uzbekistan/l2cu_v03/l2cu_cati_household_data_82.csv,household-round,change_important_type,74,1278,14,14
uzbekistan,L2CU 2018-2025,data/interim/unpacked/uzbekistan/l2cu_v03/l2cu_cati_household_data_82.csv,household-round,change_important_type,75,1275,16,16
uzbekistan,L2CU 2018-2025,data/interim/unpacked/uzbekistan/l2cu_v03/l2cu_cati_household_data_82.csv,household-round,change_important_type,76,1564,19,19
uzbekistan,L2CU 2018-2025,data/interim/unpacked/uzbekistan/l2cu_v03/l2cu_cati_household_data_82.csv,household-round,change_important_type,77,1538,23,23
uzbekistan,L2CU 2018-2025,data/interim/unpacked/uzbekistan/l2cu_v03/l2cu_cati_household_data_82.csv,household-round,change_important_type,78,1514,62,62
uzbekistan,L2CU 2018-2025,data/interim/unpacked/uzbekistan/l2cu_v03/l2cu_cati_household_data_82.csv,household-round,change_important_type,79,1492,50,50
uzbekistan,L2CU 2018-2025,data/interim/unpacked/uzbekistan/l2cu_v03/l2cu_cati_household_data_82.csv,household-round,change_important_type,80,1478,36,36
uzbekistan,L2CU 2018-2025,data/interim/unpacked/uzbekistan/l2cu_v03/l2cu_cati_household_data_82.csv,household-round,change_important_type,81,1464,38,38
uzbekistan,L2CU 2018-2025,data/interim/unpacked/uzbekistan/l2cu_v03/l2cu_cati_household_data_82.csv,household-round,change_important_type,82,1463,10,10
uzbekistan,L2CU 2018-2025,data/interim/unpacked/uzbekistan/l2cu_v03/l2cu_cati_household_data_82.csv,household-round,finance_30d_ago,1,1504,1504,1504
uzbekistan,L2CU 2018-2025,data/interim/unpacked/uzbekistan/l2cu_v03/l2cu_cati_household_data_82.csv,household-round,finance_30d_ago,2,1507,1507,1507
uzbekistan,L2CU 2018-2025,data/interim/unpacked/uzbekistan/l2cu_v03/l2cu_cati_household_data_82.csv,household-round,finance_30d_ago,3,1520,1520,1520
uzbekistan,L2CU 2018-2025,data/interim/unpacked/uzbekistan/l2cu_v03/l2cu_cati_household_data_82.csv,household-round,finance_30d_ago,4,1520,1520,1520
uzbekistan,L2CU 2018-2025,data/interim/unpacked/uzbekistan/l2cu_v03/l2cu_cati_household_data_82.csv,household-round,finance_30d_ago,5,1524,1524,1524
uzbekistan,L2CU 2018-2025,data/interim/unpacked/uzbekistan/l2cu_v03/l2cu_cati_household_data_82.csv,household-round,finance_30d_ago,6,1524,1524,1524
uzbekistan,L2CU 2018-2025,data/interim/unpacked/uzbekistan/l2cu_v03/l2cu_cati_household_data_82.csv,household-round,finance_30d_ago,7,1524,1524,1524
uzbekistan,L2CU 2018-2025,data/interim/unpacked/uzbekistan/l2cu_v03/l2cu_cati_household_data_82.csv,household-round,finance_30d_ago,8,1523,1523,1523
uzbekistan,L2CU 2018-2025,data/interim/unpacked/uzbekistan/l2cu_v03/l2cu_cati_household_data_82.csv,household-round,finance_30d_ago,9,1522,1522,1522
uzbekistan,L2CU 2018-2025,data/interim/unpacked/uzbekistan/l2cu_v03/l2cu_cati_household_data_82.csv,household-round,finance_30d_ago,10,1525,1525,1525
uzbekistan,L2CU 2018-2025,data/interim/unpacked/uzbekistan/l2cu_v03/l2cu_cati_household_data_82.csv,household-round,finance_30d_ago,11,1523,1523,1523
uzbekistan,L2CU 2018-2025,data/interim/unpacked/uzbekistan/l2cu_v03/l2cu_cati_household_data_82.csv,household-round,finance_30d_ago,12,1521,1521,1521
uzbekistan,L2CU 2018-2025,data/interim/unpacked/uzbekistan/l2cu_v03/l2cu_cati_household_data_82.csv,household-round,finance_30d_ago,13,1507,1507,1507
uzbekistan,L2CU 2018-2025,data/interim/unpacked/uzbekistan/l2cu_v03/l2cu_cati_household_data_82.csv,household-round,finance_30d_ago,14,1519,1519,1519
uzbekistan,L2CU 2018-2025,data/interim/unpacked/uzbekistan/l2cu_v03/l2cu_cati_household_data_82.csv,household-round,finance_30d_ago,15,1523,1523,1523
uzbekistan,L2CU 2018-2025,data/interim/unpacked/uzbekistan/l2cu_v03/l2cu_cati_household_data_82.csv,household-round,finance_30d_ago,16,1521,1521,1521
uzbekistan,L2CU 2018-2025,data/interim/unpacked/uzbekistan/l2cu_v03/l2cu_cati_household_data_82.csv,household-round,finance_30d_ago,17,1521,1521,1521
uzbekistan,L2CU 2018-2025,data/interim/unpacked/uzbekistan/l2cu_v03/l2cu_cati_household_data_82.csv,household-round,finance_30d_ago,18,1522,1522,1522
uzbekistan,L2CU 2018-2025,data/interim/unpacked/uzbekistan/l2cu_v03/l2cu_cati_household_data_82.csv,household-round,finance_30d_ago,19,1522,1522,1522
uzbekistan,L2CU 2018-2025,data/interim/unpacked/uzbekistan/l2cu_v03/l2cu_cati_household_data_82.csv,household-round,finance_30d_ago,20,1521,1521,1521
uzbekistan,L2CU 2018-2025,data/interim/unpacked/uzbekistan/l2cu_v03/l2cu_cati_household_data_82.csv,household-round,finance_30d_ago,21,1521,1521,1521
uzbekistan,L2CU 2018-2025,data/interim/unpacked/uzbekistan/l2cu_v03/l2cu_cati_household_data_82.csv,household-round,finance_30d_ago,22,1520,1520,1520
uzbekistan,L2CU 2018-2025,data/interim/unpacked/uzbekistan/l2cu_v03/l2cu_cati_household_data_82.csv,household-round,finance_30d_ago,23,1517,1517,1517
uzbekistan,L2CU 2018-2025,data/interim/unpacked/uzbekistan/l2cu_v03/l2cu_cati_household_data_82.csv,household-round,finance_30d_ago,24,1516,1516,1516
uzbekistan,L2CU 2018-2025,data/interim/unpacked/uzbekistan/l2cu_v03/l2cu_cati_household_data_82.csv,household-round,finance_30d_ago,25,1516,1516,1516
uzbekistan,L2CU 2018-2025,data/interim/unpacked/uzbekistan/l2cu_v03/l2cu_cati_household_data_82.csv,household-round,finance_30d_ago,26,1514,1514,1514
uzbekistan,L2CU 2018-2025,data/interim/unpacked/uzbekistan/l2cu_v03/l2cu_cati_household_data_82.csv,household-round,finance_30d_ago,27,1514,1514,1514
uzbekistan,L2CU 2018-2025,data/interim/unpacked/uzbekistan/l2cu_v03/l2cu_cati_household_data_82.csv,household-round,finance_30d_ago,28,1513,1513,1513
uzbekistan,L2CU 2018-2025,data/interim/unpacked/uzbekistan/l2cu_v03/l2cu_cati_household_data_82.csv,household-round,finance_30d_ago,29,1512,1512,1512
uzbekistan,L2CU 2018-2025,data/interim/unpacked/uzbekistan/l2cu_v03/l2cu_cati_household_data_82.csv,household-round,finance_30d_ago,30,1510,1510,1510
uzbekistan,L2CU 2018-2025,data/interim/unpacked/uzbekistan/l2cu_v03/l2cu_cati_household_data_82.csv,household-round,finance_30d_ago,31,1512,1512,1512
uzbekistan,L2CU 2018-2025,data/interim/unpacked/uzbekistan/l2cu_v03/l2cu_cati_household_data_82.csv,household-round,finance_30d_ago,32,1511,1511,1511
uzbekistan,L2CU 2018-2025,data/interim/unpacked/uzbekistan/l2cu_v03/l2cu_cati_household_data_82.csv,household-round,finance_30d_ago,33,1511,1511,1511
uzbekistan,L2CU 2018-2025,data/interim/unpacked/uzbekistan/l2cu_v03/l2cu_cati_household_data_82.csv,household-round,finance_30d_ago,34,1511,1511,1511
uzbekistan,L2CU 2018-2025,data/interim/unpacked/uzbekistan/l2cu_v03/l2cu_cati_household_data_82.csv,household-round,finance_30d_ago,35,1511,1511,1511
uzbekistan,L2CU 2018-2025,data/interim/unpacked/uzbekistan/l2cu_v03/l2cu_cati_household_data_82.csv,household-round,finance_30d_ago,36,1511,1511,1511
uzbekistan,L2CU 2018-2025,data/interim/unpacked/uzbekistan/l2cu_v03/l2cu_cati_household_data_82.csv,household-round,finance_30d_ago,37,1510,1510,1510
uzbekistan,L2CU 2018-2025,data/interim/unpacked/uzbekistan/l2cu_v03/l2cu_cati_household_data_82.csv,household-round,finance_30d_ago,38,1509,1509,1509
uzbekistan,L2CU 2018-2025,data/interim/unpacked/uzbekistan/l2cu_v03/l2cu_cati_household_data_82.csv,household-round,finance_30d_ago,39,1508,1508,1508
uzbekistan,L2CU 2018-2025,data/interim/unpacked/uzbekistan/l2cu_v03/l2cu_cati_household_data_82.csv,household-round,finance_30d_ago,40,1507,1507,1507
uzbekistan,L2CU 2018-2025,data/interim/unpacked/uzbekistan/l2cu_v03/l2cu_cati_household_data_82.csv,household-round,finance_30d_ago,41,1505,1505,1505
uzbekistan,L2CU 2018-2025,data/interim/unpacked/uzbekistan/l2cu_v03/l2cu_cati_household_data_82.csv,household-round,finance_30d_ago,42,1507,1507,1507
uzbekistan,L2CU 2018-2025,data/interim/unpacked/uzbekistan/l2cu_v03/l2cu_cati_household_data_82.csv,household-round,finance_30d_ago,43,1508,1508,1508
uzbekistan,L2CU 2018-2025,data/interim/unpacked/uzbekistan/l2cu_v03/l2cu_cati_household_data_82.csv,household-round,finance_30d_ago,44,1508,1508,1508
uzbekistan,L2CU 2018-2025,data/interim/unpacked/uzbekistan/l2cu_v03/l2cu_cati_household_data_82.csv,household-round,finance_30d_ago,45,1508,1508,1508
uzbekistan,L2CU 2018-2025,data/interim/unpacked/uzbekistan/l2cu_v03/l2cu_cati_household_data_82.csv,household-round,finance_30d_ago,46,1507,1507,1507
uzbekistan,L2CU 2018-2025,data/interim/unpacked/uzbekistan/l2cu_v03/l2cu_cati_household_data_82.csv,household-round,finance_30d_ago,47,1504,1504,1504
uzbekistan,L2CU 2018-2025,data/interim/unpacked/uzbekistan/l2cu_v03/l2cu_cati_household_data_82.csv,household-round,finance_30d_ago,48,1499,1499,1499
uzbekistan,L2CU 2018-2025,data/interim/unpacked/uzbekistan/l2cu_v03/l2cu_cati_household_data_82.csv,household-round,finance_30d_ago,49,1498,1498,1498
uzbekistan,L2CU 2018-2025,data/interim/unpacked/uzbekistan/l2cu_v03/l2cu_cati_household_data_82.csv,household-round,finance_30d_ago,50,1495,1495,1495
uzbekistan,L2CU 2018-2025,data/interim/unpacked/uzbekistan/l2cu_v03/l2cu_cati_household_data_82.csv,household-round,finance_30d_ago,51,1494,1494,1494
uzbekistan,L2CU 2018-2025,data/interim/unpacked/uzbekistan/l2cu_v03/l2cu_cati_household_data_82.csv,household-round,finance_30d_ago,52,1494,1494,1494
uzbekistan,L2CU 2018-2025,data/interim/unpacked/uzbekistan/l2cu_v03/l2cu_cati_household_data_82.csv,household-round,finance_30d_ago,53,1491,1491,1491
uzbekistan,L2CU 2018-2025,data/interim/unpacked/uzbekistan/l2cu_v03/l2cu_cati_household_data_82.csv,household-round,finance_30d_ago,54,1491,1491,1491
uzbekistan,L2CU 2018-2025,data/interim/unpacked/uzbekistan/l2cu_v03/l2cu_cati_household_data_82.csv,household-round,finance_30d_ago,55,1490,1490,1490
uzbekistan,L2CU 2018-2025,data/interim/unpacked/uzbekistan/l2cu_v03/l2cu_cati_household_data_82.csv,household-round,finance_30d_ago,56,1489,1489,1489
uzbekistan,L2CU 2018-2025,data/interim/unpacked/uzbekistan/l2cu_v03/l2cu_cati_household_data_82.csv,household-round,finance_30d_ago,57,1488,1488,1488
uzbekistan,L2CU 2018-2025,data/interim/unpacked/uzbekistan/l2cu_v03/l2cu_cati_household_data_82.csv,household-round,finance_30d_ago,58,1486,1486,1486
uzbekistan,L2CU 2018-2025,data/interim/unpacked/uzbekistan/l2cu_v03/l2cu_cati_household_data_82.csv,household-round,finance_30d_ago,59,1484,1484,1484
uzbekistan,L2CU 2018-2025,data/interim/unpacked/uzbekistan/l2cu_v03/l2cu_cati_household_data_82.csv,household-round,finance_30d_ago,60,1451,1451,1451
uzbekistan,L2CU 2018-2025,data/interim/unpacked/uzbekistan/l2cu_v03/l2cu_cati_household_data_82.csv,household-round,finance_30d_ago,61,1439,1439,1439
uzbekistan,L2CU 2018-2025,data/interim/unpacked/uzbekistan/l2cu_v03/l2cu_cati_household_data_82.csv,household-round,finance_30d_ago,62,1429,1429,1429
uzbekistan,L2CU 2018-2025,data/interim/unpacked/uzbekistan/l2cu_v03/l2cu_cati_household_data_82.csv,household-round,finance_30d_ago,63,1423,1423,1423
uzbekistan,L2CU 2018-2025,data/interim/unpacked/uzbekistan/l2cu_v03/l2cu_cati_household_data_82.csv,household-round,finance_30d_ago,64,1400,1400,1400
uzbekistan,L2CU 2018-2025,data/interim/unpacked/uzbekistan/l2cu_v03/l2cu_cati_household_data_82.csv,household-round,finance_30d_ago,65,1383,1383,1383
uzbekistan,L2CU 2018-2025,data/interim/unpacked/uzbekistan/l2cu_v03/l2cu_cati_household_data_82.csv,household-round,finance_30d_ago,66,1378,1378,1378
uzbekistan,L2CU 2018-2025,data/interim/unpacked/uzbekistan/l2cu_v03/l2cu_cati_household_data_82.csv,household-round,finance_30d_ago,67,1412,1412,1412
uzbekistan,L2CU 2018-2025,data/interim/unpacked/uzbekistan/l2cu_v03/l2cu_cati_household_data_82.csv,household-round,finance_30d_ago,68,1406,1406,1406
uzbekistan,L2CU 2018-2025,data/interim/unpacked/uzbekistan/l2cu_v03/l2cu_cati_household_data_82.csv,household-round,finance_30d_ago,69,1399,1399,1399
uzbekistan,L2CU 2018-2025,data/interim/unpacked/uzbekistan/l2cu_v03/l2cu_cati_household_data_82.csv,household-round,finance_30d_ago,70,1373,1373,1373
uzbekistan,L2CU 2018-2025,data/interim/unpacked/uzbekistan/l2cu_v03/l2cu_cati_household_data_82.csv,household-round,finance_30d_ago,71,1357,1357,1357
uzbekistan,L2CU 2018-2025,data/interim/unpacked/uzbekistan/l2cu_v03/l2cu_cati_household_data_82.csv,household-round,finance_30d_ago,72,1320,1320,1320
uzbekistan,L2CU 2018-2025,data/interim/unpacked/uzbekistan/l2cu_v03/l2cu_cati_household_data_82.csv,household-round,finance_30d_ago,73,1289,1289,1289
uzbekistan,L2CU 2018-2025,data/interim/unpacked/uzbekistan/l2cu_v03/l2cu_cati_household_data_82.csv,household-round,finance_30d_ago,74,1278,1278,1278
uzbekistan,L2CU 2018-2025,data/interim/unpacked/uzbekistan/l2cu_v03/l2cu_cati_household_data_82.csv,household-round,finance_30d_ago,75,1275,1275,1275
uzbekistan,L2CU 2018-2025,data/interim/unpacked/uzbekistan/l2cu_v03/l2cu_cati_household_data_82.csv,household-round,finance_30d_ago,76,1564,1564,1564
uzbekistan,L2CU 2018-2025,data/interim/unpacked/uzbekistan/l2cu_v03/l2cu_cati_household_data_82.csv,household-round,finance_30d_ago,77,1538,1538,1538
uzbekistan,L2CU 2018-2025,data/interim/unpacked/uzbekistan/l2cu_v03/l2cu_cati_household_data_82.csv,household-round,finance_30d_ago,78,1514,1514,1514
uzbekistan,L2CU 2018-2025,data/interim/unpacked/uzbekistan/l2cu_v03/l2cu_cati_household_data_82.csv,household-round,finance_30d_ago,79,1492,1492,1492
uzbekistan,L2CU 2018-2025,data/interim/unpacked/uzbekistan/l2cu_v03/l2cu_cati_household_data_82.csv,household-round,finance_30d_ago,80,1478,1478,1478
uzbekistan,L2CU 2018-2025,data/interim/unpacked/uzbekistan/l2cu_v03/l2cu_cati_household_data_82.csv,household-round,finance_30d_ago,81,1464,1464,1464
uzbekistan,L2CU 2018-2025,data/interim/unpacked/uzbekistan/l2cu_v03/l2cu_cati_household_data_82.csv,household-round,finance_30d_ago,82,1463,1463,1463
uzbekistan,L2CU 2018-2025,data/interim/unpacked/uzbekistan/l2cu_v03/l2cu_cati_household_data_82.csv,household-round,food_past30d,1,1504,1504,1504
uzbekistan,L2CU 2018-2025,data/interim/unpacked/uzbekistan/l2cu_v03/l2cu_cati_household_data_82.csv,household-round,food_past30d,2,1507,1507,1507
uzbekistan,L2CU 2018-2025,data/interim/unpacked/uzbekistan/l2cu_v03/l2cu_cati_household_data_82.csv,household-round,food_past30d,3,1520,1520,1520
uzbekistan,L2CU 2018-2025,data/interim/unpacked/uzbekistan/l2cu_v03/l2cu_cati_household_data_82.csv,household-round,food_past30d,4,1520,1520,1520
uzbekistan,L2CU 2018-2025,data/interim/unpacked/uzbekistan/l2cu_v03/l2cu_cati_household_data_82.csv,household-round,food_past30d,5,1524,1524,1524
uzbekistan,L2CU 2018-2025,data/interim/unpacked/uzbekistan/l2cu_v03/l2cu_cati_household_data_82.csv,household-round,food_past30d,6,1524,1524,1524
uzbekistan,L2CU 2018-2025,data/interim/unpacked/uzbekistan/l2cu_v03/l2cu_cati_household_data_82.csv,household-round,food_past30d,7,1524,1524,1524
uzbekistan,L2CU 2018-2025,data/interim/unpacked/uzbekistan/l2cu_v03/l2cu_cati_household_data_82.csv,household-round,food_past30d,8,1523,1523,1523
uzbekistan,L2CU 2018-2025,data/interim/unpacked/uzbekistan/l2cu_v03/l2cu_cati_household_data_82.csv,household-round,food_past30d,9,1522,1522,1522
uzbekistan,L2CU 2018-2025,data/interim/unpacked/uzbekistan/l2cu_v03/l2cu_cati_household_data_82.csv,household-round,food_past30d,10,1525,1525,1525
uzbekistan,L2CU 2018-2025,data/interim/unpacked/uzbekistan/l2cu_v03/l2cu_cati_household_data_82.csv,household-round,food_past30d,11,1523,1523,1523
uzbekistan,L2CU 2018-2025,data/interim/unpacked/uzbekistan/l2cu_v03/l2cu_cati_household_data_82.csv,household-round,food_past30d,12,1521,1521,1521
uzbekistan,L2CU 2018-2025,data/interim/unpacked/uzbekistan/l2cu_v03/l2cu_cati_household_data_82.csv,household-round,food_past30d,13,1507,1507,1507
uzbekistan,L2CU 2018-2025,data/interim/unpacked/uzbekistan/l2cu_v03/l2cu_cati_household_data_82.csv,household-round,food_past30d,14,1519,1519,1519
uzbekistan,L2CU 2018-2025,data/interim/unpacked/uzbekistan/l2cu_v03/l2cu_cati_household_data_82.csv,household-round,food_past30d,15,1523,1523,1523
uzbekistan,L2CU 2018-2025,data/interim/unpacked/uzbekistan/l2cu_v03/l2cu_cati_household_data_82.csv,household-round,food_past30d,16,1521,1521,1521
uzbekistan,L2CU 2018-2025,data/interim/unpacked/uzbekistan/l2cu_v03/l2cu_cati_household_data_82.csv,household-round,food_past30d,17,1521,1521,1521
uzbekistan,L2CU 2018-2025,data/interim/unpacked/uzbekistan/l2cu_v03/l2cu_cati_household_data_82.csv,household-round,food_past30d,18,1522,1522,1522
uzbekistan,L2CU 2018-2025,data/interim/unpacked/uzbekistan/l2cu_v03/l2cu_cati_household_data_82.csv,household-round,food_past30d,19,1522,1522,1522
uzbekistan,L2CU 2018-2025,data/interim/unpacked/uzbekistan/l2cu_v03/l2cu_cati_household_data_82.csv,household-round,food_past30d,20,1521,1521,1521
uzbekistan,L2CU 2018-2025,data/interim/unpacked/uzbekistan/l2cu_v03/l2cu_cati_household_data_82.csv,household-round,food_past30d,21,1521,1521,1521
uzbekistan,L2CU 2018-2025,data/interim/unpacked/uzbekistan/l2cu_v03/l2cu_cati_household_data_82.csv,household-round,food_past30d,22,1520,1520,1520
uzbekistan,L2CU 2018-2025,data/interim/unpacked/uzbekistan/l2cu_v03/l2cu_cati_household_data_82.csv,household-round,food_past30d,23,1517,1517,1517
uzbekistan,L2CU 2018-2025,data/interim/unpacked/uzbekistan/l2cu_v03/l2cu_cati_household_data_82.csv,household-round,food_past30d,24,1516,1516,1516
uzbekistan,L2CU 2018-2025,data/interim/unpacked/uzbekistan/l2cu_v03/l2cu_cati_household_data_82.csv,household-round,food_past30d,25,1516,1516,1516
uzbekistan,L2CU 2018-2025,data/interim/unpacked/uzbekistan/l2cu_v03/l2cu_cati_household_data_82.csv,household-round,food_past30d,26,1514,1514,1514
uzbekistan,L2CU 2018-2025,data/interim/unpacked/uzbekistan/l2cu_v03/l2cu_cati_household_data_82.csv,household-round,food_past30d,27,1514,1514,1514
uzbekistan,L2CU 2018-2025,data/interim/unpacked/uzbekistan/l2cu_v03/l2cu_cati_household_data_82.csv,household-round,food_past30d,28,1513,1513,1513
uzbekistan,L2CU 2018-2025,data/interim/unpacked/uzbekistan/l2cu_v03/l2cu_cati_household_data_82.csv,household-round,food_past30d,29,1512,1512,1512
uzbekistan,L2CU 2018-2025,data/interim/unpacked/uzbekistan/l2cu_v03/l2cu_cati_household_data_82.csv,household-round,food_past30d,30,1510,1510,1510
uzbekistan,L2CU 2018-2025,data/interim/unpacked/uzbekistan/l2cu_v03/l2cu_cati_household_data_82.csv,household-round,food_past30d,31,1512,1512,1512
uzbekistan,L2CU 2018-2025,data/interim/unpacked/uzbekistan/l2cu_v03/l2cu_cati_household_data_82.csv,household-round,food_past30d,32,1511,1511,1511
uzbekistan,L2CU 2018-2025,data/interim/unpacked/uzbekistan/l2cu_v03/l2cu_cati_household_data_82.csv,household-round,food_past30d,33,1511,1511,1511
uzbekistan,L2CU 2018-2025,data/interim/unpacked/uzbekistan/l2cu_v03/l2cu_cati_household_data_82.csv,household-round,food_past30d,34,1511,1511,1511
uzbekistan,L2CU 2018-2025,data/interim/unpacked/uzbekistan/l2cu_v03/l2cu_cati_household_data_82.csv,household-round,food_past30d,35,1511,1511,1511
uzbekistan,L2CU 2018-2025,data/interim/unpacked/uzbekistan/l2cu_v03/l2cu_cati_household_data_82.csv,household-round,food_past30d,36,1511,1511,1511
uzbekistan,L2CU 2018-2025,data/interim/unpacked/uzbekistan/l2cu_v03/l2cu_cati_household_data_82.csv,household-round,food_past30d,37,1510,1510,1510
uzbekistan,L2CU 2018-2025,data/interim/unpacked/uzbekistan/l2cu_v03/l2cu_cati_household_data_82.csv,household-round,food_past30d,38,1509,1509,1509
uzbekistan,L2CU 2018-2025,data/interim/unpacked/uzbekistan/l2cu_v03/l2cu_cati_household_data_82.csv,household-round,food_past30d,39,1508,1508,1508
uzbekistan,L2CU 2018-2025,data/interim/unpacked/uzbekistan/l2cu_v03/l2cu_cati_household_data_82.csv,household-round,food_past30d,40,1507,1507,1507
uzbekistan,L2CU 2018-2025,data/interim/unpacked/uzbekistan/l2cu_v03/l2cu_cati_household_data_82.csv,household-round,food_past30d,41,1505,1505,1505
uzbekistan,L2CU 2018-2025,data/interim/unpacked/uzbekistan/l2cu_v03/l2cu_cati_household_data_82.csv,household-round,food_past30d,42,1507,1507,1507
uzbekistan,L2CU 2018-2025,data/interim/unpacked/uzbekistan/l2cu_v03/l2cu_cati_household_data_82.csv,household-round,food_past30d,43,1508,1508,1508
uzbekistan,L2CU 2018-2025,data/interim/unpacked/uzbekistan/l2cu_v03/l2cu_cati_household_data_82.csv,household-round,food_past30d,44,1508,1508,1508
uzbekistan,L2CU 2018-2025,data/interim/unpacked/uzbekistan/l2cu_v03/l2cu_cati_household_data_82.csv,household-round,food_past30d,45,1508,1508,1508
uzbekistan,L2CU 2018-2025,data/interim/unpacked/uzbekistan/l2cu_v03/l2cu_cati_household_data_82.csv,household-round,food_past30d,46,1507,1507,1507
uzbekistan,L2CU 2018-2025,data/interim/unpacked/uzbekistan/l2cu_v03/l2cu_cati_household_data_82.csv,household-round,food_past30d,47,1504,1504,1504
uzbekistan,L2CU 2018-2025,data/interim/unpacked/uzbekistan/l2cu_v03/l2cu_cati_household_data_82.csv,household-round,food_past30d,48,1499,1499,1499
uzbekistan,L2CU 2018-2025,data/interim/unpacked/uzbekistan/l2cu_v03/l2cu_cati_household_data_82.csv,household-round,food_past30d,49,1498,1498,1498
uzbekistan,L2CU 2018-2025,data/interim/unpacked/uzbekistan/l2cu_v03/l2cu_cati_household_data_82.csv,household-round,food_past30d,50,1495,1495,1495
uzbekistan,L2CU 2018-2025,data/interim/unpacked/uzbekistan/l2cu_v03/l2cu_cati_household_data_82.csv,household-round,food_past30d,51,1494,1494,1494
uzbekistan,L2CU 2018-2025,data/interim/unpacked/uzbekistan/l2cu_v03/l2cu_cati_household_data_82.csv,household-round,food_past30d,52,1494,1494,1494
uzbekistan,L2CU 2018-2025,data/interim/unpacked/uzbekistan/l2cu_v03/l2cu_cati_household_data_82.csv,household-round,food_past30d,53,1491,1491,1491
uzbekistan,L2CU 2018-2025,data/interim/unpacked/uzbekistan/l2cu_v03/l2cu_cati_household_data_82.csv,household-round,food_past30d,54,1491,1491,1491
uzbekistan,L2CU 2018-2025,data/interim/unpacked/uzbekistan/l2cu_v03/l2cu_cati_household_data_82.csv,household-round,food_past30d,55,1490,1490,1490
uzbekistan,L2CU 2018-2025,data/interim/unpacked/uzbekistan/l2cu_v03/l2cu_cati_household_data_82.csv,household-round,food_past30d,56,1489,1489,1489
uzbekistan,L2CU 2018-2025,data/interim/unpacked/uzbekistan/l2cu_v03/l2cu_cati_household_data_82.csv,household-round,food_past30d,57,1488,1488,1488
uzbekistan,L2CU 2018-2025,data/interim/unpacked/uzbekistan/l2cu_v03/l2cu_cati_household_data_82.csv,household-round,food_past30d,58,1486,1486,1486
uzbekistan,L2CU 2018-2025,data/interim/unpacked/uzbekistan/l2cu_v03/l2cu_cati_household_data_82.csv,household-round,food_past30d,59,1484,1484,1484
uzbekistan,L2CU 2018-2025,data/interim/unpacked/uzbekistan/l2cu_v03/l2cu_cati_household_data_82.csv,household-round,food_past30d,60,1451,1451,1451
uzbekistan,L2CU 2018-2025,data/interim/unpacked/uzbekistan/l2cu_v03/l2cu_cati_household_data_82.csv,household-round,food_past30d,61,1439,1439,1439
uzbekistan,L2CU 2018-2025,data/interim/unpacked/uzbekistan/l2cu_v03/l2cu_cati_household_data_82.csv,household-round,food_past30d,62,1429,1429,1429
uzbekistan,L2CU 2018-2025,data/interim/unpacked/uzbekistan/l2cu_v03/l2cu_cati_household_data_82.csv,household-round,food_past30d,63,1423,1423,1423
uzbekistan,L2CU 2018-2025,data/interim/unpacked/uzbekistan/l2cu_v03/l2cu_cati_household_data_82.csv,household-round,food_past30d,64,1400,1400,1400
uzbekistan,L2CU 2018-2025,data/interim/unpacked/uzbekistan/l2cu_v03/l2cu_cati_household_data_82.csv,household-round,food_past30d,65,1383,1383,1383
uzbekistan,L2CU 2018-2025,data/interim/unpacked/uzbekistan/l2cu_v03/l2cu_cati_household_data_82.csv,household-round,food_past30d,66,1378,1378,1378
uzbekistan,L2CU 2018-2025,data/interim/unpacked/uzbekistan/l2cu_v03/l2cu_cati_household_data_82.csv,household-round,food_past30d,67,1412,1412,1412
uzbekistan,L2CU 2018-2025,data/interim/unpacked/uzbekistan/l2cu_v03/l2cu_cati_household_data_82.csv,household-round,food_past30d,68,1406,1406,1406
uzbekistan,L2CU 2018-2025,data/interim/unpacked/uzbekistan/l2cu_v03/l2cu_cati_household_data_82.csv,household-round,food_past30d,69,1399,1399,1399
uzbekistan,L2CU 2018-2025,data/interim/unpacked/uzbekistan/l2cu_v03/l2cu_cati_household_data_82.csv,household-round,food_past30d,70,1373,1373,1373
uzbekistan,L2CU 2018-2025,data/interim/unpacked/uzbekistan/l2cu_v03/l2cu_cati_household_data_82.csv,household-round,food_past30d,71,1357,1357,1357
uzbekistan,L2CU 2018-2025,data/interim/unpacked/uzbekistan/l2cu_v03/l2cu_cati_household_data_82.csv,household-round,food_past30d,72,1320,1320,1320
uzbekistan,L2CU 2018-2025,data/interim/unpacked/uzbekistan/l2cu_v03/l2cu_cati_household_data_82.csv,household-round,food_past30d,73,1289,1289,1289
uzbekistan,L2CU 2018-2025,data/interim/unpacked/uzbekistan/l2cu_v03/l2cu_cati_household_data_82.csv,household-round,food_past30d,74,1278,1278,1278
uzbekistan,L2CU 2018-2025,data/interim/unpacked/uzbekistan/l2cu_v03/l2cu_cati_household_data_82.csv,household-round,food_past30d,75,1275,1275,1275
uzbekistan,L2CU 2018-2025,data/interim/unpacked/uzbekistan/l2cu_v03/l2cu_cati_household_data_82.csv,household-round,food_past30d,76,1564,1564,1564
uzbekistan,L2CU 2018-2025,data/interim/unpacked/uzbekistan/l2cu_v03/l2cu_cati_household_data_82.csv,household-round,food_past30d,77,1538,1538,1538
uzbekistan,L2CU 2018-2025,data/interim/unpacked/uzbekistan/l2cu_v03/l2cu_cati_household_data_82.csv,household-round,food_past30d,78,1514,1514,1514
uzbekistan,L2CU 2018-2025,data/interim/unpacked/uzbekistan/l2cu_v03/l2cu_cati_household_data_82.csv,household-round,food_past30d,79,1492,1492,1492
uzbekistan,L2CU 2018-2025,data/interim/unpacked/uzbekistan/l2cu_v03/l2cu_cati_household_data_82.csv,household-round,food_past30d,80,1478,1478,1478
uzbekistan,L2CU 2018-2025,data/interim/unpacked/uzbekistan/l2cu_v03/l2cu_cati_household_data_82.csv,household-round,food_past30d,81,1464,1464,1464
uzbekistan,L2CU 2018-2025,data/interim/unpacked/uzbekistan/l2cu_v03/l2cu_cati_household_data_82.csv,household-round,food_past30d,82,1463,1463,1463
uzbekistan,L2CU 2018-2025,data/interim/unpacked/uzbekistan/l2cu_v03/l2cu_cati_household_data_82.csv,household-round,assets_past30d,1,1504,1504,1504
uzbekistan,L2CU 2018-2025,data/interim/unpacked/uzbekistan/l2cu_v03/l2cu_cati_household_data_82.csv,household-round,assets_past30d,2,1507,1507,1507
uzbekistan,L2CU 2018-2025,data/interim/unpacked/uzbekistan/l2cu_v03/l2cu_cati_household_data_82.csv,household-round,assets_past30d,3,1520,1520,1520
uzbekistan,L2CU 2018-2025,data/interim/unpacked/uzbekistan/l2cu_v03/l2cu_cati_household_data_82.csv,household-round,assets_past30d,4,1520,1520,1520
uzbekistan,L2CU 2018-2025,data/interim/unpacked/uzbekistan/l2cu_v03/l2cu_cati_household_data_82.csv,household-round,assets_past30d,5,1524,1524,1524
uzbekistan,L2CU 2018-2025,data/interim/unpacked/uzbekistan/l2cu_v03/l2cu_cati_household_data_82.csv,household-round,assets_past30d,6,1524,1524,1524
uzbekistan,L2CU 2018-2025,data/interim/unpacked/uzbekistan/l2cu_v03/l2cu_cati_household_data_82.csv,household-round,assets_past30d,7,1524,1524,1524
uzbekistan,L2CU 2018-2025,data/interim/unpacked/uzbekistan/l2cu_v03/l2cu_cati_household_data_82.csv,household-round,assets_past30d,8,1523,1523,1523
uzbekistan,L2CU 2018-2025,data/interim/unpacked/uzbekistan/l2cu_v03/l2cu_cati_household_data_82.csv,household-round,assets_past30d,9,1522,1522,1522
uzbekistan,L2CU 2018-2025,data/interim/unpacked/uzbekistan/l2cu_v03/l2cu_cati_household_data_82.csv,household-round,assets_past30d,10,1525,1525,1525
uzbekistan,L2CU 2018-2025,data/interim/unpacked/uzbekistan/l2cu_v03/l2cu_cati_household_data_82.csv,household-round,assets_past30d,11,1523,1523,1523
uzbekistan,L2CU 2018-2025,data/interim/unpacked/uzbekistan/l2cu_v03/l2cu_cati_household_data_82.csv,household-round,assets_past30d,12,1521,1521,1521
uzbekistan,L2CU 2018-2025,data/interim/unpacked/uzbekistan/l2cu_v03/l2cu_cati_household_data_82.csv,household-round,assets_past30d,13,1507,1507,1507
uzbekistan,L2CU 2018-2025,data/interim/unpacked/uzbekistan/l2cu_v03/l2cu_cati_household_data_82.csv,household-round,assets_past30d,14,1519,1519,1519
uzbekistan,L2CU 2018-2025,data/interim/unpacked/uzbekistan/l2cu_v03/l2cu_cati_household_data_82.csv,household-round,assets_past30d,15,1523,1523,1523
uzbekistan,L2CU 2018-2025,data/interim/unpacked/uzbekistan/l2cu_v03/l2cu_cati_household_data_82.csv,household-round,assets_past30d,16,1521,1521,1521
uzbekistan,L2CU 2018-2025,data/interim/unpacked/uzbekistan/l2cu_v03/l2cu_cati_household_data_82.csv,household-round,assets_past30d,17,1521,1521,1521
uzbekistan,L2CU 2018-2025,data/interim/unpacked/uzbekistan/l2cu_v03/l2cu_cati_household_data_82.csv,household-round,assets_past30d,18,1522,1522,1522
uzbekistan,L2CU 2018-2025,data/interim/unpacked/uzbekistan/l2cu_v03/l2cu_cati_household_data_82.csv,household-round,assets_past30d,19,1522,1522,1522
uzbekistan,L2CU 2018-2025,data/interim/unpacked/uzbekistan/l2cu_v03/l2cu_cati_household_data_82.csv,household-round,assets_past30d,20,1521,1521,1521
uzbekistan,L2CU 2018-2025,data/interim/unpacked/uzbekistan/l2cu_v03/l2cu_cati_household_data_82.csv,household-round,assets_past30d,21,1521,1521,1521
uzbekistan,L2CU 2018-2025,data/interim/unpacked/uzbekistan/l2cu_v03/l2cu_cati_household_data_82.csv,household-round,assets_past30d,22,1520,1520,1520
uzbekistan,L2CU 2018-2025,data/interim/unpacked/uzbekistan/l2cu_v03/l2cu_cati_household_data_82.csv,household-round,assets_past30d,23,1517,1517,1517
uzbekistan,L2CU 2018-2025,data/interim/unpacked/uzbekistan/l2cu_v03/l2cu_cati_household_data_82.csv,household-round,assets_past30d,24,1516,1516,1516
uzbekistan,L2CU 2018-2025,data/interim/unpacked/uzbekistan/l2cu_v03/l2cu_cati_household_data_82.csv,household-round,assets_past30d,25,1516,1516,1516
uzbekistan,L2CU 2018-2025,data/interim/unpacked/uzbekistan/l2cu_v03/l2cu_cati_household_data_82.csv,household-round,assets_past30d,26,1514,1514,1514
uzbekistan,L2CU 2018-2025,data/interim/unpacked/uzbekistan/l2cu_v03/l2cu_cati_household_data_82.csv,household-round,assets_past30d,27,1514,1514,1514
uzbekistan,L2CU 2018-2025,data/interim/unpacked/uzbekistan/l2cu_v03/l2cu_cati_household_data_82.csv,household-round,assets_past30d,28,1513,1513,1513
uzbekistan,L2CU 2018-2025,data/interim/unpacked/uzbekistan/l2cu_v03/l2cu_cati_household_data_82.csv,household-round,assets_past30d,29,1512,1512,1512
uzbekistan,L2CU 2018-2025,data/interim/unpacked/uzbekistan/l2cu_v03/l2cu_cati_household_data_82.csv,household-round,assets_past30d,30,1510,1510,1510
uzbekistan,L2CU 2018-2025,data/interim/unpacked/uzbekistan/l2cu_v03/l2cu_cati_household_data_82.csv,household-round,assets_past30d,31,1512,1512,1512
uzbekistan,L2CU 2018-2025,data/interim/unpacked/uzbekistan/l2cu_v03/l2cu_cati_household_data_82.csv,household-round,assets_past30d,32,1511,1511,1511
uzbekistan,L2CU 2018-2025,data/interim/unpacked/uzbekistan/l2cu_v03/l2cu_cati_household_data_82.csv,household-round,assets_past30d,33,1511,1511,1511
uzbekistan,L2CU 2018-2025,data/interim/unpacked/uzbekistan/l2cu_v03/l2cu_cati_household_data_82.csv,household-round,assets_past30d,34,1511,1511,1511
uzbekistan,L2CU 2018-2025,data/interim/unpacked/uzbekistan/l2cu_v03/l2cu_cati_household_data_82.csv,household-round,assets_past30d,35,1511,1511,1511
uzbekistan,L2CU 2018-2025,data/interim/unpacked/uzbekistan/l2cu_v03/l2cu_cati_household_data_82.csv,household-round,assets_past30d,36,1511,1511,1511
uzbekistan,L2CU 2018-2025,data/interim/unpacked/uzbekistan/l2cu_v03/l2cu_cati_household_data_82.csv,household-round,assets_past30d,37,1510,1510,1510
uzbekistan,L2CU 2018-2025,data/interim/unpacked/uzbekistan/l2cu_v03/l2cu_cati_household_data_82.csv,household-round,assets_past30d,38,1509,1509,1509
uzbekistan,L2CU 2018-2025,data/interim/unpacked/uzbekistan/l2cu_v03/l2cu_cati_household_data_82.csv,household-round,assets_past30d,39,1508,1508,1508
uzbekistan,L2CU 2018-2025,data/interim/unpacked/uzbekistan/l2cu_v03/l2cu_cati_household_data_82.csv,household-round,assets_past30d,40,1507,1507,1507
uzbekistan,L2CU 2018-2025,data/interim/unpacked/uzbekistan/l2cu_v03/l2cu_cati_household_data_82.csv,household-round,assets_past30d,41,1505,1505,1505
uzbekistan,L2CU 2018-2025,data/interim/unpacked/uzbekistan/l2cu_v03/l2cu_cati_household_data_82.csv,household-round,assets_past30d,42,1507,1507,1507
uzbekistan,L2CU 2018-2025,data/interim/unpacked/uzbekistan/l2cu_v03/l2cu_cati_household_data_82.csv,household-round,assets_past30d,43,1508,1508,1508
uzbekistan,L2CU 2018-2025,data/interim/unpacked/uzbekistan/l2cu_v03/l2cu_cati_household_data_82.csv,household-round,assets_past30d,44,1508,1508,1508
uzbekistan,L2CU 2018-2025,data/interim/unpacked/uzbekistan/l2cu_v03/l2cu_cati_household_data_82.csv,household-round,assets_past30d,45,1508,1508,1508
uzbekistan,L2CU 2018-2025,data/interim/unpacked/uzbekistan/l2cu_v03/l2cu_cati_household_data_82.csv,household-round,assets_past30d,46,1507,1507,1507
uzbekistan,L2CU 2018-2025,data/interim/unpacked/uzbekistan/l2cu_v03/l2cu_cati_household_data_82.csv,household-round,assets_past30d,47,1504,1504,1504
uzbekistan,L2CU 2018-2025,data/interim/unpacked/uzbekistan/l2cu_v03/l2cu_cati_household_data_82.csv,household-round,assets_past30d,48,1499,1499,1499
uzbekistan,L2CU 2018-2025,data/interim/unpacked/uzbekistan/l2cu_v03/l2cu_cati_household_data_82.csv,household-round,assets_past30d,49,1498,1498,1498
uzbekistan,L2CU 2018-2025,data/interim/unpacked/uzbekistan/l2cu_v03/l2cu_cati_household_data_82.csv,household-round,assets_past30d,50,1495,1495,1495
uzbekistan,L2CU 2018-2025,data/interim/unpacked/uzbekistan/l2cu_v03/l2cu_cati_household_data_82.csv,household-round,assets_past30d,51,1494,1494,1494
uzbekistan,L2CU 2018-2025,data/interim/unpacked/uzbekistan/l2cu_v03/l2cu_cati_household_data_82.csv,household-round,assets_past30d,52,1494,1494,1494
uzbekistan,L2CU 2018-2025,data/interim/unpacked/uzbekistan/l2cu_v03/l2cu_cati_household_data_82.csv,household-round,assets_past30d,53,1491,1491,1491
uzbekistan,L2CU 2018-2025,data/interim/unpacked/uzbekistan/l2cu_v03/l2cu_cati_household_data_82.csv,household-round,assets_past30d,54,1491,1491,1491
uzbekistan,L2CU 2018-2025,data/interim/unpacked/uzbekistan/l2cu_v03/l2cu_cati_household_data_82.csv,household-round,assets_past30d,55,1490,1490,1490
uzbekistan,L2CU 2018-2025,data/interim/unpacked/uzbekistan/l2cu_v03/l2cu_cati_household_data_82.csv,household-round,assets_past30d,56,1489,1489,1489
uzbekistan,L2CU 2018-2025,data/interim/unpacked/uzbekistan/l2cu_v03/l2cu_cati_household_data_82.csv,household-round,assets_past30d,57,1488,1488,1488
uzbekistan,L2CU 2018-2025,data/interim/unpacked/uzbekistan/l2cu_v03/l2cu_cati_household_data_82.csv,household-round,assets_past30d,58,1486,1486,1486
uzbekistan,L2CU 2018-2025,data/interim/unpacked/uzbekistan/l2cu_v03/l2cu_cati_household_data_82.csv,household-round,assets_past30d,59,1484,1484,1484
uzbekistan,L2CU 2018-2025,data/interim/unpacked/uzbekistan/l2cu_v03/l2cu_cati_household_data_82.csv,household-round,assets_past30d,60,1451,1451,1451
uzbekistan,L2CU 2018-2025,data/interim/unpacked/uzbekistan/l2cu_v03/l2cu_cati_household_data_82.csv,household-round,assets_past30d,61,1439,1439,1439
uzbekistan,L2CU 2018-2025,data/interim/unpacked/uzbekistan/l2cu_v03/l2cu_cati_household_data_82.csv,household-round,assets_past30d,62,1429,1429,1429
uzbekistan,L2CU 2018-2025,data/interim/unpacked/uzbekistan/l2cu_v03/l2cu_cati_household_data_82.csv,household-round,assets_past30d,63,1423,1423,1423
uzbekistan,L2CU 2018-2025,data/interim/unpacked/uzbekistan/l2cu_v03/l2cu_cati_household_data_82.csv,household-round,assets_past30d,64,1400,1400,1400
uzbekistan,L2CU 2018-2025,data/interim/unpacked/uzbekistan/l2cu_v03/l2cu_cati_household_data_82.csv,household-round,assets_past30d,65,1383,1383,1383
uzbekistan,L2CU 2018-2025,data/interim/unpacked/uzbekistan/l2cu_v03/l2cu_cati_household_data_82.csv,household-round,assets_past30d,66,1378,1378,1378
uzbekistan,L2CU 2018-2025,data/interim/unpacked/uzbekistan/l2cu_v03/l2cu_cati_household_data_82.csv,household-round,assets_past30d,67,1412,1412,1412
uzbekistan,L2CU 2018-2025,data/interim/unpacked/uzbekistan/l2cu_v03/l2cu_cati_household_data_82.csv,household-round,assets_past30d,68,1406,1406,1406
uzbekistan,L2CU 2018-2025,data/interim/unpacked/uzbekistan/l2cu_v03/l2cu_cati_household_data_82.csv,household-round,assets_past30d,69,1399,1399,1399
uzbekistan,L2CU 2018-2025,data/interim/unpacked/uzbekistan/l2cu_v03/l2cu_cati_household_data_82.csv,household-round,assets_past30d,70,1373,1373,1373
uzbekistan,L2CU 2018-2025,data/interim/unpacked/uzbekistan/l2cu_v03/l2cu_cati_household_data_82.csv,household-round,assets_past30d,71,1357,1357,1357
uzbekistan,L2CU 2018-2025,data/interim/unpacked/uzbekistan/l2cu_v03/l2cu_cati_household_data_82.csv,household-round,assets_past30d,72,1320,1320,1320
uzbekistan,L2CU 2018-2025,data/interim/unpacked/uzbekistan/l2cu_v03/l2cu_cati_household_data_82.csv,household-round,assets_past30d,73,1289,1289,1289
uzbekistan,L2CU 2018-2025,data/interim/unpacked/uzbekistan/l2cu_v03/l2cu_cati_household_data_82.csv,household-round,assets_past30d,74,1278,1278,1278
uzbekistan,L2CU 2018-2025,data/interim/unpacked/uzbekistan/l2cu_v03/l2cu_cati_household_data_82.csv,household-round,assets_past30d,75,1275,1275,1275
uzbekistan,L2CU 2018-2025,data/interim/unpacked/uzbekistan/l2cu_v03/l2cu_cati_household_data_82.csv,household-round,assets_past30d,76,1564,1564,1564
uzbekistan,L2CU 2018-2025,data/interim/unpacked/uzbekistan/l2cu_v03/l2cu_cati_household_data_82.csv,household-round,assets_past30d,77,1538,1538,1538
uzbekistan,L2CU 2018-2025,data/interim/unpacked/uzbekistan/l2cu_v03/l2cu_cati_household_data_82.csv,household-round,assets_past30d,78,1514,1514,1514
uzbekistan,L2CU 2018-2025,data/interim/unpacked/uzbekistan/l2cu_v03/l2cu_cati_household_data_82.csv,household-round,assets_past30d,79,1492,1492,1492
uzbekistan,L2CU 2018-2025,data/interim/unpacked/uzbekistan/l2cu_v03/l2cu_cati_household_data_82.csv,household-round,assets_past30d,80,1478,1478,1478
uzbekistan,L2CU 2018-2025,data/interim/unpacked/uzbekistan/l2cu_v03/l2cu_cati_household_data_82.csv,household-round,assets_past30d,81,1464,1464,1464
uzbekistan,L2CU 2018-2025,data/interim/unpacked/uzbekistan/l2cu_v03/l2cu_cati_household_data_82.csv,household-round,assets_past30d,82,1463,1463,1463
uzbekistan,L2CU 2018-2025,data/interim/unpacked/uzbekistan/l2cu_v03/l2cu_cati_household_data_82.csv,household-round,consumption_past30d,1,1504,1504,1504
uzbekistan,L2CU 2018-2025,data/interim/unpacked/uzbekistan/l2cu_v03/l2cu_cati_household_data_82.csv,household-round,consumption_past30d,2,1507,1507,1507
uzbekistan,L2CU 2018-2025,data/interim/unpacked/uzbekistan/l2cu_v03/l2cu_cati_household_data_82.csv,household-round,consumption_past30d,3,1520,1520,1520
uzbekistan,L2CU 2018-2025,data/interim/unpacked/uzbekistan/l2cu_v03/l2cu_cati_household_data_82.csv,household-round,consumption_past30d,4,1520,1520,1520
uzbekistan,L2CU 2018-2025,data/interim/unpacked/uzbekistan/l2cu_v03/l2cu_cati_household_data_82.csv,household-round,consumption_past30d,5,1524,1524,1524
uzbekistan,L2CU 2018-2025,data/interim/unpacked/uzbekistan/l2cu_v03/l2cu_cati_household_data_82.csv,household-round,consumption_past30d,6,1524,1524,1524
uzbekistan,L2CU 2018-2025,data/interim/unpacked/uzbekistan/l2cu_v03/l2cu_cati_household_data_82.csv,household-round,consumption_past30d,7,1524,1524,1524
uzbekistan,L2CU 2018-2025,data/interim/unpacked/uzbekistan/l2cu_v03/l2cu_cati_household_data_82.csv,household-round,consumption_past30d,8,1523,1523,1523
uzbekistan,L2CU 2018-2025,data/interim/unpacked/uzbekistan/l2cu_v03/l2cu_cati_household_data_82.csv,household-round,consumption_past30d,9,1522,1522,1522
uzbekistan,L2CU 2018-2025,data/interim/unpacked/uzbekistan/l2cu_v03/l2cu_cati_household_data_82.csv,household-round,consumption_past30d,10,1525,1525,1525
uzbekistan,L2CU 2018-2025,data/interim/unpacked/uzbekistan/l2cu_v03/l2cu_cati_household_data_82.csv,household-round,consumption_past30d,11,1523,1523,1523
uzbekistan,L2CU 2018-2025,data/interim/unpacked/uzbekistan/l2cu_v03/l2cu_cati_household_data_82.csv,household-round,consumption_past30d,12,1521,1521,1521
uzbekistan,L2CU 2018-2025,data/interim/unpacked/uzbekistan/l2cu_v03/l2cu_cati_household_data_82.csv,household-round,consumption_past30d,13,1507,1507,1507
uzbekistan,L2CU 2018-2025,data/interim/unpacked/uzbekistan/l2cu_v03/l2cu_cati_household_data_82.csv,household-round,consumption_past30d,14,1519,1519,1519
uzbekistan,L2CU 2018-2025,data/interim/unpacked/uzbekistan/l2cu_v03/l2cu_cati_household_data_82.csv,household-round,consumption_past30d,15,1523,1523,1523
uzbekistan,L2CU 2018-2025,data/interim/unpacked/uzbekistan/l2cu_v03/l2cu_cati_household_data_82.csv,household-round,consumption_past30d,16,1521,1521,1521
uzbekistan,L2CU 2018-2025,data/interim/unpacked/uzbekistan/l2cu_v03/l2cu_cati_household_data_82.csv,household-round,consumption_past30d,17,1521,1521,1521
uzbekistan,L2CU 2018-2025,data/interim/unpacked/uzbekistan/l2cu_v03/l2cu_cati_household_data_82.csv,household-round,consumption_past30d,18,1522,1522,1522
uzbekistan,L2CU 2018-2025,data/interim/unpacked/uzbekistan/l2cu_v03/l2cu_cati_household_data_82.csv,household-round,consumption_past30d,19,1522,1522,1522
uzbekistan,L2CU 2018-2025,data/interim/unpacked/uzbekistan/l2cu_v03/l2cu_cati_household_data_82.csv,household-round,consumption_past30d,20,1521,1521,1521
uzbekistan,L2CU 2018-2025,data/interim/unpacked/uzbekistan/l2cu_v03/l2cu_cati_household_data_82.csv,household-round,consumption_past30d,21,1521,1521,1521
uzbekistan,L2CU 2018-2025,data/interim/unpacked/uzbekistan/l2cu_v03/l2cu_cati_household_data_82.csv,household-round,consumption_past30d,22,1520,1520,1520
uzbekistan,L2CU 2018-2025,data/interim/unpacked/uzbekistan/l2cu_v03/l2cu_cati_household_data_82.csv,household-round,consumption_past30d,23,1517,1517,1517
uzbekistan,L2CU 2018-2025,data/interim/unpacked/uzbekistan/l2cu_v03/l2cu_cati_household_data_82.csv,household-round,consumption_past30d,24,1516,1516,1516
uzbekistan,L2CU 2018-2025,data/interim/unpacked/uzbekistan/l2cu_v03/l2cu_cati_household_data_82.csv,household-round,consumption_past30d,25,1516,1516,1516
uzbekistan,L2CU 2018-2025,data/interim/unpacked/uzbekistan/l2cu_v03/l2cu_cati_household_data_82.csv,household-round,consumption_past30d,26,1514,1514,1514
uzbekistan,L2CU 2018-2025,data/interim/unpacked/uzbekistan/l2cu_v03/l2cu_cati_household_data_82.csv,household-round,consumption_past30d,27,1514,1514,1514
uzbekistan,L2CU 2018-2025,data/interim/unpacked/uzbekistan/l2cu_v03/l2cu_cati_household_data_82.csv,household-round,consumption_past30d,28,1513,1513,1513
uzbekistan,L2CU 2018-2025,data/interim/unpacked/uzbekistan/l2cu_v03/l2cu_cati_household_data_82.csv,household-round,consumption_past30d,29,1512,1512,1512
uzbekistan,L2CU 2018-2025,data/interim/unpacked/uzbekistan/l2cu_v03/l2cu_cati_household_data_82.csv,household-round,consumption_past30d,30,1510,1510,1510
uzbekistan,L2CU 2018-2025,data/interim/unpacked/uzbekistan/l2cu_v03/l2cu_cati_household_data_82.csv,household-round,consumption_past30d,31,1512,1512,1512
uzbekistan,L2CU 2018-2025,data/interim/unpacked/uzbekistan/l2cu_v03/l2cu_cati_household_data_82.csv,household-round,consumption_past30d,32,1511,1511,1511
uzbekistan,L2CU 2018-2025,data/interim/unpacked/uzbekistan/l2cu_v03/l2cu_cati_household_data_82.csv,household-round,consumption_past30d,33,1511,1511,1511
uzbekistan,L2CU 2018-2025,data/interim/unpacked/uzbekistan/l2cu_v03/l2cu_cati_household_data_82.csv,household-round,consumption_past30d,34,1511,1511,1511
uzbekistan,L2CU 2018-2025,data/interim/unpacked/uzbekistan/l2cu_v03/l2cu_cati_household_data_82.csv,household-round,consumption_past30d,35,1511,1511,1511
uzbekistan,L2CU 2018-2025,data/interim/unpacked/uzbekistan/l2cu_v03/l2cu_cati_household_data_82.csv,household-round,consumption_past30d,36,1511,1511,1511
uzbekistan,L2CU 2018-2025,data/interim/unpacked/uzbekistan/l2cu_v03/l2cu_cati_household_data_82.csv,household-round,consumption_past30d,37,1510,1510,1510
uzbekistan,L2CU 2018-2025,data/interim/unpacked/uzbekistan/l2cu_v03/l2cu_cati_household_data_82.csv,household-round,consumption_past30d,38,1509,1509,1509
uzbekistan,L2CU 2018-2025,data/interim/unpacked/uzbekistan/l2cu_v03/l2cu_cati_household_data_82.csv,household-round,consumption_past30d,39,1508,1508,1508
uzbekistan,L2CU 2018-2025,data/interim/unpacked/uzbekistan/l2cu_v03/l2cu_cati_household_data_82.csv,household-round,consumption_past30d,40,1507,1507,1507
uzbekistan,L2CU 2018-2025,data/interim/unpacked/uzbekistan/l2cu_v03/l2cu_cati_household_data_82.csv,household-round,consumption_past30d,41,1505,1505,1505
uzbekistan,L2CU 2018-2025,data/interim/unpacked/uzbekistan/l2cu_v03/l2cu_cati_household_data_82.csv,household-round,consumption_past30d,42,1507,1507,1507
uzbekistan,L2CU 2018-2025,data/interim/unpacked/uzbekistan/l2cu_v03/l2cu_cati_household_data_82.csv,household-round,consumption_past30d,43,1508,1508,1508
uzbekistan,L2CU 2018-2025,data/interim/unpacked/uzbekistan/l2cu_v03/l2cu_cati_household_data_82.csv,household-round,consumption_past30d,44,1508,1508,1508
uzbekistan,L2CU 2018-2025,data/interim/unpacked/uzbekistan/l2cu_v03/l2cu_cati_household_data_82.csv,household-round,consumption_past30d,45,1508,1508,1508
uzbekistan,L2CU 2018-2025,data/interim/unpacked/uzbekistan/l2cu_v03/l2cu_cati_household_data_82.csv,household-round,consumption_past30d,46,1507,1507,1507
uzbekistan,L2CU 2018-2025,data/interim/unpacked/uzbekistan/l2cu_v03/l2cu_cati_household_data_82.csv,household-round,consumption_past30d,47,1504,1504,1504
uzbekistan,L2CU 2018-2025,data/interim/unpacked/uzbekistan/l2cu_v03/l2cu_cati_household_data_82.csv,household-round,consumption_past30d,48,1499,1499,1499
uzbekistan,L2CU 2018-2025,data/interim/unpacked/uzbekistan/l2cu_v03/l2cu_cati_household_data_82.csv,household-round,consumption_past30d,49,1498,1498,1498
uzbekistan,L2CU 2018-2025,data/interim/unpacked/uzbekistan/l2cu_v03/l2cu_cati_household_data_82.csv,household-round,consumption_past30d,50,1495,1495,1495
uzbekistan,L2CU 2018-2025,data/interim/unpacked/uzbekistan/l2cu_v03/l2cu_cati_household_data_82.csv,household-round,consumption_past30d,51,1494,1494,1494
uzbekistan,L2CU 2018-2025,data/interim/unpacked/uzbekistan/l2cu_v03/l2cu_cati_household_data_82.csv,household-round,consumption_past30d,52,1494,1494,1494
uzbekistan,L2CU 2018-2025,data/interim/unpacked/uzbekistan/l2cu_v03/l2cu_cati_household_data_82.csv,household-round,consumption_past30d,53,1491,1491,1491
uzbekistan,L2CU 2018-2025,data/interim/unpacked/uzbekistan/l2cu_v03/l2cu_cati_household_data_82.csv,household-round,consumption_past30d,54,1491,1491,1491
uzbekistan,L2CU 2018-2025,data/interim/unpacked/uzbekistan/l2cu_v03/l2cu_cati_household_data_82.csv,household-round,consumption_past30d,55,1490,1490,1490
uzbekistan,L2CU 2018-2025,data/interim/unpacked/uzbekistan/l2cu_v03/l2cu_cati_household_data_82.csv,household-round,consumption_past30d,56,1489,1489,1489
uzbekistan,L2CU 2018-2025,data/interim/unpacked/uzbekistan/l2cu_v03/l2cu_cati_household_data_82.csv,household-round,consumption_past30d,57,1488,1488,1488
uzbekistan,L2CU 2018-2025,data/interim/unpacked/uzbekistan/l2cu_v03/l2cu_cati_household_data_82.csv,household-round,consumption_past30d,58,1486,1486,1486
uzbekistan,L2CU 2018-2025,data/interim/unpacked/uzbekistan/l2cu_v03/l2cu_cati_household_data_82.csv,household-round,consumption_past30d,59,1484,1484,1484
uzbekistan,L2CU 2018-2025,data/interim/unpacked/uzbekistan/l2cu_v03/l2cu_cati_household_data_82.csv,household-round,consumption_past30d,60,1451,1451,1451
uzbekistan,L2CU 2018-2025,data/interim/unpacked/uzbekistan/l2cu_v03/l2cu_cati_household_data_82.csv,household-round,consumption_past30d,61,1439,1439,1439
uzbekistan,L2CU 2018-2025,data/interim/unpacked/uzbekistan/l2cu_v03/l2cu_cati_household_data_82.csv,household-round,consumption_past30d,62,1429,1429,1429
uzbekistan,L2CU 2018-2025,data/interim/unpacked/uzbekistan/l2cu_v03/l2cu_cati_household_data_82.csv,household-round,consumption_past30d,63,1423,1423,1423
uzbekistan,L2CU 2018-2025,data/interim/unpacked/uzbekistan/l2cu_v03/l2cu_cati_household_data_82.csv,household-round,consumption_past30d,64,1400,1400,1400
uzbekistan,L2CU 2018-2025,data/interim/unpacked/uzbekistan/l2cu_v03/l2cu_cati_household_data_82.csv,household-round,consumption_past30d,65,1383,1383,1383
uzbekistan,L2CU 2018-2025,data/interim/unpacked/uzbekistan/l2cu_v03/l2cu_cati_household_data_82.csv,household-round,consumption_past30d,66,1378,1378,1378
uzbekistan,L2CU 2018-2025,data/interim/unpacked/uzbekistan/l2cu_v03/l2cu_cati_household_data_82.csv,household-round,consumption_past30d,67,1412,1412,1412
uzbekistan,L2CU 2018-2025,data/interim/unpacked/uzbekistan/l2cu_v03/l2cu_cati_household_data_82.csv,household-round,consumption_past30d,68,1406,1406,1406
uzbekistan,L2CU 2018-2025,data/interim/unpacked/uzbekistan/l2cu_v03/l2cu_cati_household_data_82.csv,household-round,consumption_past30d,69,1399,1399,1399
uzbekistan,L2CU 2018-2025,data/interim/unpacked/uzbekistan/l2cu_v03/l2cu_cati_household_data_82.csv,household-round,consumption_past30d,70,1373,1373,1373
uzbekistan,L2CU 2018-2025,data/interim/unpacked/uzbekistan/l2cu_v03/l2cu_cati_household_data_82.csv,household-round,consumption_past30d,71,1357,1357,1357
uzbekistan,L2CU 2018-2025,data/interim/unpacked/uzbekistan/l2cu_v03/l2cu_cati_household_data_82.csv,household-round,consumption_past30d,72,1320,1320,1320
uzbekistan,L2CU 2018-2025,data/interim/unpacked/uzbekistan/l2cu_v03/l2cu_cati_household_data_82.csv,household-round,consumption_past30d,73,1289,1289,1289
uzbekistan,L2CU 2018-2025,data/interim/unpacked/uzbekistan/l2cu_v03/l2cu_cati_household_data_82.csv,household-round,consumption_past30d,74,1278,1278,1278
uzbekistan,L2CU 2018-2025,data/interim/unpacked/uzbekistan/l2cu_v03/l2cu_cati_household_data_82.csv,household-round,consumption_past30d,75,1275,1275,1275
uzbekistan,L2CU 2018-2025,data/interim/unpacked/uzbekistan/l2cu_v03/l2cu_cati_household_data_82.csv,household-round,consumption_past30d,76,1564,1564,1564
uzbekistan,L2CU 2018-2025,data/interim/unpacked/uzbekistan/l2cu_v03/l2cu_cati_household_data_82.csv,household-round,consumption_past30d,77,1538,1538,1538
uzbekistan,L2CU 2018-2025,data/interim/unpacked/uzbekistan/l2cu_v03/l2cu_cati_household_data_82.csv,household-round,consumption_past30d,78,1514,1514,1514
uzbekistan,L2CU 2018-2025,data/interim/unpacked/uzbekistan/l2cu_v03/l2cu_cati_household_data_82.csv,household-round,consumption_past30d,79,1492,1492,1492
uzbekistan,L2CU 2018-2025,data/interim/unpacked/uzbekistan/l2cu_v03/l2cu_cati_household_data_82.csv,household-round,consumption_past30d,80,1478,1478,1478
uzbekistan,L2CU 2018-2025,data/interim/unpacked/uzbekistan/l2cu_v03/l2cu_cati_household_data_82.csv,household-round,consumption_past30d,81,1464,1464,1464
uzbekistan,L2CU 2018-2025,data/interim/unpacked/uzbekistan/l2cu_v03/l2cu_cati_household_data_82.csv,household-round,consumption_past30d,82,1463,1463,1463
uzbekistan,L2CU 2018-2025,data/interim/unpacked/uzbekistan/l2cu_v03/l2cu_cati_household_data_82.csv,household-round,medical_past30d,1,1504,1504,1504
uzbekistan,L2CU 2018-2025,data/interim/unpacked/uzbekistan/l2cu_v03/l2cu_cati_household_data_82.csv,household-round,medical_past30d,2,1507,1507,1507
uzbekistan,L2CU 2018-2025,data/interim/unpacked/uzbekistan/l2cu_v03/l2cu_cati_household_data_82.csv,household-round,medical_past30d,3,1520,1520,1520
uzbekistan,L2CU 2018-2025,data/interim/unpacked/uzbekistan/l2cu_v03/l2cu_cati_household_data_82.csv,household-round,medical_past30d,4,1520,1520,1520
uzbekistan,L2CU 2018-2025,data/interim/unpacked/uzbekistan/l2cu_v03/l2cu_cati_household_data_82.csv,household-round,medical_past30d,5,1524,1524,1524
uzbekistan,L2CU 2018-2025,data/interim/unpacked/uzbekistan/l2cu_v03/l2cu_cati_household_data_82.csv,household-round,medical_past30d,6,1524,1524,1524
uzbekistan,L2CU 2018-2025,data/interim/unpacked/uzbekistan/l2cu_v03/l2cu_cati_household_data_82.csv,household-round,medical_past30d,7,1524,1524,1524
uzbekistan,L2CU 2018-2025,data/interim/unpacked/uzbekistan/l2cu_v03/l2cu_cati_household_data_82.csv,household-round,medical_past30d,8,1523,1523,1523
uzbekistan,L2CU 2018-2025,data/interim/unpacked/uzbekistan/l2cu_v03/l2cu_cati_household_data_82.csv,household-round,medical_past30d,9,1522,1522,1522
uzbekistan,L2CU 2018-2025,data/interim/unpacked/uzbekistan/l2cu_v03/l2cu_cati_household_data_82.csv,household-round,medical_past30d,10,1525,1525,1525
uzbekistan,L2CU 2018-2025,data/interim/unpacked/uzbekistan/l2cu_v03/l2cu_cati_household_data_82.csv,household-round,medical_past30d,11,1523,1523,1523
uzbekistan,L2CU 2018-2025,data/interim/unpacked/uzbekistan/l2cu_v03/l2cu_cati_household_data_82.csv,household-round,medical_past30d,12,1521,1521,1521
uzbekistan,L2CU 2018-2025,data/interim/unpacked/uzbekistan/l2cu_v03/l2cu_cati_household_data_82.csv,household-round,medical_past30d,13,1507,1507,1507
uzbekistan,L2CU 2018-2025,data/interim/unpacked/uzbekistan/l2cu_v03/l2cu_cati_household_data_82.csv,household-round,medical_past30d,14,1519,1519,1519
uzbekistan,L2CU 2018-2025,data/interim/unpacked/uzbekistan/l2cu_v03/l2cu_cati_household_data_82.csv,household-round,medical_past30d,15,1523,1523,1523
uzbekistan,L2CU 2018-2025,data/interim/unpacked/uzbekistan/l2cu_v03/l2cu_cati_household_data_82.csv,household-round,medical_past30d,16,1521,1521,1521
uzbekistan,L2CU 2018-2025,data/interim/unpacked/uzbekistan/l2cu_v03/l2cu_cati_household_data_82.csv,household-round,medical_past30d,17,1521,1521,1521
uzbekistan,L2CU 2018-2025,data/interim/unpacked/uzbekistan/l2cu_v03/l2cu_cati_household_data_82.csv,household-round,medical_past30d,18,1522,1522,1522
uzbekistan,L2CU 2018-2025,data/interim/unpacked/uzbekistan/l2cu_v03/l2cu_cati_household_data_82.csv,household-round,medical_past30d,19,1522,1522,1522
uzbekistan,L2CU 2018-2025,data/interim/unpacked/uzbekistan/l2cu_v03/l2cu_cati_household_data_82.csv,household-round,medical_past30d,20,1521,1521,1521
uzbekistan,L2CU 2018-2025,data/interim/unpacked/uzbekistan/l2cu_v03/l2cu_cati_household_data_82.csv,household-round,medical_past30d,21,1521,1521,1521
uzbekistan,L2CU 2018-2025,data/interim/unpacked/uzbekistan/l2cu_v03/l2cu_cati_household_data_82.csv,household-round,medical_past30d,22,1520,1520,1520
uzbekistan,L2CU 2018-2025,data/interim/unpacked/uzbekistan/l2cu_v03/l2cu_cati_household_data_82.csv,household-round,medical_past30d,23,1517,1517,1517
uzbekistan,L2CU 2018-2025,data/interim/unpacked/uzbekistan/l2cu_v03/l2cu_cati_household_data_82.csv,household-round,medical_past30d,24,1516,1516,1516
uzbekistan,L2CU 2018-2025,data/interim/unpacked/uzbekistan/l2cu_v03/l2cu_cati_household_data_82.csv,household-round,medical_past30d,25,1516,1516,1516
uzbekistan,L2CU 2018-2025,data/interim/unpacked/uzbekistan/l2cu_v03/l2cu_cati_household_data_82.csv,household-round,medical_past30d,26,1514,1514,1514
uzbekistan,L2CU 2018-2025,data/interim/unpacked/uzbekistan/l2cu_v03/l2cu_cati_household_data_82.csv,household-round,medical_past30d,27,1514,1514,1514
uzbekistan,L2CU 2018-2025,data/interim/unpacked/uzbekistan/l2cu_v03/l2cu_cati_household_data_82.csv,household-round,medical_past30d,28,1513,1513,1513
uzbekistan,L2CU 2018-2025,data/interim/unpacked/uzbekistan/l2cu_v03/l2cu_cati_household_data_82.csv,household-round,medical_past30d,29,1512,1512,1512
uzbekistan,L2CU 2018-2025,data/interim/unpacked/uzbekistan/l2cu_v03/l2cu_cati_household_data_82.csv,household-round,medical_past30d,30,1510,1510,1510
uzbekistan,L2CU 2018-2025,data/interim/unpacked/uzbekistan/l2cu_v03/l2cu_cati_household_data_82.csv,household-round,medical_past30d,31,1512,1512,1512
uzbekistan,L2CU 2018-2025,data/interim/unpacked/uzbekistan/l2cu_v03/l2cu_cati_household_data_82.csv,household-round,medical_past30d,32,1511,1511,1511
uzbekistan,L2CU 2018-2025,data/interim/unpacked/uzbekistan/l2cu_v03/l2cu_cati_household_data_82.csv,household-round,medical_past30d,33,1511,1511,1511
uzbekistan,L2CU 2018-2025,data/interim/unpacked/uzbekistan/l2cu_v03/l2cu_cati_household_data_82.csv,household-round,medical_past30d,34,1511,1511,1511
uzbekistan,L2CU 2018-2025,data/interim/unpacked/uzbekistan/l2cu_v03/l2cu_cati_household_data_82.csv,household-round,medical_past30d,35,1511,1511,1511
uzbekistan,L2CU 2018-2025,data/interim/unpacked/uzbekistan/l2cu_v03/l2cu_cati_household_data_82.csv,household-round,medical_past30d,36,1511,1511,1511
uzbekistan,L2CU 2018-2025,data/interim/unpacked/uzbekistan/l2cu_v03/l2cu_cati_household_data_82.csv,household-round,medical_past30d,37,1510,1510,1510
uzbekistan,L2CU 2018-2025,data/interim/unpacked/uzbekistan/l2cu_v03/l2cu_cati_household_data_82.csv,household-round,medical_past30d,38,1509,1509,1509
uzbekistan,L2CU 2018-2025,data/interim/unpacked/uzbekistan/l2cu_v03/l2cu_cati_household_data_82.csv,household-round,medical_past30d,39,1508,1508,1508
uzbekistan,L2CU 2018-2025,data/interim/unpacked/uzbekistan/l2cu_v03/l2cu_cati_household_data_82.csv,household-round,medical_past30d,40,1507,1507,1507
uzbekistan,L2CU 2018-2025,data/interim/unpacked/uzbekistan/l2cu_v03/l2cu_cati_household_data_82.csv,household-round,medical_past30d,41,1505,1505,1505
uzbekistan,L2CU 2018-2025,data/interim/unpacked/uzbekistan/l2cu_v03/l2cu_cati_household_data_82.csv,household-round,medical_past30d,42,1507,1507,1507
uzbekistan,L2CU 2018-2025,data/interim/unpacked/uzbekistan/l2cu_v03/l2cu_cati_household_data_82.csv,household-round,medical_past30d,43,1508,1508,1508
uzbekistan,L2CU 2018-2025,data/interim/unpacked/uzbekistan/l2cu_v03/l2cu_cati_household_data_82.csv,household-round,medical_past30d,44,1508,1508,1508
uzbekistan,L2CU 2018-2025,data/interim/unpacked/uzbekistan/l2cu_v03/l2cu_cati_household_data_82.csv,household-round,medical_past30d,45,1508,1508,1508
uzbekistan,L2CU 2018-2025,data/interim/unpacked/uzbekistan/l2cu_v03/l2cu_cati_household_data_82.csv,household-round,medical_past30d,46,1507,1507,1507
uzbekistan,L2CU 2018-2025,data/interim/unpacked/uzbekistan/l2cu_v03/l2cu_cati_household_data_82.csv,household-round,medical_past30d,47,1504,1504,1504
uzbekistan,L2CU 2018-2025,data/interim/unpacked/uzbekistan/l2cu_v03/l2cu_cati_household_data_82.csv,household-round,medical_past30d,48,1499,1499,1499
uzbekistan,L2CU 2018-2025,data/interim/unpacked/uzbekistan/l2cu_v03/l2cu_cati_household_data_82.csv,household-round,medical_past30d,49,1498,1498,1498
uzbekistan,L2CU 2018-2025,data/interim/unpacked/uzbekistan/l2cu_v03/l2cu_cati_household_data_82.csv,household-round,medical_past30d,50,1495,1495,1495
uzbekistan,L2CU 2018-2025,data/interim/unpacked/uzbekistan/l2cu_v03/l2cu_cati_household_data_82.csv,household-round,medical_past30d,51,1494,1494,1494
uzbekistan,L2CU 2018-2025,data/interim/unpacked/uzbekistan/l2cu_v03/l2cu_cati_household_data_82.csv,household-round,medical_past30d,52,1494,1494,1494
uzbekistan,L2CU 2018-2025,data/interim/unpacked/uzbekistan/l2cu_v03/l2cu_cati_household_data_82.csv,household-round,medical_past30d,53,1491,1491,1491
uzbekistan,L2CU 2018-2025,data/interim/unpacked/uzbekistan/l2cu_v03/l2cu_cati_household_data_82.csv,household-round,medical_past30d,54,1491,1491,1491
uzbekistan,L2CU 2018-2025,data/interim/unpacked/uzbekistan/l2cu_v03/l2cu_cati_household_data_82.csv,household-round,medical_past30d,55,1490,1490,1490
uzbekistan,L2CU 2018-2025,data/interim/unpacked/uzbekistan/l2cu_v03/l2cu_cati_household_data_82.csv,household-round,medical_past30d,56,1489,1489,1489
uzbekistan,L2CU 2018-2025,data/interim/unpacked/uzbekistan/l2cu_v03/l2cu_cati_household_data_82.csv,household-round,medical_past30d,57,1488,1488,1488
uzbekistan,L2CU 2018-2025,data/interim/unpacked/uzbekistan/l2cu_v03/l2cu_cati_household_data_82.csv,household-round,medical_past30d,58,1486,1486,1486
uzbekistan,L2CU 2018-2025,data/interim/unpacked/uzbekistan/l2cu_v03/l2cu_cati_household_data_82.csv,household-round,medical_past30d,59,1484,1484,1484
uzbekistan,L2CU 2018-2025,data/interim/unpacked/uzbekistan/l2cu_v03/l2cu_cati_household_data_82.csv,household-round,medical_past30d,60,1451,1451,1451
uzbekistan,L2CU 2018-2025,data/interim/unpacked/uzbekistan/l2cu_v03/l2cu_cati_household_data_82.csv,household-round,medical_past30d,61,1439,1439,1439
uzbekistan,L2CU 2018-2025,data/interim/unpacked/uzbekistan/l2cu_v03/l2cu_cati_household_data_82.csv,household-round,medical_past30d,62,1429,1429,1429
uzbekistan,L2CU 2018-2025,data/interim/unpacked/uzbekistan/l2cu_v03/l2cu_cati_household_data_82.csv,household-round,medical_past30d,63,1423,1423,1423
uzbekistan,L2CU 2018-2025,data/interim/unpacked/uzbekistan/l2cu_v03/l2cu_cati_household_data_82.csv,household-round,medical_past30d,64,1400,1400,1400
uzbekistan,L2CU 2018-2025,data/interim/unpacked/uzbekistan/l2cu_v03/l2cu_cati_household_data_82.csv,household-round,medical_past30d,65,1383,1383,1383
uzbekistan,L2CU 2018-2025,data/interim/unpacked/uzbekistan/l2cu_v03/l2cu_cati_household_data_82.csv,household-round,medical_past30d,66,1378,1378,1378
uzbekistan,L2CU 2018-2025,data/interim/unpacked/uzbekistan/l2cu_v03/l2cu_cati_household_data_82.csv,household-round,medical_past30d,67,1412,1412,1412
uzbekistan,L2CU 2018-2025,data/interim/unpacked/uzbekistan/l2cu_v03/l2cu_cati_household_data_82.csv,household-round,medical_past30d,68,1406,1406,1406
uzbekistan,L2CU 2018-2025,data/interim/unpacked/uzbekistan/l2cu_v03/l2cu_cati_household_data_82.csv,household-round,medical_past30d,69,1399,1399,1399
uzbekistan,L2CU 2018-2025,data/interim/unpacked/uzbekistan/l2cu_v03/l2cu_cati_household_data_82.csv,household-round,medical_past30d,70,1373,1373,1373
uzbekistan,L2CU 2018-2025,data/interim/unpacked/uzbekistan/l2cu_v03/l2cu_cati_household_data_82.csv,household-round,medical_past30d,71,1357,1357,1357
uzbekistan,L2CU 2018-2025,data/interim/unpacked/uzbekistan/l2cu_v03/l2cu_cati_household_data_82.csv,household-round,medical_past30d,72,1320,1320,1320
uzbekistan,L2CU 2018-2025,data/interim/unpacked/uzbekistan/l2cu_v03/l2cu_cati_household_data_82.csv,household-round,medical_past30d,73,1289,1289,1289
uzbekistan,L2CU 2018-2025,data/interim/unpacked/uzbekistan/l2cu_v03/l2cu_cati_household_data_82.csv,household-round,medical_past30d,74,1278,1278,1278
uzbekistan,L2CU 2018-2025,data/interim/unpacked/uzbekistan/l2cu_v03/l2cu_cati_household_data_82.csv,household-round,medical_past30d,75,1275,1275,1275
uzbekistan,L2CU 2018-2025,data/interim/unpacked/uzbekistan/l2cu_v03/l2cu_cati_household_data_82.csv,household-round,medical_past30d,76,1564,1564,1564
uzbekistan,L2CU 2018-2025,data/interim/unpacked/uzbekistan/l2cu_v03/l2cu_cati_household_data_82.csv,household-round,medical_past30d,77,1538,1538,1538
uzbekistan,L2CU 2018-2025,data/interim/unpacked/uzbekistan/l2cu_v03/l2cu_cati_household_data_82.csv,household-round,medical_past30d,78,1514,1514,1514
uzbekistan,L2CU 2018-2025,data/interim/unpacked/uzbekistan/l2cu_v03/l2cu_cati_household_data_82.csv,household-round,medical_past30d,79,1492,1492,1492
uzbekistan,L2CU 2018-2025,data/interim/unpacked/uzbekistan/l2cu_v03/l2cu_cati_household_data_82.csv,household-round,medical_past30d,80,1478,1478,1478
uzbekistan,L2CU 2018-2025,data/interim/unpacked/uzbekistan/l2cu_v03/l2cu_cati_household_data_82.csv,household-round,medical_past30d,81,1464,1464,1464
uzbekistan,L2CU 2018-2025,data/interim/unpacked/uzbekistan/l2cu_v03/l2cu_cati_household_data_82.csv,household-round,medical_past30d,82,1463,1463,1463
uzbekistan,L2CU 2018-2025,data/interim/unpacked/uzbekistan/l2cu_v03/l2cu_cati_household_data_82.csv,household-round,healthcare_past30d,1,1504,581,581
uzbekistan,L2CU 2018-2025,data/interim/unpacked/uzbekistan/l2cu_v03/l2cu_cati_household_data_82.csv,household-round,healthcare_past30d,2,1507,466,466
uzbekistan,L2CU 2018-2025,data/interim/unpacked/uzbekistan/l2cu_v03/l2cu_cati_household_data_82.csv,household-round,healthcare_past30d,3,1520,504,504
uzbekistan,L2CU 2018-2025,data/interim/unpacked/uzbekistan/l2cu_v03/l2cu_cati_household_data_82.csv,household-round,healthcare_past30d,4,1520,518,518
uzbekistan,L2CU 2018-2025,data/interim/unpacked/uzbekistan/l2cu_v03/l2cu_cati_household_data_82.csv,household-round,healthcare_past30d,5,1524,430,430
uzbekistan,L2CU 2018-2025,data/interim/unpacked/uzbekistan/l2cu_v03/l2cu_cati_household_data_82.csv,household-round,healthcare_past30d,6,1524,442,442
uzbekistan,L2CU 2018-2025,data/interim/unpacked/uzbekistan/l2cu_v03/l2cu_cati_household_data_82.csv,household-round,healthcare_past30d,7,1524,433,433
uzbekistan,L2CU 2018-2025,data/interim/unpacked/uzbekistan/l2cu_v03/l2cu_cati_household_data_82.csv,household-round,healthcare_past30d,8,1523,383,383
uzbekistan,L2CU 2018-2025,data/interim/unpacked/uzbekistan/l2cu_v03/l2cu_cati_household_data_82.csv,household-round,healthcare_past30d,9,1522,362,362
uzbekistan,L2CU 2018-2025,data/interim/unpacked/uzbekistan/l2cu_v03/l2cu_cati_household_data_82.csv,household-round,healthcare_past30d,10,1525,356,356
uzbekistan,L2CU 2018-2025,data/interim/unpacked/uzbekistan/l2cu_v03/l2cu_cati_household_data_82.csv,household-round,healthcare_past30d,11,1523,372,372
uzbekistan,L2CU 2018-2025,data/interim/unpacked/uzbekistan/l2cu_v03/l2cu_cati_household_data_82.csv,household-round,healthcare_past30d,12,1521,299,299
uzbekistan,L2CU 2018-2025,data/interim/unpacked/uzbekistan/l2cu_v03/l2cu_cati_household_data_82.csv,household-round,healthcare_past30d,13,1507,271,271
uzbekistan,L2CU 2018-2025,data/interim/unpacked/uzbekistan/l2cu_v03/l2cu_cati_household_data_82.csv,household-round,healthcare_past30d,14,1519,258,258
uzbekistan,L2CU 2018-2025,data/interim/unpacked/uzbekistan/l2cu_v03/l2cu_cati_household_data_82.csv,household-round,healthcare_past30d,15,1523,257,257
uzbekistan,L2CU 2018-2025,data/interim/unpacked/uzbekistan/l2cu_v03/l2cu_cati_household_data_82.csv,household-round,healthcare_past30d,16,1521,261,261
uzbekistan,L2CU 2018-2025,data/interim/unpacked/uzbekistan/l2cu_v03/l2cu_cati_household_data_82.csv,household-round,healthcare_past30d,17,1521,275,275
uzbekistan,L2CU 2018-2025,data/interim/unpacked/uzbekistan/l2cu_v03/l2cu_cati_household_data_82.csv,household-round,healthcare_past30d,18,1522,240,240
uzbekistan,L2CU 2018-2025,data/interim/unpacked/uzbekistan/l2cu_v03/l2cu_cati_household_data_82.csv,household-round,healthcare_past30d,19,1522,219,219
uzbekistan,L2CU 2018-2025,data/interim/unpacked/uzbekistan/l2cu_v03/l2cu_cati_household_data_82.csv,household-round,healthcare_past30d,20,1521,145,145
uzbekistan,L2CU 2018-2025,data/interim/unpacked/uzbekistan/l2cu_v03/l2cu_cati_household_data_82.csv,household-round,healthcare_past30d,21,1521,141,141
uzbekistan,L2CU 2018-2025,data/interim/unpacked/uzbekistan/l2cu_v03/l2cu_cati_household_data_82.csv,household-round,healthcare_past30d,22,1520,157,157
uzbekistan,L2CU 2018-2025,data/interim/unpacked/uzbekistan/l2cu_v03/l2cu_cati_household_data_82.csv,household-round,healthcare_past30d,23,1517,174,174
uzbekistan,L2CU 2018-2025,data/interim/unpacked/uzbekistan/l2cu_v03/l2cu_cati_household_data_82.csv,household-round,healthcare_past30d,24,1516,198,198
uzbekistan,L2CU 2018-2025,data/interim/unpacked/uzbekistan/l2cu_v03/l2cu_cati_household_data_82.csv,household-round,healthcare_past30d,25,1516,166,166
uzbekistan,L2CU 2018-2025,data/interim/unpacked/uzbekistan/l2cu_v03/l2cu_cati_household_data_82.csv,household-round,healthcare_past30d,26,1514,155,155
uzbekistan,L2CU 2018-2025,data/interim/unpacked/uzbekistan/l2cu_v03/l2cu_cati_household_data_82.csv,household-round,healthcare_past30d,27,1514,106,106
uzbekistan,L2CU 2018-2025,data/interim/unpacked/uzbekistan/l2cu_v03/l2cu_cati_household_data_82.csv,household-round,healthcare_past30d,28,1513,93,93
uzbekistan,L2CU 2018-2025,data/interim/unpacked/uzbekistan/l2cu_v03/l2cu_cati_household_data_82.csv,household-round,healthcare_past30d,29,1512,90,90
uzbekistan,L2CU 2018-2025,data/interim/unpacked/uzbekistan/l2cu_v03/l2cu_cati_household_data_82.csv,household-round,healthcare_past30d,30,1510,95,95
uzbekistan,L2CU 2018-2025,data/interim/unpacked/uzbekistan/l2cu_v03/l2cu_cati_household_data_82.csv,household-round,healthcare_past30d,31,1512,85,85
uzbekistan,L2CU 2018-2025,data/interim/unpacked/uzbekistan/l2cu_v03/l2cu_cati_household_data_82.csv,household-round,healthcare_past30d,32,1511,84,84
uzbekistan,L2CU 2018-2025,data/interim/unpacked/uzbekistan/l2cu_v03/l2cu_cati_household_data_82.csv,household-round,healthcare_past30d,33,1511,72,72
uzbekistan,L2CU 2018-2025,data/interim/unpacked/uzbekistan/l2cu_v03/l2cu_cati_household_data_82.csv,household-round,healthcare_past30d,34,1511,73,73
uzbekistan,L2CU 2018-2025,data/interim/unpacked/uzbekistan/l2cu_v03/l2cu_cati_household_data_82.csv,household-round,healthcare_past30d,35,1511,88,88
uzbekistan,L2CU 2018-2025,data/interim/unpacked/uzbekistan/l2cu_v03/l2cu_cati_household_data_82.csv,household-round,healthcare_past30d,36,1511,88,88
uzbekistan,L2CU 2018-2025,data/interim/unpacked/uzbekistan/l2cu_v03/l2cu_cati_household_data_82.csv,household-round,healthcare_past30d,37,1510,89,89
uzbekistan,L2CU 2018-2025,data/interim/unpacked/uzbekistan/l2cu_v03/l2cu_cati_household_data_82.csv,household-round,healthcare_past30d,38,1509,75,75
uzbekistan,L2CU 2018-2025,data/interim/unpacked/uzbekistan/l2cu_v03/l2cu_cati_household_data_82.csv,household-round,healthcare_past30d,39,1508,97,97
uzbekistan,L2CU 2018-2025,data/interim/unpacked/uzbekistan/l2cu_v03/l2cu_cati_household_data_82.csv,household-round,healthcare_past30d,40,1507,87,87
uzbekistan,L2CU 2018-2025,data/interim/unpacked/uzbekistan/l2cu_v03/l2cu_cati_household_data_82.csv,household-round,healthcare_past30d,41,1505,71,71
uzbekistan,L2CU 2018-2025,data/interim/unpacked/uzbekistan/l2cu_v03/l2cu_cati_household_data_82.csv,household-round,healthcare_past30d,42,1507,115,115
uzbekistan,L2CU 2018-2025,data/interim/unpacked/uzbekistan/l2cu_v03/l2cu_cati_household_data_82.csv,household-round,healthcare_past30d,43,1508,113,113
uzbekistan,L2CU 2018-2025,data/interim/unpacked/uzbekistan/l2cu_v03/l2cu_cati_household_data_82.csv,household-round,healthcare_past30d,44,1508,81,81
uzbekistan,L2CU 2018-2025,data/interim/unpacked/uzbekistan/l2cu_v03/l2cu_cati_household_data_82.csv,household-round,healthcare_past30d,45,1508,72,72
uzbekistan,L2CU 2018-2025,data/interim/unpacked/uzbekistan/l2cu_v03/l2cu_cati_household_data_82.csv,household-round,healthcare_past30d,46,1507,96,96
uzbekistan,L2CU 2018-2025,data/interim/unpacked/uzbekistan/l2cu_v03/l2cu_cati_household_data_82.csv,household-round,healthcare_past30d,47,1504,85,85
uzbekistan,L2CU 2018-2025,data/interim/unpacked/uzbekistan/l2cu_v03/l2cu_cati_household_data_82.csv,household-round,healthcare_past30d,48,1499,123,123
uzbekistan,L2CU 2018-2025,data/interim/unpacked/uzbekistan/l2cu_v03/l2cu_cati_household_data_82.csv,household-round,healthcare_past30d,49,1498,129,129
uzbekistan,L2CU 2018-2025,data/interim/unpacked/uzbekistan/l2cu_v03/l2cu_cati_household_data_82.csv,household-round,healthcare_past30d,50,1495,81,81
uzbekistan,L2CU 2018-2025,data/interim/unpacked/uzbekistan/l2cu_v03/l2cu_cati_household_data_82.csv,household-round,healthcare_past30d,51,1494,76,76
uzbekistan,L2CU 2018-2025,data/interim/unpacked/uzbekistan/l2cu_v03/l2cu_cati_household_data_82.csv,household-round,healthcare_past30d,52,1494,124,124
uzbekistan,L2CU 2018-2025,data/interim/unpacked/uzbekistan/l2cu_v03/l2cu_cati_household_data_82.csv,household-round,healthcare_past30d,53,1491,107,107
uzbekistan,L2CU 2018-2025,data/interim/unpacked/uzbekistan/l2cu_v03/l2cu_cati_household_data_82.csv,household-round,healthcare_past30d,54,1491,110,110
uzbekistan,L2CU 2018-2025,data/interim/unpacked/uzbekistan/l2cu_v03/l2cu_cati_household_data_82.csv,household-round,healthcare_past30d,55,1490,84,84
uzbekistan,L2CU 2018-2025,data/interim/unpacked/uzbekistan/l2cu_v03/l2cu_cati_household_data_82.csv,household-round,healthcare_past30d,56,1489,90,90
uzbekistan,L2CU 2018-2025,data/interim/unpacked/uzbekistan/l2cu_v03/l2cu_cati_household_data_82.csv,household-round,healthcare_past30d,57,1488,119,119
uzbekistan,L2CU 2018-2025,data/interim/unpacked/uzbekistan/l2cu_v03/l2cu_cati_household_data_82.csv,household-round,healthcare_past30d,58,1486,138,138
uzbekistan,L2CU 2018-2025,data/interim/unpacked/uzbekistan/l2cu_v03/l2cu_cati_household_data_82.csv,household-round,healthcare_past30d,59,1484,151,151
uzbekistan,L2CU 2018-2025,data/interim/unpacked/uzbekistan/l2cu_v03/l2cu_cati_household_data_82.csv,household-round,healthcare_past30d,60,1451,140,140
uzbekistan,L2CU 2018-2025,data/interim/unpacked/uzbekistan/l2cu_v03/l2cu_cati_household_data_82.csv,household-round,healthcare_past30d,61,1439,129,129
uzbekistan,L2CU 2018-2025,data/interim/unpacked/uzbekistan/l2cu_v03/l2cu_cati_household_data_82.csv,household-round,healthcare_past30d,62,1429,126,126
uzbekistan,L2CU 2018-2025,data/interim/unpacked/uzbekistan/l2cu_v03/l2cu_cati_household_data_82.csv,household-round,healthcare_past30d,63,1423,162,162
uzbekistan,L2CU 2018-2025,data/interim/unpacked/uzbekistan/l2cu_v03/l2cu_cati_household_data_82.csv,household-round,healthcare_past30d,64,1400,207,207
uzbekistan,L2CU 2018-2025,data/interim/unpacked/uzbekistan/l2cu_v03/l2cu_cati_household_data_82.csv,household-round,healthcare_past30d,65,1383,225,225
uzbekistan,L2CU 2018-2025,data/interim/unpacked/uzbekistan/l2cu_v03/l2cu_cati_household_data_82.csv,household-round,healthcare_past30d,66,1378,198,198
uzbekistan,L2CU 2018-2025,data/interim/unpacked/uzbekistan/l2cu_v03/l2cu_cati_household_data_82.csv,household-round,healthcare_past30d,67,1412,149,149
uzbekistan,L2CU 2018-2025,data/interim/unpacked/uzbekistan/l2cu_v03/l2cu_cati_household_data_82.csv,household-round,healthcare_past30d,68,1406,116,116
uzbekistan,L2CU 2018-2025,data/interim/unpacked/uzbekistan/l2cu_v03/l2cu_cati_household_data_82.csv,household-round,healthcare_past30d,69,1399,137,137
uzbekistan,L2CU 2018-2025,data/interim/unpacked/uzbekistan/l2cu_v03/l2cu_cati_household_data_82.csv,household-round,healthcare_past30d,70,1373,121,121
uzbekistan,L2CU 2018-2025,data/interim/unpacked/uzbekistan/l2cu_v03/l2cu_cati_household_data_82.csv,household-round,healthcare_past30d,71,1357,102,102
uzbekistan,L2CU 2018-2025,data/interim/unpacked/uzbekistan/l2cu_v03/l2cu_cati_household_data_82.csv,household-round,healthcare_past30d,72,1320,120,120
uzbekistan,L2CU 2018-2025,data/interim/unpacked/uzbekistan/l2cu_v03/l2cu_cati_household_data_82.csv,household-round,healthcare_past30d,73,1289,124,124
uzbekistan,L2CU 2018-2025,data/interim/unpacked/uzbekistan/l2cu_v03/l2cu_cati_household_data_82.csv,household-round,healthcare_past30d,74,1278,119,119
uzbekistan,L2CU 2018-2025,data/interim/unpacked/uzbekistan/l2cu_v03/l2cu_cati_household_data_82.csv,household-round,healthcare_past30d,75,1275,87,87
uzbekistan,L2CU 2018-2025,data/interim/unpacked/uzbekistan/l2cu_v03/l2cu_cati_household_data_82.csv,household-round,healthcare_past30d,76,1564,116,116
uzbekistan,L2CU 2018-2025,data/interim/unpacked/uzbekistan/l2cu_v03/l2cu_cati_household_data_82.csv,household-round,healthcare_past30d,77,1538,106,106
uzbekistan,L2CU 2018-2025,data/interim/unpacked/uzbekistan/l2cu_v03/l2cu_cati_household_data_82.csv,household-round,healthcare_past30d,78,1514,258,258
uzbekistan,L2CU 2018-2025,data/interim/unpacked/uzbekistan/l2cu_v03/l2cu_cati_household_data_82.csv,household-round,healthcare_past30d,79,1492,246,246
uzbekistan,L2CU 2018-2025,data/interim/unpacked/uzbekistan/l2cu_v03/l2cu_cati_household_data_82.csv,household-round,healthcare_past30d,80,1478,206,206
uzbekistan,L2CU 2018-2025,data/interim/unpacked/uzbekistan/l2cu_v03/l2cu_cati_household_data_82.csv,household-round,healthcare_past30d,81,1464,179,179
uzbekistan,L2CU 2018-2025,data/interim/unpacked/uzbekistan/l2cu_v03/l2cu_cati_household_data_82.csv,household-round,healthcare_past30d,82,1463,103,103
uzbekistan,L2CU 2018-2025,data/interim/unpacked/uzbekistan/l2cu_v03/l2cu_cati_household_data_82.csv,household-round,sick_past30d,1,1504,1504,1504
uzbekistan,L2CU 2018-2025,data/interim/unpacked/uzbekistan/l2cu_v03/l2cu_cati_household_data_82.csv,household-round,sick_past30d,2,1507,1507,1507
uzbekistan,L2CU 2018-2025,data/interim/unpacked/uzbekistan/l2cu_v03/l2cu_cati_household_data_82.csv,household-round,sick_past30d,3,1520,1520,1520
uzbekistan,L2CU 2018-2025,data/interim/unpacked/uzbekistan/l2cu_v03/l2cu_cati_household_data_82.csv,household-round,sick_past30d,4,1520,1520,1520
uzbekistan,L2CU 2018-2025,data/interim/unpacked/uzbekistan/l2cu_v03/l2cu_cati_household_data_82.csv,household-round,sick_past30d,5,1524,1524,1524
uzbekistan,L2CU 2018-2025,data/interim/unpacked/uzbekistan/l2cu_v03/l2cu_cati_household_data_82.csv,household-round,sick_past30d,6,1524,1524,1524
uzbekistan,L2CU 2018-2025,data/interim/unpacked/uzbekistan/l2cu_v03/l2cu_cati_household_data_82.csv,household-round,sick_past30d,7,1524,1524,1524
uzbekistan,L2CU 2018-2025,data/interim/unpacked/uzbekistan/l2cu_v03/l2cu_cati_household_data_82.csv,household-round,sick_past30d,8,1523,1523,1523
uzbekistan,L2CU 2018-2025,data/interim/unpacked/uzbekistan/l2cu_v03/l2cu_cati_household_data_82.csv,household-round,sick_past30d,9,1522,1522,1522
uzbekistan,L2CU 2018-2025,data/interim/unpacked/uzbekistan/l2cu_v03/l2cu_cati_household_data_82.csv,household-round,sick_past30d,10,1525,1525,1525
uzbekistan,L2CU 2018-2025,data/interim/unpacked/uzbekistan/l2cu_v03/l2cu_cati_household_data_82.csv,household-round,sick_past30d,11,1523,1523,1523
uzbekistan,L2CU 2018-2025,data/interim/unpacked/uzbekistan/l2cu_v03/l2cu_cati_household_data_82.csv,household-round,sick_past30d,12,1521,1521,1521
uzbekistan,L2CU 2018-2025,data/interim/unpacked/uzbekistan/l2cu_v03/l2cu_cati_household_data_82.csv,household-round,sick_past30d,13,1507,1507,1507
uzbekistan,L2CU 2018-2025,data/interim/unpacked/uzbekistan/l2cu_v03/l2cu_cati_household_data_82.csv,household-round,sick_past30d,14,1519,1519,1519
uzbekistan,L2CU 2018-2025,data/interim/unpacked/uzbekistan/l2cu_v03/l2cu_cati_household_data_82.csv,household-round,sick_past30d,15,1523,1523,1523
uzbekistan,L2CU 2018-2025,data/interim/unpacked/uzbekistan/l2cu_v03/l2cu_cati_household_data_82.csv,household-round,sick_past30d,16,1521,1521,1521
uzbekistan,L2CU 2018-2025,data/interim/unpacked/uzbekistan/l2cu_v03/l2cu_cati_household_data_82.csv,household-round,sick_past30d,17,1521,1521,1521
uzbekistan,L2CU 2018-2025,data/interim/unpacked/uzbekistan/l2cu_v03/l2cu_cati_household_data_82.csv,household-round,sick_past30d,18,1522,1522,1522
uzbekistan,L2CU 2018-2025,data/interim/unpacked/uzbekistan/l2cu_v03/l2cu_cati_household_data_82.csv,household-round,sick_past30d,19,1522,1522,1522
uzbekistan,L2CU 2018-2025,data/interim/unpacked/uzbekistan/l2cu_v03/l2cu_cati_household_data_82.csv,household-round,sick_past30d,20,1521,1521,1521
uzbekistan,L2CU 2018-2025,data/interim/unpacked/uzbekistan/l2cu_v03/l2cu_cati_household_data_82.csv,household-round,sick_past30d,21,1521,1521,1521
uzbekistan,L2CU 2018-2025,data/interim/unpacked/uzbekistan/l2cu_v03/l2cu_cati_household_data_82.csv,household-round,sick_past30d,22,1520,1520,1520
uzbekistan,L2CU 2018-2025,data/interim/unpacked/uzbekistan/l2cu_v03/l2cu_cati_household_data_82.csv,household-round,sick_past30d,23,1517,1517,1517
uzbekistan,L2CU 2018-2025,data/interim/unpacked/uzbekistan/l2cu_v03/l2cu_cati_household_data_82.csv,household-round,sick_past30d,24,1516,1516,1516
uzbekistan,L2CU 2018-2025,data/interim/unpacked/uzbekistan/l2cu_v03/l2cu_cati_household_data_82.csv,household-round,sick_past30d,25,1516,1516,1516
uzbekistan,L2CU 2018-2025,data/interim/unpacked/uzbekistan/l2cu_v03/l2cu_cati_household_data_82.csv,household-round,sick_past30d,26,1514,1514,1514
uzbekistan,L2CU 2018-2025,data/interim/unpacked/uzbekistan/l2cu_v03/l2cu_cati_household_data_82.csv,household-round,sick_past30d,27,1514,1514,1514
uzbekistan,L2CU 2018-2025,data/interim/unpacked/uzbekistan/l2cu_v03/l2cu_cati_household_data_82.csv,household-round,sick_past30d,28,1513,1513,1513
uzbekistan,L2CU 2018-2025,data/interim/unpacked/uzbekistan/l2cu_v03/l2cu_cati_household_data_82.csv,household-round,sick_past30d,29,1512,1512,1512
uzbekistan,L2CU 2018-2025,data/interim/unpacked/uzbekistan/l2cu_v03/l2cu_cati_household_data_82.csv,household-round,sick_past30d,30,1510,1510,1510
uzbekistan,L2CU 2018-2025,data/interim/unpacked/uzbekistan/l2cu_v03/l2cu_cati_household_data_82.csv,household-round,sick_past30d,31,1512,1512,1512
uzbekistan,L2CU 2018-2025,data/interim/unpacked/uzbekistan/l2cu_v03/l2cu_cati_household_data_82.csv,household-round,sick_past30d,32,1511,1511,1511
uzbekistan,L2CU 2018-2025,data/interim/unpacked/uzbekistan/l2cu_v03/l2cu_cati_household_data_82.csv,household-round,sick_past30d,33,1511,1511,1511
uzbekistan,L2CU 2018-2025,data/interim/unpacked/uzbekistan/l2cu_v03/l2cu_cati_household_data_82.csv,household-round,sick_past30d,34,1511,1511,1511
uzbekistan,L2CU 2018-2025,data/interim/unpacked/uzbekistan/l2cu_v03/l2cu_cati_household_data_82.csv,household-round,sick_past30d,35,1511,1511,1511
uzbekistan,L2CU 2018-2025,data/interim/unpacked/uzbekistan/l2cu_v03/l2cu_cati_household_data_82.csv,household-round,sick_past30d,36,1511,1511,1511
uzbekistan,L2CU 2018-2025,data/interim/unpacked/uzbekistan/l2cu_v03/l2cu_cati_household_data_82.csv,household-round,sick_past30d,37,1510,1510,1510
uzbekistan,L2CU 2018-2025,data/interim/unpacked/uzbekistan/l2cu_v03/l2cu_cati_household_data_82.csv,household-round,sick_past30d,38,1509,1509,1509
uzbekistan,L2CU 2018-2025,data/interim/unpacked/uzbekistan/l2cu_v03/l2cu_cati_household_data_82.csv,household-round,sick_past30d,39,1508,1508,1508
uzbekistan,L2CU 2018-2025,data/interim/unpacked/uzbekistan/l2cu_v03/l2cu_cati_household_data_82.csv,household-round,sick_past30d,40,1507,1507,1507
uzbekistan,L2CU 2018-2025,data/interim/unpacked/uzbekistan/l2cu_v03/l2cu_cati_household_data_82.csv,household-round,sick_past30d,41,1505,1505,1505
uzbekistan,L2CU 2018-2025,data/interim/unpacked/uzbekistan/l2cu_v03/l2cu_cati_household_data_82.csv,household-round,sick_past30d,42,1507,1507,1507
uzbekistan,L2CU 2018-2025,data/interim/unpacked/uzbekistan/l2cu_v03/l2cu_cati_household_data_82.csv,household-round,sick_past30d,43,1508,1508,1508
uzbekistan,L2CU 2018-2025,data/interim/unpacked/uzbekistan/l2cu_v03/l2cu_cati_household_data_82.csv,household-round,sick_past30d,44,1508,1508,1508
uzbekistan,L2CU 2018-2025,data/interim/unpacked/uzbekistan/l2cu_v03/l2cu_cati_household_data_82.csv,household-round,sick_past30d,45,1508,1508,1508
uzbekistan,L2CU 2018-2025,data/interim/unpacked/uzbekistan/l2cu_v03/l2cu_cati_household_data_82.csv,household-round,sick_past30d,46,1507,1507,1507
uzbekistan,L2CU 2018-2025,data/interim/unpacked/uzbekistan/l2cu_v03/l2cu_cati_household_data_82.csv,household-round,sick_past30d,47,1504,1504,1504
uzbekistan,L2CU 2018-2025,data/interim/unpacked/uzbekistan/l2cu_v03/l2cu_cati_household_data_82.csv,household-round,sick_past30d,48,1499,1499,1499
uzbekistan,L2CU 2018-2025,data/interim/unpacked/uzbekistan/l2cu_v03/l2cu_cati_household_data_82.csv,household-round,sick_past30d,49,1498,1498,1498
uzbekistan,L2CU 2018-2025,data/interim/unpacked/uzbekistan/l2cu_v03/l2cu_cati_household_data_82.csv,household-round,sick_past30d,50,1495,1495,1495
uzbekistan,L2CU 2018-2025,data/interim/unpacked/uzbekistan/l2cu_v03/l2cu_cati_household_data_82.csv,household-round,sick_past30d,51,1494,1494,1494
uzbekistan,L2CU 2018-2025,data/interim/unpacked/uzbekistan/l2cu_v03/l2cu_cati_household_data_82.csv,household-round,sick_past30d,52,1494,1494,1494
uzbekistan,L2CU 2018-2025,data/interim/unpacked/uzbekistan/l2cu_v03/l2cu_cati_household_data_82.csv,household-round,sick_past30d,53,1491,1491,1491
uzbekistan,L2CU 2018-2025,data/interim/unpacked/uzbekistan/l2cu_v03/l2cu_cati_household_data_82.csv,household-round,sick_past30d,54,1491,1491,1491
uzbekistan,L2CU 2018-2025,data/interim/unpacked/uzbekistan/l2cu_v03/l2cu_cati_household_data_82.csv,household-round,sick_past30d,55,1490,1490,1490
uzbekistan,L2CU 2018-2025,data/interim/unpacked/uzbekistan/l2cu_v03/l2cu_cati_household_data_82.csv,household-round,sick_past30d,56,1489,1489,1489
uzbekistan,L2CU 2018-2025,data/interim/unpacked/uzbekistan/l2cu_v03/l2cu_cati_household_data_82.csv,household-round,sick_past30d,57,1488,1488,1488
uzbekistan,L2CU 2018-2025,data/interim/unpacked/uzbekistan/l2cu_v03/l2cu_cati_household_data_82.csv,household-round,sick_past30d,58,1486,1486,1486
uzbekistan,L2CU 2018-2025,data/interim/unpacked/uzbekistan/l2cu_v03/l2cu_cati_household_data_82.csv,household-round,sick_past30d,59,1484,1484,1484
uzbekistan,L2CU 2018-2025,data/interim/unpacked/uzbekistan/l2cu_v03/l2cu_cati_household_data_82.csv,household-round,sick_past30d,60,1451,1451,1451
uzbekistan,L2CU 2018-2025,data/interim/unpacked/uzbekistan/l2cu_v03/l2cu_cati_household_data_82.csv,household-round,sick_past30d,61,1439,1439,1439
uzbekistan,L2CU 2018-2025,data/interim/unpacked/uzbekistan/l2cu_v03/l2cu_cati_household_data_82.csv,household-round,sick_past30d,62,1429,1429,1429
uzbekistan,L2CU 2018-2025,data/interim/unpacked/uzbekistan/l2cu_v03/l2cu_cati_household_data_82.csv,household-round,sick_past30d,63,1423,1423,1423
uzbekistan,L2CU 2018-2025,data/interim/unpacked/uzbekistan/l2cu_v03/l2cu_cati_household_data_82.csv,household-round,sick_past30d,64,1400,1400,1400
uzbekistan,L2CU 2018-2025,data/interim/unpacked/uzbekistan/l2cu_v03/l2cu_cati_household_data_82.csv,household-round,sick_past30d,65,1383,1383,1383
uzbekistan,L2CU 2018-2025,data/interim/unpacked/uzbekistan/l2cu_v03/l2cu_cati_household_data_82.csv,household-round,sick_past30d,66,1378,1378,1378
uzbekistan,L2CU 2018-2025,data/interim/unpacked/uzbekistan/l2cu_v03/l2cu_cati_household_data_82.csv,household-round,sick_past30d,67,1412,1412,1412
uzbekistan,L2CU 2018-2025,data/interim/unpacked/uzbekistan/l2cu_v03/l2cu_cati_household_data_82.csv,household-round,sick_past30d,68,1406,1406,1406
uzbekistan,L2CU 2018-2025,data/interim/unpacked/uzbekistan/l2cu_v03/l2cu_cati_household_data_82.csv,household-round,sick_past30d,69,1399,1399,1399
uzbekistan,L2CU 2018-2025,data/interim/unpacked/uzbekistan/l2cu_v03/l2cu_cati_household_data_82.csv,household-round,sick_past30d,70,1373,1373,1373
uzbekistan,L2CU 2018-2025,data/interim/unpacked/uzbekistan/l2cu_v03/l2cu_cati_household_data_82.csv,household-round,sick_past30d,71,1357,1357,1357
uzbekistan,L2CU 2018-2025,data/interim/unpacked/uzbekistan/l2cu_v03/l2cu_cati_household_data_82.csv,household-round,sick_past30d,72,1320,1320,1320
uzbekistan,L2CU 2018-2025,data/interim/unpacked/uzbekistan/l2cu_v03/l2cu_cati_household_data_82.csv,household-round,sick_past30d,73,1289,1289,1289
uzbekistan,L2CU 2018-2025,data/interim/unpacked/uzbekistan/l2cu_v03/l2cu_cati_household_data_82.csv,household-round,sick_past30d,74,1278,1278,1278
uzbekistan,L2CU 2018-2025,data/interim/unpacked/uzbekistan/l2cu_v03/l2cu_cati_household_data_82.csv,household-round,sick_past30d,75,1275,1275,1275
uzbekistan,L2CU 2018-2025,data/interim/unpacked/uzbekistan/l2cu_v03/l2cu_cati_household_data_82.csv,household-round,sick_past30d,76,1564,1564,1564
uzbekistan,L2CU 2018-2025,data/interim/unpacked/uzbekistan/l2cu_v03/l2cu_cati_household_data_82.csv,household-round,sick_past30d,77,1538,1538,1538
uzbekistan,L2CU 2018-2025,data/interim/unpacked/uzbekistan/l2cu_v03/l2cu_cati_household_data_82.csv,household-round,sick_past30d,78,1514,1514,1514
uzbekistan,L2CU 2018-2025,data/interim/unpacked/uzbekistan/l2cu_v03/l2cu_cati_household_data_82.csv,household-round,sick_past30d,79,1492,1492,1492
uzbekistan,L2CU 2018-2025,data/interim/unpacked/uzbekistan/l2cu_v03/l2cu_cati_household_data_82.csv,household-round,sick_past30d,80,1478,1478,1478
uzbekistan,L2CU 2018-2025,data/interim/unpacked/uzbekistan/l2cu_v03/l2cu_cati_household_data_82.csv,household-round,sick_past30d,81,1464,1464,1464
uzbekistan,L2CU 2018-2025,data/interim/unpacked/uzbekistan/l2cu_v03/l2cu_cati_household_data_82.csv,household-round,sick_past30d,82,1463,1463,1463
uzbekistan,L2CU 2018-2025,data/interim/unpacked/uzbekistan/l2cu_v03/l2cu_cati_household_data_82.csv,household-round,economic_condition,1,1504,1504,1504
uzbekistan,L2CU 2018-2025,data/interim/unpacked/uzbekistan/l2cu_v03/l2cu_cati_household_data_82.csv,household-round,economic_condition,2,1507,1507,1507
uzbekistan,L2CU 2018-2025,data/interim/unpacked/uzbekistan/l2cu_v03/l2cu_cati_household_data_82.csv,household-round,economic_condition,3,1520,1520,1520
uzbekistan,L2CU 2018-2025,data/interim/unpacked/uzbekistan/l2cu_v03/l2cu_cati_household_data_82.csv,household-round,economic_condition,4,1520,1520,1520
uzbekistan,L2CU 2018-2025,data/interim/unpacked/uzbekistan/l2cu_v03/l2cu_cati_household_data_82.csv,household-round,economic_condition,5,1524,1524,1524
uzbekistan,L2CU 2018-2025,data/interim/unpacked/uzbekistan/l2cu_v03/l2cu_cati_household_data_82.csv,household-round,economic_condition,6,1524,1524,1524
uzbekistan,L2CU 2018-2025,data/interim/unpacked/uzbekistan/l2cu_v03/l2cu_cati_household_data_82.csv,household-round,economic_condition,7,1524,1524,1524
uzbekistan,L2CU 2018-2025,data/interim/unpacked/uzbekistan/l2cu_v03/l2cu_cati_household_data_82.csv,household-round,economic_condition,8,1523,1523,1523
uzbekistan,L2CU 2018-2025,data/interim/unpacked/uzbekistan/l2cu_v03/l2cu_cati_household_data_82.csv,household-round,economic_condition,9,1522,1522,1522
uzbekistan,L2CU 2018-2025,data/interim/unpacked/uzbekistan/l2cu_v03/l2cu_cati_household_data_82.csv,household-round,economic_condition,10,1525,1525,1525
uzbekistan,L2CU 2018-2025,data/interim/unpacked/uzbekistan/l2cu_v03/l2cu_cati_household_data_82.csv,household-round,economic_condition,11,1523,1523,1523
uzbekistan,L2CU 2018-2025,data/interim/unpacked/uzbekistan/l2cu_v03/l2cu_cati_household_data_82.csv,household-round,economic_condition,12,1521,1521,1521
uzbekistan,L2CU 2018-2025,data/interim/unpacked/uzbekistan/l2cu_v03/l2cu_cati_household_data_82.csv,household-round,economic_condition,13,1507,1507,1507
uzbekistan,L2CU 2018-2025,data/interim/unpacked/uzbekistan/l2cu_v03/l2cu_cati_household_data_82.csv,household-round,economic_condition,14,1519,1519,1519
uzbekistan,L2CU 2018-2025,data/interim/unpacked/uzbekistan/l2cu_v03/l2cu_cati_household_data_82.csv,household-round,economic_condition,15,1523,1523,1523
uzbekistan,L2CU 2018-2025,data/interim/unpacked/uzbekistan/l2cu_v03/l2cu_cati_household_data_82.csv,household-round,economic_condition,16,1521,1521,1521
uzbekistan,L2CU 2018-2025,data/interim/unpacked/uzbekistan/l2cu_v03/l2cu_cati_household_data_82.csv,household-round,economic_condition,17,1521,1521,1521
uzbekistan,L2CU 2018-2025,data/interim/unpacked/uzbekistan/l2cu_v03/l2cu_cati_household_data_82.csv,household-round,economic_condition,18,1522,1522,1522
uzbekistan,L2CU 2018-2025,data/interim/unpacked/uzbekistan/l2cu_v03/l2cu_cati_household_data_82.csv,household-round,economic_condition,19,1522,1522,1522
uzbekistan,L2CU 2018-2025,data/interim/unpacked/uzbekistan/l2cu_v03/l2cu_cati_household_data_82.csv,household-round,economic_condition,20,1521,1521,1521
uzbekistan,L2CU 2018-2025,data/interim/unpacked/uzbekistan/l2cu_v03/l2cu_cati_household_data_82.csv,household-round,economic_condition,21,1521,1521,1521
uzbekistan,L2CU 2018-2025,data/interim/unpacked/uzbekistan/l2cu_v03/l2cu_cati_household_data_82.csv,household-round,economic_condition,22,1520,1520,1520
uzbekistan,L2CU 2018-2025,data/interim/unpacked/uzbekistan/l2cu_v03/l2cu_cati_household_data_82.csv,household-round,economic_condition,23,1517,1517,1517
uzbekistan,L2CU 2018-2025,data/interim/unpacked/uzbekistan/l2cu_v03/l2cu_cati_household_data_82.csv,household-round,economic_condition,24,1516,1516,1516
uzbekistan,L2CU 2018-2025,data/interim/unpacked/uzbekistan/l2cu_v03/l2cu_cati_household_data_82.csv,household-round,economic_condition,25,1516,1516,1516
uzbekistan,L2CU 2018-2025,data/interim/unpacked/uzbekistan/l2cu_v03/l2cu_cati_household_data_82.csv,household-round,economic_condition,26,1514,1514,1514
uzbekistan,L2CU 2018-2025,data/interim/unpacked/uzbekistan/l2cu_v03/l2cu_cati_household_data_82.csv,household-round,economic_condition,27,1514,1514,1514
uzbekistan,L2CU 2018-2025,data/interim/unpacked/uzbekistan/l2cu_v03/l2cu_cati_household_data_82.csv,household-round,economic_condition,28,1513,1513,1513
uzbekistan,L2CU 2018-2025,data/interim/unpacked/uzbekistan/l2cu_v03/l2cu_cati_household_data_82.csv,household-round,economic_condition,29,1512,1512,1512
uzbekistan,L2CU 2018-2025,data/interim/unpacked/uzbekistan/l2cu_v03/l2cu_cati_household_data_82.csv,household-round,economic_condition,30,1510,1510,1510
uzbekistan,L2CU 2018-2025,data/interim/unpacked/uzbekistan/l2cu_v03/l2cu_cati_household_data_82.csv,household-round,economic_condition,31,1512,1512,1512
uzbekistan,L2CU 2018-2025,data/interim/unpacked/uzbekistan/l2cu_v03/l2cu_cati_household_data_82.csv,household-round,economic_condition,32,1511,1511,1511
uzbekistan,L2CU 2018-2025,data/interim/unpacked/uzbekistan/l2cu_v03/l2cu_cati_household_data_82.csv,household-round,economic_condition,33,1511,1511,1511
uzbekistan,L2CU 2018-2025,data/interim/unpacked/uzbekistan/l2cu_v03/l2cu_cati_household_data_82.csv,household-round,economic_condition,34,1511,1511,1511
uzbekistan,L2CU 2018-2025,data/interim/unpacked/uzbekistan/l2cu_v03/l2cu_cati_household_data_82.csv,household-round,economic_condition,35,1511,1511,1511
uzbekistan,L2CU 2018-2025,data/interim/unpacked/uzbekistan/l2cu_v03/l2cu_cati_household_data_82.csv,household-round,economic_condition,36,1511,1511,1511
uzbekistan,L2CU 2018-2025,data/interim/unpacked/uzbekistan/l2cu_v03/l2cu_cati_household_data_82.csv,household-round,economic_condition,37,1510,1510,1510
uzbekistan,L2CU 2018-2025,data/interim/unpacked/uzbekistan/l2cu_v03/l2cu_cati_household_data_82.csv,household-round,economic_condition,38,1509,1509,1509
uzbekistan,L2CU 2018-2025,data/interim/unpacked/uzbekistan/l2cu_v03/l2cu_cati_household_data_82.csv,household-round,economic_condition,39,1508,1508,1508
uzbekistan,L2CU 2018-2025,data/interim/unpacked/uzbekistan/l2cu_v03/l2cu_cati_household_data_82.csv,household-round,economic_condition,40,1507,1507,1507
uzbekistan,L2CU 2018-2025,data/interim/unpacked/uzbekistan/l2cu_v03/l2cu_cati_household_data_82.csv,household-round,economic_condition,41,1505,1505,1505
uzbekistan,L2CU 2018-2025,data/interim/unpacked/uzbekistan/l2cu_v03/l2cu_cati_household_data_82.csv,household-round,economic_condition,42,1507,1507,1507
uzbekistan,L2CU 2018-2025,data/interim/unpacked/uzbekistan/l2cu_v03/l2cu_cati_household_data_82.csv,household-round,economic_condition,43,1508,1508,1508
uzbekistan,L2CU 2018-2025,data/interim/unpacked/uzbekistan/l2cu_v03/l2cu_cati_household_data_82.csv,household-round,economic_condition,44,1508,1508,1508
uzbekistan,L2CU 2018-2025,data/interim/unpacked/uzbekistan/l2cu_v03/l2cu_cati_household_data_82.csv,household-round,economic_condition,45,1508,1508,1508
uzbekistan,L2CU 2018-2025,data/interim/unpacked/uzbekistan/l2cu_v03/l2cu_cati_household_data_82.csv,household-round,economic_condition,46,1507,1507,1507
uzbekistan,L2CU 2018-2025,data/interim/unpacked/uzbekistan/l2cu_v03/l2cu_cati_household_data_82.csv,household-round,economic_condition,47,1504,1504,1504
uzbekistan,L2CU 2018-2025,data/interim/unpacked/uzbekistan/l2cu_v03/l2cu_cati_household_data_82.csv,household-round,economic_condition,48,1499,1499,1499
uzbekistan,L2CU 2018-2025,data/interim/unpacked/uzbekistan/l2cu_v03/l2cu_cati_household_data_82.csv,household-round,economic_condition,49,1498,1498,1498
uzbekistan,L2CU 2018-2025,data/interim/unpacked/uzbekistan/l2cu_v03/l2cu_cati_household_data_82.csv,household-round,economic_condition,50,1495,1495,1495
uzbekistan,L2CU 2018-2025,data/interim/unpacked/uzbekistan/l2cu_v03/l2cu_cati_household_data_82.csv,household-round,economic_condition,51,1494,1494,1494
uzbekistan,L2CU 2018-2025,data/interim/unpacked/uzbekistan/l2cu_v03/l2cu_cati_household_data_82.csv,household-round,economic_condition,52,1494,1494,1494
uzbekistan,L2CU 2018-2025,data/interim/unpacked/uzbekistan/l2cu_v03/l2cu_cati_household_data_82.csv,household-round,economic_condition,53,1491,1491,1491
uzbekistan,L2CU 2018-2025,data/interim/unpacked/uzbekistan/l2cu_v03/l2cu_cati_household_data_82.csv,household-round,economic_condition,54,1491,1491,1491
uzbekistan,L2CU 2018-2025,data/interim/unpacked/uzbekistan/l2cu_v03/l2cu_cati_household_data_82.csv,household-round,economic_condition,55,1490,1490,1490
uzbekistan,L2CU 2018-2025,data/interim/unpacked/uzbekistan/l2cu_v03/l2cu_cati_household_data_82.csv,household-round,economic_condition,56,1489,1489,1489
uzbekistan,L2CU 2018-2025,data/interim/unpacked/uzbekistan/l2cu_v03/l2cu_cati_household_data_82.csv,household-round,economic_condition,57,1488,1488,1488
uzbekistan,L2CU 2018-2025,data/interim/unpacked/uzbekistan/l2cu_v03/l2cu_cati_household_data_82.csv,household-round,economic_condition,58,1486,1486,1486
uzbekistan,L2CU 2018-2025,data/interim/unpacked/uzbekistan/l2cu_v03/l2cu_cati_household_data_82.csv,household-round,economic_condition,59,1484,1484,1484
uzbekistan,L2CU 2018-2025,data/interim/unpacked/uzbekistan/l2cu_v03/l2cu_cati_household_data_82.csv,household-round,economic_condition,60,1451,1451,1451
uzbekistan,L2CU 2018-2025,data/interim/unpacked/uzbekistan/l2cu_v03/l2cu_cati_household_data_82.csv,household-round,economic_condition,61,1439,1439,1439
uzbekistan,L2CU 2018-2025,data/interim/unpacked/uzbekistan/l2cu_v03/l2cu_cati_household_data_82.csv,household-round,economic_condition,62,1429,1429,1429
uzbekistan,L2CU 2018-2025,data/interim/unpacked/uzbekistan/l2cu_v03/l2cu_cati_household_data_82.csv,household-round,economic_condition,63,1423,1423,1423
uzbekistan,L2CU 2018-2025,data/interim/unpacked/uzbekistan/l2cu_v03/l2cu_cati_household_data_82.csv,household-round,economic_condition,64,1400,1400,1400
uzbekistan,L2CU 2018-2025,data/interim/unpacked/uzbekistan/l2cu_v03/l2cu_cati_household_data_82.csv,household-round,economic_condition,65,1383,1383,1383
uzbekistan,L2CU 2018-2025,data/interim/unpacked/uzbekistan/l2cu_v03/l2cu_cati_household_data_82.csv,household-round,economic_condition,66,1378,1378,1378
uzbekistan,L2CU 2018-2025,data/interim/unpacked/uzbekistan/l2cu_v03/l2cu_cati_household_data_82.csv,household-round,economic_condition,67,1412,1412,1412
uzbekistan,L2CU 2018-2025,data/interim/unpacked/uzbekistan/l2cu_v03/l2cu_cati_household_data_82.csv,household-round,economic_condition,68,1406,1406,1406
uzbekistan,L2CU 2018-2025,data/interim/unpacked/uzbekistan/l2cu_v03/l2cu_cati_household_data_82.csv,household-round,economic_condition,69,1399,1399,1399
uzbekistan,L2CU 2018-2025,data/interim/unpacked/uzbekistan/l2cu_v03/l2cu_cati_household_data_82.csv,household-round,economic_condition,70,1373,1373,1373
uzbekistan,L2CU 2018-2025,data/interim/unpacked/uzbekistan/l2cu_v03/l2cu_cati_household_data_82.csv,household-round,economic_condition,71,1357,1357,1357
uzbekistan,L2CU 2018-2025,data/interim/unpacked/uzbekistan/l2cu_v03/l2cu_cati_household_data_82.csv,household-round,economic_condition,72,1320,1320,1320
uzbekistan,L2CU 2018-2025,data/interim/unpacked/uzbekistan/l2cu_v03/l2cu_cati_household_data_82.csv,household-round,economic_condition,73,1289,1289,1289
uzbekistan,L2CU 2018-2025,data/interim/unpacked/uzbekistan/l2cu_v03/l2cu_cati_household_data_82.csv,household-round,economic_condition,74,1278,1278,1278
uzbekistan,L2CU 2018-2025,data/interim/unpacked/uzbekistan/l2cu_v03/l2cu_cati_household_data_82.csv,household-round,economic_condition,75,1275,1275,1275
uzbekistan,L2CU 2018-2025,data/interim/unpacked/uzbekistan/l2cu_v03/l2cu_cati_household_data_82.csv,household-round,economic_condition,76,1564,1564,1564
uzbekistan,L2CU 2018-2025,data/interim/unpacked/uzbekistan/l2cu_v03/l2cu_cati_household_data_82.csv,household-round,economic_condition,77,1538,1538,1538
uzbekistan,L2CU 2018-2025,data/interim/unpacked/uzbekistan/l2cu_v03/l2cu_cati_household_data_82.csv,household-round,economic_condition,78,1514,1514,1514
uzbekistan,L2CU 2018-2025,data/interim/unpacked/uzbekistan/l2cu_v03/l2cu_cati_household_data_82.csv,household-round,economic_condition,79,1492,1492,1492
uzbekistan,L2CU 2018-2025,data/interim/unpacked/uzbekistan/l2cu_v03/l2cu_cati_household_data_82.csv,household-round,economic_condition,80,1478,1478,1478
uzbekistan,L2CU 2018-2025,data/interim/unpacked/uzbekistan/l2cu_v03/l2cu_cati_household_data_82.csv,household-round,economic_condition,81,1464,1464,1464
uzbekistan,L2CU 2018-2025,data/interim/unpacked/uzbekistan/l2cu_v03/l2cu_cati_household_data_82.csv,household-round,economic_condition,82,1463,1463,1463
uzbekistan,L2CU 2018-2025,data/interim/unpacked/uzbekistan/l2cu_v03/l2cu_cati_household_data_82.csv,household-round,economic_challenge,1,1504,1504,1504
uzbekistan,L2CU 2018-2025,data/interim/unpacked/uzbekistan/l2cu_v03/l2cu_cati_household_data_82.csv,household-round,economic_challenge,2,1507,1507,1507
uzbekistan,L2CU 2018-2025,data/interim/unpacked/uzbekistan/l2cu_v03/l2cu_cati_household_data_82.csv,household-round,economic_challenge,3,1520,1520,1520
uzbekistan,L2CU 2018-2025,data/interim/unpacked/uzbekistan/l2cu_v03/l2cu_cati_household_data_82.csv,household-round,economic_challenge,4,1520,1520,1520
uzbekistan,L2CU 2018-2025,data/interim/unpacked/uzbekistan/l2cu_v03/l2cu_cati_household_data_82.csv,household-round,economic_challenge,5,1524,1524,1524
uzbekistan,L2CU 2018-2025,data/interim/unpacked/uzbekistan/l2cu_v03/l2cu_cati_household_data_82.csv,household-round,economic_challenge,6,1524,1524,1524
uzbekistan,L2CU 2018-2025,data/interim/unpacked/uzbekistan/l2cu_v03/l2cu_cati_household_data_82.csv,household-round,economic_challenge,7,1524,1524,1524
uzbekistan,L2CU 2018-2025,data/interim/unpacked/uzbekistan/l2cu_v03/l2cu_cati_household_data_82.csv,household-round,economic_challenge,8,1523,1523,1523
uzbekistan,L2CU 2018-2025,data/interim/unpacked/uzbekistan/l2cu_v03/l2cu_cati_household_data_82.csv,household-round,economic_challenge,9,1522,1522,1522
uzbekistan,L2CU 2018-2025,data/interim/unpacked/uzbekistan/l2cu_v03/l2cu_cati_household_data_82.csv,household-round,economic_challenge,10,1525,1525,1525
uzbekistan,L2CU 2018-2025,data/interim/unpacked/uzbekistan/l2cu_v03/l2cu_cati_household_data_82.csv,household-round,economic_challenge,11,1523,1523,1523
uzbekistan,L2CU 2018-2025,data/interim/unpacked/uzbekistan/l2cu_v03/l2cu_cati_household_data_82.csv,household-round,economic_challenge,12,1521,1521,1521
uzbekistan,L2CU 2018-2025,data/interim/unpacked/uzbekistan/l2cu_v03/l2cu_cati_household_data_82.csv,household-round,economic_challenge,13,1507,1507,1507
uzbekistan,L2CU 2018-2025,data/interim/unpacked/uzbekistan/l2cu_v03/l2cu_cati_household_data_82.csv,household-round,economic_challenge,14,1519,1519,1519
uzbekistan,L2CU 2018-2025,data/interim/unpacked/uzbekistan/l2cu_v03/l2cu_cati_household_data_82.csv,household-round,economic_challenge,15,1523,1523,1523
uzbekistan,L2CU 2018-2025,data/interim/unpacked/uzbekistan/l2cu_v03/l2cu_cati_household_data_82.csv,household-round,economic_challenge,16,1521,1521,1521
uzbekistan,L2CU 2018-2025,data/interim/unpacked/uzbekistan/l2cu_v03/l2cu_cati_household_data_82.csv,household-round,economic_challenge,17,1521,1521,1521
uzbekistan,L2CU 2018-2025,data/interim/unpacked/uzbekistan/l2cu_v03/l2cu_cati_household_data_82.csv,household-round,economic_challenge,18,1522,1522,1522
uzbekistan,L2CU 2018-2025,data/interim/unpacked/uzbekistan/l2cu_v03/l2cu_cati_household_data_82.csv,household-round,economic_challenge,19,1522,1522,1522
uzbekistan,L2CU 2018-2025,data/interim/unpacked/uzbekistan/l2cu_v03/l2cu_cati_household_data_82.csv,household-round,economic_challenge,20,1521,1521,1521
uzbekistan,L2CU 2018-2025,data/interim/unpacked/uzbekistan/l2cu_v03/l2cu_cati_household_data_82.csv,household-round,economic_challenge,21,1521,1521,1521
uzbekistan,L2CU 2018-2025,data/interim/unpacked/uzbekistan/l2cu_v03/l2cu_cati_household_data_82.csv,household-round,economic_challenge,22,1520,1520,1520
uzbekistan,L2CU 2018-2025,data/interim/unpacked/uzbekistan/l2cu_v03/l2cu_cati_household_data_82.csv,household-round,economic_challenge,23,1517,1517,1517
uzbekistan,L2CU 2018-2025,data/interim/unpacked/uzbekistan/l2cu_v03/l2cu_cati_household_data_82.csv,household-round,economic_challenge,24,1516,1516,1516
uzbekistan,L2CU 2018-2025,data/interim/unpacked/uzbekistan/l2cu_v03/l2cu_cati_household_data_82.csv,household-round,economic_challenge,25,1516,1516,1516
uzbekistan,L2CU 2018-2025,data/interim/unpacked/uzbekistan/l2cu_v03/l2cu_cati_household_data_82.csv,household-round,economic_challenge,26,1514,1514,1514
uzbekistan,L2CU 2018-2025,data/interim/unpacked/uzbekistan/l2cu_v03/l2cu_cati_household_data_82.csv,household-round,economic_challenge,27,1514,1514,1514
uzbekistan,L2CU 2018-2025,data/interim/unpacked/uzbekistan/l2cu_v03/l2cu_cati_household_data_82.csv,household-round,economic_challenge,28,1513,1513,1513
uzbekistan,L2CU 2018-2025,data/interim/unpacked/uzbekistan/l2cu_v03/l2cu_cati_household_data_82.csv,household-round,economic_challenge,29,1512,1512,1512
uzbekistan,L2CU 2018-2025,data/interim/unpacked/uzbekistan/l2cu_v03/l2cu_cati_household_data_82.csv,household-round,economic_challenge,30,1510,1510,1510
uzbekistan,L2CU 2018-2025,data/interim/unpacked/uzbekistan/l2cu_v03/l2cu_cati_household_data_82.csv,household-round,economic_challenge,31,1512,1512,1512
uzbekistan,L2CU 2018-2025,data/interim/unpacked/uzbekistan/l2cu_v03/l2cu_cati_household_data_82.csv,household-round,economic_challenge,32,1511,1511,1511
uzbekistan,L2CU 2018-2025,data/interim/unpacked/uzbekistan/l2cu_v03/l2cu_cati_household_data_82.csv,household-round,economic_challenge,33,1511,1511,1511
uzbekistan,L2CU 2018-2025,data/interim/unpacked/uzbekistan/l2cu_v03/l2cu_cati_household_data_82.csv,household-round,economic_challenge,34,1511,1511,1511
uzbekistan,L2CU 2018-2025,data/interim/unpacked/uzbekistan/l2cu_v03/l2cu_cati_household_data_82.csv,household-round,economic_challenge,35,1511,1511,1511
uzbekistan,L2CU 2018-2025,data/interim/unpacked/uzbekistan/l2cu_v03/l2cu_cati_household_data_82.csv,household-round,economic_challenge,36,1511,1511,1511
uzbekistan,L2CU 2018-2025,data/interim/unpacked/uzbekistan/l2cu_v03/l2cu_cati_household_data_82.csv,household-round,economic_challenge,37,1510,1510,1510
uzbekistan,L2CU 2018-2025,data/interim/unpacked/uzbekistan/l2cu_v03/l2cu_cati_household_data_82.csv,household-round,economic_challenge,38,1509,1509,1509
uzbekistan,L2CU 2018-2025,data/interim/unpacked/uzbekistan/l2cu_v03/l2cu_cati_household_data_82.csv,household-round,economic_challenge,39,1508,1508,1508
uzbekistan,L2CU 2018-2025,data/interim/unpacked/uzbekistan/l2cu_v03/l2cu_cati_household_data_82.csv,household-round,economic_challenge,40,1507,1507,1507
uzbekistan,L2CU 2018-2025,data/interim/unpacked/uzbekistan/l2cu_v03/l2cu_cati_household_data_82.csv,household-round,economic_challenge,41,1505,1505,1505
uzbekistan,L2CU 2018-2025,data/interim/unpacked/uzbekistan/l2cu_v03/l2cu_cati_household_data_82.csv,household-round,economic_challenge,42,1507,1507,1507
uzbekistan,L2CU 2018-2025,data/interim/unpacked/uzbekistan/l2cu_v03/l2cu_cati_household_data_82.csv,household-round,economic_challenge,43,1508,1508,1508
uzbekistan,L2CU 2018-2025,data/interim/unpacked/uzbekistan/l2cu_v03/l2cu_cati_household_data_82.csv,household-round,economic_challenge,44,1508,1508,1508
uzbekistan,L2CU 2018-2025,data/interim/unpacked/uzbekistan/l2cu_v03/l2cu_cati_household_data_82.csv,household-round,economic_challenge,45,1508,1508,1508
uzbekistan,L2CU 2018-2025,data/interim/unpacked/uzbekistan/l2cu_v03/l2cu_cati_household_data_82.csv,household-round,economic_challenge,46,1507,1507,1507
uzbekistan,L2CU 2018-2025,data/interim/unpacked/uzbekistan/l2cu_v03/l2cu_cati_household_data_82.csv,household-round,economic_challenge,47,1504,1504,1504
uzbekistan,L2CU 2018-2025,data/interim/unpacked/uzbekistan/l2cu_v03/l2cu_cati_household_data_82.csv,household-round,economic_challenge,48,1499,1499,1499
uzbekistan,L2CU 2018-2025,data/interim/unpacked/uzbekistan/l2cu_v03/l2cu_cati_household_data_82.csv,household-round,economic_challenge,49,1498,1498,1498
uzbekistan,L2CU 2018-2025,data/interim/unpacked/uzbekistan/l2cu_v03/l2cu_cati_household_data_82.csv,household-round,economic_challenge,50,1495,1495,1495
uzbekistan,L2CU 2018-2025,data/interim/unpacked/uzbekistan/l2cu_v03/l2cu_cati_household_data_82.csv,household-round,economic_challenge,51,1494,1494,1494
uzbekistan,L2CU 2018-2025,data/interim/unpacked/uzbekistan/l2cu_v03/l2cu_cati_household_data_82.csv,household-round,economic_challenge,52,1494,1494,1494
uzbekistan,L2CU 2018-2025,data/interim/unpacked/uzbekistan/l2cu_v03/l2cu_cati_household_data_82.csv,household-round,economic_challenge,53,1491,1491,1491
uzbekistan,L2CU 2018-2025,data/interim/unpacked/uzbekistan/l2cu_v03/l2cu_cati_household_data_82.csv,household-round,economic_challenge,54,1491,1491,1491
uzbekistan,L2CU 2018-2025,data/interim/unpacked/uzbekistan/l2cu_v03/l2cu_cati_household_data_82.csv,household-round,economic_challenge,55,1490,1490,1490
uzbekistan,L2CU 2018-2025,data/interim/unpacked/uzbekistan/l2cu_v03/l2cu_cati_household_data_82.csv,household-round,economic_challenge,56,1489,1489,1489
uzbekistan,L2CU 2018-2025,data/interim/unpacked/uzbekistan/l2cu_v03/l2cu_cati_household_data_82.csv,household-round,economic_challenge,57,1488,1488,1488
uzbekistan,L2CU 2018-2025,data/interim/unpacked/uzbekistan/l2cu_v03/l2cu_cati_household_data_82.csv,household-round,economic_challenge,58,1486,1486,1486
uzbekistan,L2CU 2018-2025,data/interim/unpacked/uzbekistan/l2cu_v03/l2cu_cati_household_data_82.csv,household-round,economic_challenge,59,1484,1484,1484
uzbekistan,L2CU 2018-2025,data/interim/unpacked/uzbekistan/l2cu_v03/l2cu_cati_household_data_82.csv,household-round,economic_challenge,60,1451,1451,1451
uzbekistan,L2CU 2018-2025,data/interim/unpacked/uzbekistan/l2cu_v03/l2cu_cati_household_data_82.csv,household-round,economic_challenge,61,1439,1439,1439
uzbekistan,L2CU 2018-2025,data/interim/unpacked/uzbekistan/l2cu_v03/l2cu_cati_household_data_82.csv,household-round,economic_challenge,62,1429,1429,1429
uzbekistan,L2CU 2018-2025,data/interim/unpacked/uzbekistan/l2cu_v03/l2cu_cati_household_data_82.csv,household-round,economic_challenge,63,1423,1423,1423
uzbekistan,L2CU 2018-2025,data/interim/unpacked/uzbekistan/l2cu_v03/l2cu_cati_household_data_82.csv,household-round,economic_challenge,64,1400,1400,1400
uzbekistan,L2CU 2018-2025,data/interim/unpacked/uzbekistan/l2cu_v03/l2cu_cati_household_data_82.csv,household-round,economic_challenge,65,1383,1383,1383
uzbekistan,L2CU 2018-2025,data/interim/unpacked/uzbekistan/l2cu_v03/l2cu_cati_household_data_82.csv,household-round,economic_challenge,66,1378,1378,1378
uzbekistan,L2CU 2018-2025,data/interim/unpacked/uzbekistan/l2cu_v03/l2cu_cati_household_data_82.csv,household-round,economic_challenge,67,1412,1412,1412
uzbekistan,L2CU 2018-2025,data/interim/unpacked/uzbekistan/l2cu_v03/l2cu_cati_household_data_82.csv,household-round,economic_challenge,68,1406,1406,1406
uzbekistan,L2CU 2018-2025,data/interim/unpacked/uzbekistan/l2cu_v03/l2cu_cati_household_data_82.csv,household-round,economic_challenge,69,1399,1399,1399
uzbekistan,L2CU 2018-2025,data/interim/unpacked/uzbekistan/l2cu_v03/l2cu_cati_household_data_82.csv,household-round,economic_challenge,70,1373,1373,1373
uzbekistan,L2CU 2018-2025,data/interim/unpacked/uzbekistan/l2cu_v03/l2cu_cati_household_data_82.csv,household-round,economic_challenge,71,1357,1357,1357
uzbekistan,L2CU 2018-2025,data/interim/unpacked/uzbekistan/l2cu_v03/l2cu_cati_household_data_82.csv,household-round,economic_challenge,72,1320,1320,1320
uzbekistan,L2CU 2018-2025,data/interim/unpacked/uzbekistan/l2cu_v03/l2cu_cati_household_data_82.csv,household-round,economic_challenge,73,1289,1289,1289
uzbekistan,L2CU 2018-2025,data/interim/unpacked/uzbekistan/l2cu_v03/l2cu_cati_household_data_82.csv,household-round,economic_challenge,74,1278,1278,1278
uzbekistan,L2CU 2018-2025,data/interim/unpacked/uzbekistan/l2cu_v03/l2cu_cati_household_data_82.csv,household-round,economic_challenge,75,1275,1275,1275
uzbekistan,L2CU 2018-2025,data/interim/unpacked/uzbekistan/l2cu_v03/l2cu_cati_household_data_82.csv,household-round,economic_challenge,76,1564,1564,1564
uzbekistan,L2CU 2018-2025,data/interim/unpacked/uzbekistan/l2cu_v03/l2cu_cati_household_data_82.csv,household-round,economic_challenge,77,1538,1538,1538
uzbekistan,L2CU 2018-2025,data/interim/unpacked/uzbekistan/l2cu_v03/l2cu_cati_household_data_82.csv,household-round,economic_challenge,78,1514,1514,1514
uzbekistan,L2CU 2018-2025,data/interim/unpacked/uzbekistan/l2cu_v03/l2cu_cati_household_data_82.csv,household-round,economic_challenge,79,1492,1492,1492
uzbekistan,L2CU 2018-2025,data/interim/unpacked/uzbekistan/l2cu_v03/l2cu_cati_household_data_82.csv,household-round,economic_challenge,80,1478,1478,1478
uzbekistan,L2CU 2018-2025,data/interim/unpacked/uzbekistan/l2cu_v03/l2cu_cati_household_data_82.csv,household-round,economic_challenge,81,1464,1464,1464
uzbekistan,L2CU 2018-2025,data/interim/unpacked/uzbekistan/l2cu_v03/l2cu_cati_household_data_82.csv,household-round,economic_challenge,82,1463,1463,1463
uzbekistan,L2CU 2018-2025,data/interim/unpacked/uzbekistan/l2cu_v03/l2cu_cati_household_data_82.csv,household-round,wage_past30d,1,1504,1504,1504
uzbekistan,L2CU 2018-2025,data/interim/unpacked/uzbekistan/l2cu_v03/l2cu_cati_household_data_82.csv,household-round,wage_past30d,2,1507,1507,1507
uzbekistan,L2CU 2018-2025,data/interim/unpacked/uzbekistan/l2cu_v03/l2cu_cati_household_data_82.csv,household-round,wage_past30d,3,1520,1520,1520
uzbekistan,L2CU 2018-2025,data/interim/unpacked/uzbekistan/l2cu_v03/l2cu_cati_household_data_82.csv,household-round,wage_past30d,4,1520,1520,1520
uzbekistan,L2CU 2018-2025,data/interim/unpacked/uzbekistan/l2cu_v03/l2cu_cati_household_data_82.csv,household-round,wage_past30d,5,1524,1524,1524
uzbekistan,L2CU 2018-2025,data/interim/unpacked/uzbekistan/l2cu_v03/l2cu_cati_household_data_82.csv,household-round,wage_past30d,6,1524,1524,1524
uzbekistan,L2CU 2018-2025,data/interim/unpacked/uzbekistan/l2cu_v03/l2cu_cati_household_data_82.csv,household-round,wage_past30d,7,1524,1524,1524
uzbekistan,L2CU 2018-2025,data/interim/unpacked/uzbekistan/l2cu_v03/l2cu_cati_household_data_82.csv,household-round,wage_past30d,8,1523,1523,1523
uzbekistan,L2CU 2018-2025,data/interim/unpacked/uzbekistan/l2cu_v03/l2cu_cati_household_data_82.csv,household-round,wage_past30d,9,1522,1522,1522
uzbekistan,L2CU 2018-2025,data/interim/unpacked/uzbekistan/l2cu_v03/l2cu_cati_household_data_82.csv,household-round,wage_past30d,10,1525,1525,1525
uzbekistan,L2CU 2018-2025,data/interim/unpacked/uzbekistan/l2cu_v03/l2cu_cati_household_data_82.csv,household-round,wage_past30d,11,1523,1523,1523
uzbekistan,L2CU 2018-2025,data/interim/unpacked/uzbekistan/l2cu_v03/l2cu_cati_household_data_82.csv,household-round,wage_past30d,12,1521,1521,1521
uzbekistan,L2CU 2018-2025,data/interim/unpacked/uzbekistan/l2cu_v03/l2cu_cati_household_data_82.csv,household-round,wage_past30d,13,1507,1507,1507
uzbekistan,L2CU 2018-2025,data/interim/unpacked/uzbekistan/l2cu_v03/l2cu_cati_household_data_82.csv,household-round,wage_past30d,14,1519,1519,1519
uzbekistan,L2CU 2018-2025,data/interim/unpacked/uzbekistan/l2cu_v03/l2cu_cati_household_data_82.csv,household-round,wage_past30d,15,1523,1523,1523
uzbekistan,L2CU 2018-2025,data/interim/unpacked/uzbekistan/l2cu_v03/l2cu_cati_household_data_82.csv,household-round,wage_past30d,16,1521,1521,1521
uzbekistan,L2CU 2018-2025,data/interim/unpacked/uzbekistan/l2cu_v03/l2cu_cati_household_data_82.csv,household-round,wage_past30d,17,1521,1521,1521
uzbekistan,L2CU 2018-2025,data/interim/unpacked/uzbekistan/l2cu_v03/l2cu_cati_household_data_82.csv,household-round,wage_past30d,18,1522,1522,1522
uzbekistan,L2CU 2018-2025,data/interim/unpacked/uzbekistan/l2cu_v03/l2cu_cati_household_data_82.csv,household-round,wage_past30d,19,1522,1522,1522
uzbekistan,L2CU 2018-2025,data/interim/unpacked/uzbekistan/l2cu_v03/l2cu_cati_household_data_82.csv,household-round,wage_past30d,20,1521,1521,1521
uzbekistan,L2CU 2018-2025,data/interim/unpacked/uzbekistan/l2cu_v03/l2cu_cati_household_data_82.csv,household-round,wage_past30d,21,1521,1521,1521
uzbekistan,L2CU 2018-2025,data/interim/unpacked/uzbekistan/l2cu_v03/l2cu_cati_household_data_82.csv,household-round,wage_past30d,22,1520,1520,1520
uzbekistan,L2CU 2018-2025,data/interim/unpacked/uzbekistan/l2cu_v03/l2cu_cati_household_data_82.csv,household-round,wage_past30d,23,1517,1517,1517
uzbekistan,L2CU 2018-2025,data/interim/unpacked/uzbekistan/l2cu_v03/l2cu_cati_household_data_82.csv,household-round,wage_past30d,24,1516,1516,1516
uzbekistan,L2CU 2018-2025,data/interim/unpacked/uzbekistan/l2cu_v03/l2cu_cati_household_data_82.csv,household-round,wage_past30d,25,1516,1516,1516
uzbekistan,L2CU 2018-2025,data/interim/unpacked/uzbekistan/l2cu_v03/l2cu_cati_household_data_82.csv,household-round,wage_past30d,26,1514,1514,1514
uzbekistan,L2CU 2018-2025,data/interim/unpacked/uzbekistan/l2cu_v03/l2cu_cati_household_data_82.csv,household-round,wage_past30d,27,1514,1514,1514
uzbekistan,L2CU 2018-2025,data/interim/unpacked/uzbekistan/l2cu_v03/l2cu_cati_household_data_82.csv,household-round,wage_past30d,28,1513,1513,1513
uzbekistan,L2CU 2018-2025,data/interim/unpacked/uzbekistan/l2cu_v03/l2cu_cati_household_data_82.csv,household-round,wage_past30d,29,1512,1512,1512
uzbekistan,L2CU 2018-2025,data/interim/unpacked/uzbekistan/l2cu_v03/l2cu_cati_household_data_82.csv,household-round,wage_past30d,30,1510,1510,1510
uzbekistan,L2CU 2018-2025,data/interim/unpacked/uzbekistan/l2cu_v03/l2cu_cati_household_data_82.csv,household-round,wage_past30d,31,1512,1512,1512
uzbekistan,L2CU 2018-2025,data/interim/unpacked/uzbekistan/l2cu_v03/l2cu_cati_household_data_82.csv,household-round,wage_past30d,32,1511,1511,1511
uzbekistan,L2CU 2018-2025,data/interim/unpacked/uzbekistan/l2cu_v03/l2cu_cati_household_data_82.csv,household-round,wage_past30d,33,1511,1511,1511
uzbekistan,L2CU 2018-2025,data/interim/unpacked/uzbekistan/l2cu_v03/l2cu_cati_household_data_82.csv,household-round,wage_past30d,34,1511,1511,1511
uzbekistan,L2CU 2018-2025,data/interim/unpacked/uzbekistan/l2cu_v03/l2cu_cati_household_data_82.csv,household-round,wage_past30d,35,1511,1511,1511
uzbekistan,L2CU 2018-2025,data/interim/unpacked/uzbekistan/l2cu_v03/l2cu_cati_household_data_82.csv,household-round,wage_past30d,36,1511,1511,1511
uzbekistan,L2CU 2018-2025,data/interim/unpacked/uzbekistan/l2cu_v03/l2cu_cati_household_data_82.csv,household-round,wage_past30d,37,1510,1510,1510
uzbekistan,L2CU 2018-2025,data/interim/unpacked/uzbekistan/l2cu_v03/l2cu_cati_household_data_82.csv,household-round,wage_past30d,38,1509,1509,1509
uzbekistan,L2CU 2018-2025,data/interim/unpacked/uzbekistan/l2cu_v03/l2cu_cati_household_data_82.csv,household-round,wage_past30d,39,1508,1508,1508
uzbekistan,L2CU 2018-2025,data/interim/unpacked/uzbekistan/l2cu_v03/l2cu_cati_household_data_82.csv,household-round,wage_past30d,40,1507,1507,1507
uzbekistan,L2CU 2018-2025,data/interim/unpacked/uzbekistan/l2cu_v03/l2cu_cati_household_data_82.csv,household-round,wage_past30d,41,1505,1505,1505
uzbekistan,L2CU 2018-2025,data/interim/unpacked/uzbekistan/l2cu_v03/l2cu_cati_household_data_82.csv,household-round,wage_past30d,42,1507,1507,1507
uzbekistan,L2CU 2018-2025,data/interim/unpacked/uzbekistan/l2cu_v03/l2cu_cati_household_data_82.csv,household-round,wage_past30d,43,1508,1508,1508
uzbekistan,L2CU 2018-2025,data/interim/unpacked/uzbekistan/l2cu_v03/l2cu_cati_household_data_82.csv,household-round,wage_past30d,44,1508,1508,1508
uzbekistan,L2CU 2018-2025,data/interim/unpacked/uzbekistan/l2cu_v03/l2cu_cati_household_data_82.csv,household-round,wage_past30d,45,1508,1508,1508
uzbekistan,L2CU 2018-2025,data/interim/unpacked/uzbekistan/l2cu_v03/l2cu_cati_household_data_82.csv,household-round,wage_past30d,46,1507,1507,1507
uzbekistan,L2CU 2018-2025,data/interim/unpacked/uzbekistan/l2cu_v03/l2cu_cati_household_data_82.csv,household-round,wage_past30d,47,1504,1504,1504
uzbekistan,L2CU 2018-2025,data/interim/unpacked/uzbekistan/l2cu_v03/l2cu_cati_household_data_82.csv,household-round,wage_past30d,48,1499,1499,1499
uzbekistan,L2CU 2018-2025,data/interim/unpacked/uzbekistan/l2cu_v03/l2cu_cati_household_data_82.csv,household-round,wage_past30d,49,1498,1498,1498
uzbekistan,L2CU 2018-2025,data/interim/unpacked/uzbekistan/l2cu_v03/l2cu_cati_household_data_82.csv,household-round,wage_past30d,50,1495,1495,1495
uzbekistan,L2CU 2018-2025,data/interim/unpacked/uzbekistan/l2cu_v03/l2cu_cati_household_data_82.csv,household-round,wage_past30d,51,1494,1494,1494
uzbekistan,L2CU 2018-2025,data/interim/unpacked/uzbekistan/l2cu_v03/l2cu_cati_household_data_82.csv,household-round,wage_past30d,52,1494,1494,1494
uzbekistan,L2CU 2018-2025,data/interim/unpacked/uzbekistan/l2cu_v03/l2cu_cati_household_data_82.csv,household-round,wage_past30d,53,1491,1491,1491
uzbekistan,L2CU 2018-2025,data/interim/unpacked/uzbekistan/l2cu_v03/l2cu_cati_household_data_82.csv,household-round,wage_past30d,54,1491,1491,1491
uzbekistan,L2CU 2018-2025,data/interim/unpacked/uzbekistan/l2cu_v03/l2cu_cati_household_data_82.csv,household-round,wage_past30d,55,1490,1490,1490
uzbekistan,L2CU 2018-2025,data/interim/unpacked/uzbekistan/l2cu_v03/l2cu_cati_household_data_82.csv,household-round,wage_past30d,56,1489,1489,1489
uzbekistan,L2CU 2018-2025,data/interim/unpacked/uzbekistan/l2cu_v03/l2cu_cati_household_data_82.csv,household-round,wage_past30d,57,1488,1488,1488
uzbekistan,L2CU 2018-2025,data/interim/unpacked/uzbekistan/l2cu_v03/l2cu_cati_household_data_82.csv,household-round,wage_past30d,58,1486,1486,1486
uzbekistan,L2CU 2018-2025,data/interim/unpacked/uzbekistan/l2cu_v03/l2cu_cati_household_data_82.csv,household-round,wage_past30d,59,1484,1484,1484
uzbekistan,L2CU 2018-2025,data/interim/unpacked/uzbekistan/l2cu_v03/l2cu_cati_household_data_82.csv,household-round,wage_past30d,60,1451,1451,1451
uzbekistan,L2CU 2018-2025,data/interim/unpacked/uzbekistan/l2cu_v03/l2cu_cati_household_data_82.csv,household-round,wage_past30d,61,1439,1439,1439
uzbekistan,L2CU 2018-2025,data/interim/unpacked/uzbekistan/l2cu_v03/l2cu_cati_household_data_82.csv,household-round,wage_past30d,62,1429,1429,1429
uzbekistan,L2CU 2018-2025,data/interim/unpacked/uzbekistan/l2cu_v03/l2cu_cati_household_data_82.csv,household-round,wage_past30d,63,1423,1423,1423
uzbekistan,L2CU 2018-2025,data/interim/unpacked/uzbekistan/l2cu_v03/l2cu_cati_household_data_82.csv,household-round,wage_past30d,64,1400,1400,1400
uzbekistan,L2CU 2018-2025,data/interim/unpacked/uzbekistan/l2cu_v03/l2cu_cati_household_data_82.csv,household-round,wage_past30d,65,1383,1383,1383
uzbekistan,L2CU 2018-2025,data/interim/unpacked/uzbekistan/l2cu_v03/l2cu_cati_household_data_82.csv,household-round,wage_past30d,66,1378,1378,1378
uzbekistan,L2CU 2018-2025,data/interim/unpacked/uzbekistan/l2cu_v03/l2cu_cati_household_data_82.csv,household-round,wage_past30d,67,1412,1412,1412
uzbekistan,L2CU 2018-2025,data/interim/unpacked/uzbekistan/l2cu_v03/l2cu_cati_household_data_82.csv,household-round,wage_past30d,68,1406,1406,1406
uzbekistan,L2CU 2018-2025,data/interim/unpacked/uzbekistan/l2cu_v03/l2cu_cati_household_data_82.csv,household-round,wage_past30d,69,1399,1399,1399
uzbekistan,L2CU 2018-2025,data/interim/unpacked/uzbekistan/l2cu_v03/l2cu_cati_household_data_82.csv,household-round,wage_past30d,70,1373,1373,1373
uzbekistan,L2CU 2018-2025,data/interim/unpacked/uzbekistan/l2cu_v03/l2cu_cati_household_data_82.csv,household-round,wage_past30d,71,1357,1357,1357
uzbekistan,L2CU 2018-2025,data/interim/unpacked/uzbekistan/l2cu_v03/l2cu_cati_household_data_82.csv,household-round,wage_past30d,72,1320,1320,1320
uzbekistan,L2CU 2018-2025,data/interim/unpacked/uzbekistan/l2cu_v03/l2cu_cati_household_data_82.csv,household-round,wage_past30d,73,1289,1289,1289
uzbekistan,L2CU 2018-2025,data/interim/unpacked/uzbekistan/l2cu_v03/l2cu_cati_household_data_82.csv,household-round,wage_past30d,74,1278,1278,1278
uzbekistan,L2CU 2018-2025,data/interim/unpacked/uzbekistan/l2cu_v03/l2cu_cati_household_data_82.csv,household-round,wage_past30d,75,1275,1275,1275
uzbekistan,L2CU 2018-2025,data/interim/unpacked/uzbekistan/l2cu_v03/l2cu_cati_household_data_82.csv,household-round,wage_past30d,76,1564,1564,1564
uzbekistan,L2CU 2018-2025,data/interim/unpacked/uzbekistan/l2cu_v03/l2cu_cati_household_data_82.csv,household-round,wage_past30d,77,1538,1538,1538
uzbekistan,L2CU 2018-2025,data/interim/unpacked/uzbekistan/l2cu_v03/l2cu_cati_household_data_82.csv,household-round,wage_past30d,78,1514,1514,1514
uzbekistan,L2CU 2018-2025,data/interim/unpacked/uzbekistan/l2cu_v03/l2cu_cati_household_data_82.csv,household-round,wage_past30d,79,1492,1492,1492
uzbekistan,L2CU 2018-2025,data/interim/unpacked/uzbekistan/l2cu_v03/l2cu_cati_household_data_82.csv,household-round,wage_past30d,80,1478,1478,1478
uzbekistan,L2CU 2018-2025,data/interim/unpacked/uzbekistan/l2cu_v03/l2cu_cati_household_data_82.csv,household-round,wage_past30d,81,1464,1464,1464
uzbekistan,L2CU 2018-2025,data/interim/unpacked/uzbekistan/l2cu_v03/l2cu_cati_household_data_82.csv,household-round,wage_past30d,82,1463,1463,1463
uzbekistan,L2CU 2018-2025,data/interim/unpacked/uzbekistan/l2cu_v03/l2cu_cati_household_data_82.csv,household-round,wage_amount,1,1504,746,746
uzbekistan,L2CU 2018-2025,data/interim/unpacked/uzbekistan/l2cu_v03/l2cu_cati_household_data_82.csv,household-round,wage_amount,2,1507,721,721
uzbekistan,L2CU 2018-2025,data/interim/unpacked/uzbekistan/l2cu_v03/l2cu_cati_household_data_82.csv,household-round,wage_amount,3,1520,733,733
uzbekistan,L2CU 2018-2025,data/interim/unpacked/uzbekistan/l2cu_v03/l2cu_cati_household_data_82.csv,household-round,wage_amount,4,1520,775,775
uzbekistan,L2CU 2018-2025,data/interim/unpacked/uzbekistan/l2cu_v03/l2cu_cati_household_data_82.csv,household-round,wage_amount,5,1524,723,723
uzbekistan,L2CU 2018-2025,data/interim/unpacked/uzbekistan/l2cu_v03/l2cu_cati_household_data_82.csv,household-round,wage_amount,6,1524,701,701
uzbekistan,L2CU 2018-2025,data/interim/unpacked/uzbekistan/l2cu_v03/l2cu_cati_household_data_82.csv,household-round,wage_amount,7,1524,714,714
uzbekistan,L2CU 2018-2025,data/interim/unpacked/uzbekistan/l2cu_v03/l2cu_cati_household_data_82.csv,household-round,wage_amount,8,1523,706,706
uzbekistan,L2CU 2018-2025,data/interim/unpacked/uzbekistan/l2cu_v03/l2cu_cati_household_data_82.csv,household-round,wage_amount,9,1522,713,713
uzbekistan,L2CU 2018-2025,data/interim/unpacked/uzbekistan/l2cu_v03/l2cu_cati_household_data_82.csv,household-round,wage_amount,10,1525,747,747
uzbekistan,L2CU 2018-2025,data/interim/unpacked/uzbekistan/l2cu_v03/l2cu_cati_household_data_82.csv,household-round,wage_amount,11,1523,709,709
uzbekistan,L2CU 2018-2025,data/interim/unpacked/uzbekistan/l2cu_v03/l2cu_cati_household_data_82.csv,household-round,wage_amount,12,1521,703,703
uzbekistan,L2CU 2018-2025,data/interim/unpacked/uzbekistan/l2cu_v03/l2cu_cati_household_data_82.csv,household-round,wage_amount,13,1507,701,701
uzbekistan,L2CU 2018-2025,data/interim/unpacked/uzbekistan/l2cu_v03/l2cu_cati_household_data_82.csv,household-round,wage_amount,14,1519,735,735
uzbekistan,L2CU 2018-2025,data/interim/unpacked/uzbekistan/l2cu_v03/l2cu_cati_household_data_82.csv,household-round,wage_amount,15,1523,733,733
uzbekistan,L2CU 2018-2025,data/interim/unpacked/uzbekistan/l2cu_v03/l2cu_cati_household_data_82.csv,household-round,wage_amount,16,1521,742,742
uzbekistan,L2CU 2018-2025,data/interim/unpacked/uzbekistan/l2cu_v03/l2cu_cati_household_data_82.csv,household-round,wage_amount,17,1521,730,730
uzbekistan,L2CU 2018-2025,data/interim/unpacked/uzbekistan/l2cu_v03/l2cu_cati_household_data_82.csv,household-round,wage_amount,18,1522,721,721
uzbekistan,L2CU 2018-2025,data/interim/unpacked/uzbekistan/l2cu_v03/l2cu_cati_household_data_82.csv,household-round,wage_amount,19,1522,736,736
uzbekistan,L2CU 2018-2025,data/interim/unpacked/uzbekistan/l2cu_v03/l2cu_cati_household_data_82.csv,household-round,wage_amount,20,1521,624,624
uzbekistan,L2CU 2018-2025,data/interim/unpacked/uzbekistan/l2cu_v03/l2cu_cati_household_data_82.csv,household-round,wage_amount,21,1521,621,621
uzbekistan,L2CU 2018-2025,data/interim/unpacked/uzbekistan/l2cu_v03/l2cu_cati_household_data_82.csv,household-round,wage_amount,22,1520,685,685
uzbekistan,L2CU 2018-2025,data/interim/unpacked/uzbekistan/l2cu_v03/l2cu_cati_household_data_82.csv,household-round,wage_amount,23,1517,663,663
uzbekistan,L2CU 2018-2025,data/interim/unpacked/uzbekistan/l2cu_v03/l2cu_cati_household_data_82.csv,household-round,wage_amount,24,1516,651,651
uzbekistan,L2CU 2018-2025,data/interim/unpacked/uzbekistan/l2cu_v03/l2cu_cati_household_data_82.csv,household-round,wage_amount,25,1516,686,686
uzbekistan,L2CU 2018-2025,data/interim/unpacked/uzbekistan/l2cu_v03/l2cu_cati_household_data_82.csv,household-round,wage_amount,26,1514,686,686
uzbekistan,L2CU 2018-2025,data/interim/unpacked/uzbekistan/l2cu_v03/l2cu_cati_household_data_82.csv,household-round,wage_amount,27,1514,710,710
uzbekistan,L2CU 2018-2025,data/interim/unpacked/uzbekistan/l2cu_v03/l2cu_cati_household_data_82.csv,household-round,wage_amount,28,1513,708,708
uzbekistan,L2CU 2018-2025,data/interim/unpacked/uzbekistan/l2cu_v03/l2cu_cati_household_data_82.csv,household-round,wage_amount,29,1512,727,727
uzbekistan,L2CU 2018-2025,data/interim/unpacked/uzbekistan/l2cu_v03/l2cu_cati_household_data_82.csv,household-round,wage_amount,30,1510,749,749
uzbekistan,L2CU 2018-2025,data/interim/unpacked/uzbekistan/l2cu_v03/l2cu_cati_household_data_82.csv,household-round,wage_amount,31,1512,726,726
uzbekistan,L2CU 2018-2025,data/interim/unpacked/uzbekistan/l2cu_v03/l2cu_cati_household_data_82.csv,household-round,wage_amount,32,1511,736,736
uzbekistan,L2CU 2018-2025,data/interim/unpacked/uzbekistan/l2cu_v03/l2cu_cati_household_data_82.csv,household-round,wage_amount,33,1511,735,735
uzbekistan,L2CU 2018-2025,data/interim/unpacked/uzbekistan/l2cu_v03/l2cu_cati_household_data_82.csv,household-round,wage_amount,34,1511,742,742
uzbekistan,L2CU 2018-2025,data/interim/unpacked/uzbekistan/l2cu_v03/l2cu_cati_household_data_82.csv,household-round,wage_amount,35,1511,718,718
uzbekistan,L2CU 2018-2025,data/interim/unpacked/uzbekistan/l2cu_v03/l2cu_cati_household_data_82.csv,household-round,wage_amount,36,1511,673,673
uzbekistan,L2CU 2018-2025,data/interim/unpacked/uzbekistan/l2cu_v03/l2cu_cati_household_data_82.csv,household-round,wage_amount,37,1510,731,731
uzbekistan,L2CU 2018-2025,data/interim/unpacked/uzbekistan/l2cu_v03/l2cu_cati_household_data_82.csv,household-round,wage_amount,38,1509,737,737
uzbekistan,L2CU 2018-2025,data/interim/unpacked/uzbekistan/l2cu_v03/l2cu_cati_household_data_82.csv,household-round,wage_amount,39,1508,762,762
uzbekistan,L2CU 2018-2025,data/interim/unpacked/uzbekistan/l2cu_v03/l2cu_cati_household_data_82.csv,household-round,wage_amount,40,1507,740,740
uzbekistan,L2CU 2018-2025,data/interim/unpacked/uzbekistan/l2cu_v03/l2cu_cati_household_data_82.csv,household-round,wage_amount,41,1505,746,746
uzbekistan,L2CU 2018-2025,data/interim/unpacked/uzbekistan/l2cu_v03/l2cu_cati_household_data_82.csv,household-round,wage_amount,42,1507,758,758
uzbekistan,L2CU 2018-2025,data/interim/unpacked/uzbekistan/l2cu_v03/l2cu_cati_household_data_82.csv,household-round,wage_amount,43,1508,761,761
uzbekistan,L2CU 2018-2025,data/interim/unpacked/uzbekistan/l2cu_v03/l2cu_cati_household_data_82.csv,household-round,wage_amount,44,1508,753,753
uzbekistan,L2CU 2018-2025,data/interim/unpacked/uzbekistan/l2cu_v03/l2cu_cati_household_data_82.csv,household-round,wage_amount,45,1508,748,748
uzbekistan,L2CU 2018-2025,data/interim/unpacked/uzbekistan/l2cu_v03/l2cu_cati_household_data_82.csv,household-round,wage_amount,46,1507,732,732
uzbekistan,L2CU 2018-2025,data/interim/unpacked/uzbekistan/l2cu_v03/l2cu_cati_household_data_82.csv,household-round,wage_amount,47,1504,735,735
uzbekistan,L2CU 2018-2025,data/interim/unpacked/uzbekistan/l2cu_v03/l2cu_cati_household_data_82.csv,household-round,wage_amount,48,1499,666,666
uzbekistan,L2CU 2018-2025,data/interim/unpacked/uzbekistan/l2cu_v03/l2cu_cati_household_data_82.csv,household-round,wage_amount,49,1498,715,715
uzbekistan,L2CU 2018-2025,data/interim/unpacked/uzbekistan/l2cu_v03/l2cu_cati_household_data_82.csv,household-round,wage_amount,50,1495,753,753
uzbekistan,L2CU 2018-2025,data/interim/unpacked/uzbekistan/l2cu_v03/l2cu_cati_household_data_82.csv,household-round,wage_amount,51,1494,732,732
uzbekistan,L2CU 2018-2025,data/interim/unpacked/uzbekistan/l2cu_v03/l2cu_cati_household_data_82.csv,household-round,wage_amount,52,1494,727,727
uzbekistan,L2CU 2018-2025,data/interim/unpacked/uzbekistan/l2cu_v03/l2cu_cati_household_data_82.csv,household-round,wage_amount,53,1491,734,734
uzbekistan,L2CU 2018-2025,data/interim/unpacked/uzbekistan/l2cu_v03/l2cu_cati_household_data_82.csv,household-round,wage_amount,54,1491,734,734
uzbekistan,L2CU 2018-2025,data/interim/unpacked/uzbekistan/l2cu_v03/l2cu_cati_household_data_82.csv,household-round,wage_amount,55,1490,757,757
uzbekistan,L2CU 2018-2025,data/interim/unpacked/uzbekistan/l2cu_v03/l2cu_cati_household_data_82.csv,household-round,wage_amount,56,1489,735,735
uzbekistan,L2CU 2018-2025,data/interim/unpacked/uzbekistan/l2cu_v03/l2cu_cati_household_data_82.csv,household-round,wage_amount,57,1488,749,749
uzbekistan,L2CU 2018-2025,data/interim/unpacked/uzbekistan/l2cu_v03/l2cu_cati_household_data_82.csv,household-round,wage_amount,58,1486,771,771
uzbekistan,L2CU 2018-2025,data/interim/unpacked/uzbekistan/l2cu_v03/l2cu_cati_household_data_82.csv,household-round,wage_amount,59,1484,800,800
uzbekistan,L2CU 2018-2025,data/interim/unpacked/uzbekistan/l2cu_v03/l2cu_cati_household_data_82.csv,household-round,wage_amount,60,1451,761,761
uzbekistan,L2CU 2018-2025,data/interim/unpacked/uzbekistan/l2cu_v03/l2cu_cati_household_data_82.csv,household-round,wage_amount,61,1439,798,798
uzbekistan,L2CU 2018-2025,data/interim/unpacked/uzbekistan/l2cu_v03/l2cu_cati_household_data_82.csv,household-round,wage_amount,62,1429,785,785
uzbekistan,L2CU 2018-2025,data/interim/unpacked/uzbekistan/l2cu_v03/l2cu_cati_household_data_82.csv,household-round,wage_amount,63,1423,771,771
uzbekistan,L2CU 2018-2025,data/interim/unpacked/uzbekistan/l2cu_v03/l2cu_cati_household_data_82.csv,household-round,wage_amount,64,1400,751,751
uzbekistan,L2CU 2018-2025,data/interim/unpacked/uzbekistan/l2cu_v03/l2cu_cati_household_data_82.csv,household-round,wage_amount,65,1383,743,743
uzbekistan,L2CU 2018-2025,data/interim/unpacked/uzbekistan/l2cu_v03/l2cu_cati_household_data_82.csv,household-round,wage_amount,66,1378,727,727
uzbekistan,L2CU 2018-2025,data/interim/unpacked/uzbekistan/l2cu_v03/l2cu_cati_household_data_82.csv,household-round,wage_amount,67,1412,676,676
uzbekistan,L2CU 2018-2025,data/interim/unpacked/uzbekistan/l2cu_v03/l2cu_cati_household_data_82.csv,household-round,wage_amount,68,1406,671,671
uzbekistan,L2CU 2018-2025,data/interim/unpacked/uzbekistan/l2cu_v03/l2cu_cati_household_data_82.csv,household-round,wage_amount,69,1399,672,672
uzbekistan,L2CU 2018-2025,data/interim/unpacked/uzbekistan/l2cu_v03/l2cu_cati_household_data_82.csv,household-round,wage_amount,70,1373,664,664
uzbekistan,L2CU 2018-2025,data/interim/unpacked/uzbekistan/l2cu_v03/l2cu_cati_household_data_82.csv,household-round,wage_amount,71,1357,646,646
uzbekistan,L2CU 2018-2025,data/interim/unpacked/uzbekistan/l2cu_v03/l2cu_cati_household_data_82.csv,household-round,wage_amount,72,1320,593,593
uzbekistan,L2CU 2018-2025,data/interim/unpacked/uzbekistan/l2cu_v03/l2cu_cati_household_data_82.csv,household-round,wage_amount,73,1289,589,589
uzbekistan,L2CU 2018-2025,data/interim/unpacked/uzbekistan/l2cu_v03/l2cu_cati_household_data_82.csv,household-round,wage_amount,74,1278,601,601
uzbekistan,L2CU 2018-2025,data/interim/unpacked/uzbekistan/l2cu_v03/l2cu_cati_household_data_82.csv,household-round,wage_amount,75,1275,583,583
uzbekistan,L2CU 2018-2025,data/interim/unpacked/uzbekistan/l2cu_v03/l2cu_cati_household_data_82.csv,household-round,wage_amount,76,1564,639,639
uzbekistan,L2CU 2018-2025,data/interim/unpacked/uzbekistan/l2cu_v03/l2cu_cati_household_data_82.csv,household-round,wage_amount,77,1538,649,649
uzbekistan,L2CU 2018-2025,data/interim/unpacked/uzbekistan/l2cu_v03/l2cu_cati_household_data_82.csv,household-round,wage_amount,78,1514,675,675
uzbekistan,L2CU 2018-2025,data/interim/unpacked/uzbekistan/l2cu_v03/l2cu_cati_household_data_82.csv,household-round,wage_amount,79,1492,646,646
uzbekistan,L2CU 2018-2025,data/interim/unpacked/uzbekistan/l2cu_v03/l2cu_cati_household_data_82.csv,household-round,wage_amount,80,1478,649,649
uzbekistan,L2CU 2018-2025,data/interim/unpacked/uzbekistan/l2cu_v03/l2cu_cati_household_data_82.csv,household-round,wage_amount,81,1464,632,632
uzbekistan,L2CU 2018-2025,data/interim/unpacked/uzbekistan/l2cu_v03/l2cu_cati_household_data_82.csv,household-round,wage_amount,82,1463,611,611
uzbekistan,L2CU 2018-2025,data/interim/unpacked/uzbekistan/l2cu_v03/l2cu_cati_household_data_82.csv,household-round,aginc_past30d,1,1504,1504,1504
uzbekistan,L2CU 2018-2025,data/interim/unpacked/uzbekistan/l2cu_v03/l2cu_cati_household_data_82.csv,household-round,aginc_past30d,2,1507,1507,1507
uzbekistan,L2CU 2018-2025,data/interim/unpacked/uzbekistan/l2cu_v03/l2cu_cati_household_data_82.csv,household-round,aginc_past30d,3,1520,1520,1520
uzbekistan,L2CU 2018-2025,data/interim/unpacked/uzbekistan/l2cu_v03/l2cu_cati_household_data_82.csv,household-round,aginc_past30d,4,1520,1520,1520
uzbekistan,L2CU 2018-2025,data/interim/unpacked/uzbekistan/l2cu_v03/l2cu_cati_household_data_82.csv,household-round,aginc_past30d,5,1524,1524,1524
uzbekistan,L2CU 2018-2025,data/interim/unpacked/uzbekistan/l2cu_v03/l2cu_cati_household_data_82.csv,household-round,aginc_past30d,6,1524,1524,1524
uzbekistan,L2CU 2018-2025,data/interim/unpacked/uzbekistan/l2cu_v03/l2cu_cati_household_data_82.csv,household-round,aginc_past30d,7,1524,1524,1524
uzbekistan,L2CU 2018-2025,data/interim/unpacked/uzbekistan/l2cu_v03/l2cu_cati_household_data_82.csv,household-round,aginc_past30d,8,1523,1523,1523
uzbekistan,L2CU 2018-2025,data/interim/unpacked/uzbekistan/l2cu_v03/l2cu_cati_household_data_82.csv,household-round,aginc_past30d,9,1522,1522,1522
uzbekistan,L2CU 2018-2025,data/interim/unpacked/uzbekistan/l2cu_v03/l2cu_cati_household_data_82.csv,household-round,aginc_past30d,10,1525,1525,1525
uzbekistan,L2CU 2018-2025,data/interim/unpacked/uzbekistan/l2cu_v03/l2cu_cati_household_data_82.csv,household-round,aginc_past30d,11,1523,1523,1523
uzbekistan,L2CU 2018-2025,data/interim/unpacked/uzbekistan/l2cu_v03/l2cu_cati_household_data_82.csv,household-round,aginc_past30d,12,1521,1521,1521
uzbekistan,L2CU 2018-2025,data/interim/unpacked/uzbekistan/l2cu_v03/l2cu_cati_household_data_82.csv,household-round,aginc_past30d,13,1507,1507,1507
uzbekistan,L2CU 2018-2025,data/interim/unpacked/uzbekistan/l2cu_v03/l2cu_cati_household_data_82.csv,household-round,aginc_past30d,14,1519,1519,1519
uzbekistan,L2CU 2018-2025,data/interim/unpacked/uzbekistan/l2cu_v03/l2cu_cati_household_data_82.csv,household-round,aginc_past30d,15,1523,1523,1523
uzbekistan,L2CU 2018-2025,data/interim/unpacked/uzbekistan/l2cu_v03/l2cu_cati_household_data_82.csv,household-round,aginc_past30d,16,1521,1521,1521
uzbekistan,L2CU 2018-2025,data/interim/unpacked/uzbekistan/l2cu_v03/l2cu_cati_household_data_82.csv,household-round,aginc_past30d,17,1521,1521,1521
uzbekistan,L2CU 2018-2025,data/interim/unpacked/uzbekistan/l2cu_v03/l2cu_cati_household_data_82.csv,household-round,aginc_past30d,18,1522,1522,1522
uzbekistan,L2CU 2018-2025,data/interim/unpacked/uzbekistan/l2cu_v03/l2cu_cati_household_data_82.csv,household-round,aginc_past30d,19,1522,1522,1522
uzbekistan,L2CU 2018-2025,data/interim/unpacked/uzbekistan/l2cu_v03/l2cu_cati_household_data_82.csv,household-round,aginc_past30d,20,1521,1521,1521
uzbekistan,L2CU 2018-2025,data/interim/unpacked/uzbekistan/l2cu_v03/l2cu_cati_household_data_82.csv,household-round,aginc_past30d,21,1521,1521,1521
uzbekistan,L2CU 2018-2025,data/interim/unpacked/uzbekistan/l2cu_v03/l2cu_cati_household_data_82.csv,household-round,aginc_past30d,22,1520,1520,1520
uzbekistan,L2CU 2018-2025,data/interim/unpacked/uzbekistan/l2cu_v03/l2cu_cati_household_data_82.csv,household-round,aginc_past30d,23,1517,1517,1517
uzbekistan,L2CU 2018-2025,data/interim/unpacked/uzbekistan/l2cu_v03/l2cu_cati_household_data_82.csv,household-round,aginc_past30d,24,1516,1516,1516
uzbekistan,L2CU 2018-2025,data/interim/unpacked/uzbekistan/l2cu_v03/l2cu_cati_household_data_82.csv,household-round,aginc_past30d,25,1516,1516,1516
uzbekistan,L2CU 2018-2025,data/interim/unpacked/uzbekistan/l2cu_v03/l2cu_cati_household_data_82.csv,household-round,aginc_past30d,26,1514,1514,1514
uzbekistan,L2CU 2018-2025,data/interim/unpacked/uzbekistan/l2cu_v03/l2cu_cati_household_data_82.csv,household-round,aginc_past30d,27,1514,1514,1514
uzbekistan,L2CU 2018-2025,data/interim/unpacked/uzbekistan/l2cu_v03/l2cu_cati_household_data_82.csv,household-round,aginc_past30d,28,1513,1513,1513
uzbekistan,L2CU 2018-2025,data/interim/unpacked/uzbekistan/l2cu_v03/l2cu_cati_household_data_82.csv,household-round,aginc_past30d,29,1512,1512,1512
uzbekistan,L2CU 2018-2025,data/interim/unpacked/uzbekistan/l2cu_v03/l2cu_cati_household_data_82.csv,household-round,aginc_past30d,30,1510,1510,1510
uzbekistan,L2CU 2018-2025,data/interim/unpacked/uzbekistan/l2cu_v03/l2cu_cati_household_data_82.csv,household-round,aginc_past30d,31,1512,1512,1512
uzbekistan,L2CU 2018-2025,data/interim/unpacked/uzbekistan/l2cu_v03/l2cu_cati_household_data_82.csv,household-round,aginc_past30d,32,1511,1511,1511
uzbekistan,L2CU 2018-2025,data/interim/unpacked/uzbekistan/l2cu_v03/l2cu_cati_household_data_82.csv,household-round,aginc_past30d,33,1511,1511,1511
uzbekistan,L2CU 2018-2025,data/interim/unpacked/uzbekistan/l2cu_v03/l2cu_cati_household_data_82.csv,household-round,aginc_past30d,34,1511,1511,1511
uzbekistan,L2CU 2018-2025,data/interim/unpacked/uzbekistan/l2cu_v03/l2cu_cati_household_data_82.csv,household-round,aginc_past30d,35,1511,1511,1511
uzbekistan,L2CU 2018-2025,data/interim/unpacked/uzbekistan/l2cu_v03/l2cu_cati_household_data_82.csv,household-round,aginc_past30d,36,1511,1511,1511
uzbekistan,L2CU 2018-2025,data/interim/unpacked/uzbekistan/l2cu_v03/l2cu_cati_household_data_82.csv,household-round,aginc_past30d,37,1510,1510,1510
uzbekistan,L2CU 2018-2025,data/interim/unpacked/uzbekistan/l2cu_v03/l2cu_cati_household_data_82.csv,household-round,aginc_past30d,38,1509,1509,1509
uzbekistan,L2CU 2018-2025,data/interim/unpacked/uzbekistan/l2cu_v03/l2cu_cati_household_data_82.csv,household-round,aginc_past30d,39,1508,1508,1508
uzbekistan,L2CU 2018-2025,data/interim/unpacked/uzbekistan/l2cu_v03/l2cu_cati_household_data_82.csv,household-round,aginc_past30d,40,1507,1507,1507
uzbekistan,L2CU 2018-2025,data/interim/unpacked/uzbekistan/l2cu_v03/l2cu_cati_household_data_82.csv,household-round,aginc_past30d,41,1505,1505,1505
uzbekistan,L2CU 2018-2025,data/interim/unpacked/uzbekistan/l2cu_v03/l2cu_cati_household_data_82.csv,household-round,aginc_past30d,42,1507,1507,1507
uzbekistan,L2CU 2018-2025,data/interim/unpacked/uzbekistan/l2cu_v03/l2cu_cati_household_data_82.csv,household-round,aginc_past30d,43,1508,1508,1508
uzbekistan,L2CU 2018-2025,data/interim/unpacked/uzbekistan/l2cu_v03/l2cu_cati_household_data_82.csv,household-round,aginc_past30d,44,1508,1508,1508
uzbekistan,L2CU 2018-2025,data/interim/unpacked/uzbekistan/l2cu_v03/l2cu_cati_household_data_82.csv,household-round,aginc_past30d,45,1508,1508,1508
uzbekistan,L2CU 2018-2025,data/interim/unpacked/uzbekistan/l2cu_v03/l2cu_cati_household_data_82.csv,household-round,aginc_past30d,46,1507,1507,1507
uzbekistan,L2CU 2018-2025,data/interim/unpacked/uzbekistan/l2cu_v03/l2cu_cati_household_data_82.csv,household-round,aginc_past30d,47,1504,1504,1504
uzbekistan,L2CU 2018-2025,data/interim/unpacked/uzbekistan/l2cu_v03/l2cu_cati_household_data_82.csv,household-round,aginc_past30d,48,1499,1499,1499
uzbekistan,L2CU 2018-2025,data/interim/unpacked/uzbekistan/l2cu_v03/l2cu_cati_household_data_82.csv,household-round,aginc_past30d,49,1498,1498,1498
uzbekistan,L2CU 2018-2025,data/interim/unpacked/uzbekistan/l2cu_v03/l2cu_cati_household_data_82.csv,household-round,aginc_past30d,50,1495,1495,1495
uzbekistan,L2CU 2018-2025,data/interim/unpacked/uzbekistan/l2cu_v03/l2cu_cati_household_data_82.csv,household-round,aginc_past30d,51,1494,1494,1494
uzbekistan,L2CU 2018-2025,data/interim/unpacked/uzbekistan/l2cu_v03/l2cu_cati_household_data_82.csv,household-round,aginc_past30d,52,1494,1494,1494
uzbekistan,L2CU 2018-2025,data/interim/unpacked/uzbekistan/l2cu_v03/l2cu_cati_household_data_82.csv,household-round,aginc_past30d,53,1491,1491,1491
uzbekistan,L2CU 2018-2025,data/interim/unpacked/uzbekistan/l2cu_v03/l2cu_cati_household_data_82.csv,household-round,aginc_past30d,54,1491,1491,1491
uzbekistan,L2CU 2018-2025,data/interim/unpacked/uzbekistan/l2cu_v03/l2cu_cati_household_data_82.csv,household-round,aginc_past30d,55,1490,1490,1490
uzbekistan,L2CU 2018-2025,data/interim/unpacked/uzbekistan/l2cu_v03/l2cu_cati_household_data_82.csv,household-round,aginc_past30d,56,1489,1489,1489
uzbekistan,L2CU 2018-2025,data/interim/unpacked/uzbekistan/l2cu_v03/l2cu_cati_household_data_82.csv,household-round,aginc_past30d,57,1488,1488,1488
uzbekistan,L2CU 2018-2025,data/interim/unpacked/uzbekistan/l2cu_v03/l2cu_cati_household_data_82.csv,household-round,aginc_past30d,58,1486,1486,1486
uzbekistan,L2CU 2018-2025,data/interim/unpacked/uzbekistan/l2cu_v03/l2cu_cati_household_data_82.csv,household-round,aginc_past30d,59,1484,1484,1484
uzbekistan,L2CU 2018-2025,data/interim/unpacked/uzbekistan/l2cu_v03/l2cu_cati_household_data_82.csv,household-round,aginc_past30d,60,1451,1451,1451
uzbekistan,L2CU 2018-2025,data/interim/unpacked/uzbekistan/l2cu_v03/l2cu_cati_household_data_82.csv,household-round,aginc_past30d,61,1439,1439,1439
uzbekistan,L2CU 2018-2025,data/interim/unpacked/uzbekistan/l2cu_v03/l2cu_cati_household_data_82.csv,household-round,aginc_past30d,62,1429,1429,1429
uzbekistan,L2CU 2018-2025,data/interim/unpacked/uzbekistan/l2cu_v03/l2cu_cati_household_data_82.csv,household-round,aginc_past30d,63,1423,1423,1423
uzbekistan,L2CU 2018-2025,data/interim/unpacked/uzbekistan/l2cu_v03/l2cu_cati_household_data_82.csv,household-round,aginc_past30d,64,1400,1400,1400
uzbekistan,L2CU 2018-2025,data/interim/unpacked/uzbekistan/l2cu_v03/l2cu_cati_household_data_82.csv,household-round,aginc_past30d,65,1383,1383,1383
uzbekistan,L2CU 2018-2025,data/interim/unpacked/uzbekistan/l2cu_v03/l2cu_cati_household_data_82.csv,household-round,aginc_past30d,66,1378,1378,1378
uzbekistan,L2CU 2018-2025,data/interim/unpacked/uzbekistan/l2cu_v03/l2cu_cati_household_data_82.csv,household-round,aginc_past30d,67,1412,1412,1412
uzbekistan,L2CU 2018-2025,data/interim/unpacked/uzbekistan/l2cu_v03/l2cu_cati_household_data_82.csv,household-round,aginc_past30d,68,1406,1406,1406
uzbekistan,L2CU 2018-2025,data/interim/unpacked/uzbekistan/l2cu_v03/l2cu_cati_household_data_82.csv,household-round,aginc_past30d,69,1399,1399,1399
uzbekistan,L2CU 2018-2025,data/interim/unpacked/uzbekistan/l2cu_v03/l2cu_cati_household_data_82.csv,household-round,aginc_past30d,70,1373,1373,1373
uzbekistan,L2CU 2018-2025,data/interim/unpacked/uzbekistan/l2cu_v03/l2cu_cati_household_data_82.csv,household-round,aginc_past30d,71,1357,1357,1357
uzbekistan,L2CU 2018-2025,data/interim/unpacked/uzbekistan/l2cu_v03/l2cu_cati_household_data_82.csv,household-round,aginc_past30d,72,1320,1320,1320
uzbekistan,L2CU 2018-2025,data/interim/unpacked/uzbekistan/l2cu_v03/l2cu_cati_household_data_82.csv,household-round,aginc_past30d,73,1289,1289,1289
uzbekistan,L2CU 2018-2025,data/interim/unpacked/uzbekistan/l2cu_v03/l2cu_cati_household_data_82.csv,household-round,aginc_past30d,74,1278,1278,1278
uzbekistan,L2CU 2018-2025,data/interim/unpacked/uzbekistan/l2cu_v03/l2cu_cati_household_data_82.csv,household-round,aginc_past30d,75,1275,1275,1275
uzbekistan,L2CU 2018-2025,data/interim/unpacked/uzbekistan/l2cu_v03/l2cu_cati_household_data_82.csv,household-round,aginc_past30d,76,1564,1564,1564
uzbekistan,L2CU 2018-2025,data/interim/unpacked/uzbekistan/l2cu_v03/l2cu_cati_household_data_82.csv,household-round,aginc_past30d,77,1538,1538,1538
uzbekistan,L2CU 2018-2025,data/interim/unpacked/uzbekistan/l2cu_v03/l2cu_cati_household_data_82.csv,household-round,aginc_past30d,78,1514,1514,1514
uzbekistan,L2CU 2018-2025,data/interim/unpacked/uzbekistan/l2cu_v03/l2cu_cati_household_data_82.csv,household-round,aginc_past30d,79,1492,1492,1492
uzbekistan,L2CU 2018-2025,data/interim/unpacked/uzbekistan/l2cu_v03/l2cu_cati_household_data_82.csv,household-round,aginc_past30d,80,1478,1478,1478
uzbekistan,L2CU 2018-2025,data/interim/unpacked/uzbekistan/l2cu_v03/l2cu_cati_household_data_82.csv,household-round,aginc_past30d,81,1464,1464,1464
uzbekistan,L2CU 2018-2025,data/interim/unpacked/uzbekistan/l2cu_v03/l2cu_cati_household_data_82.csv,household-round,aginc_past30d,82,1463,1463,1463
uzbekistan,L2CU 2018-2025,data/interim/unpacked/uzbekistan/l2cu_v03/l2cu_cati_household_data_82.csv,household-round,aginc_amount,1,1504,314,314
uzbekistan,L2CU 2018-2025,data/interim/unpacked/uzbekistan/l2cu_v03/l2cu_cati_household_data_82.csv,household-round,aginc_amount,2,1507,255,255
uzbekistan,L2CU 2018-2025,data/interim/unpacked/uzbekistan/l2cu_v03/l2cu_cati_household_data_82.csv,household-round,aginc_amount,3,1520,228,228
uzbekistan,L2CU 2018-2025,data/interim/unpacked/uzbekistan/l2cu_v03/l2cu_cati_household_data_82.csv,household-round,aginc_amount,4,1520,176,176
uzbekistan,L2CU 2018-2025,data/interim/unpacked/uzbekistan/l2cu_v03/l2cu_cati_household_data_82.csv,household-round,aginc_amount,5,1524,100,100
uzbekistan,L2CU 2018-2025,data/interim/unpacked/uzbekistan/l2cu_v03/l2cu_cati_household_data_82.csv,household-round,aginc_amount,6,1524,60,60
uzbekistan,L2CU 2018-2025,data/interim/unpacked/uzbekistan/l2cu_v03/l2cu_cati_household_data_82.csv,household-round,aginc_amount,7,1524,57,57
uzbekistan,L2CU 2018-2025,data/interim/unpacked/uzbekistan/l2cu_v03/l2cu_cati_household_data_82.csv,household-round,aginc_amount,8,1523,43,43
uzbekistan,L2CU 2018-2025,data/interim/unpacked/uzbekistan/l2cu_v03/l2cu_cati_household_data_82.csv,household-round,aginc_amount,9,1522,56,56
uzbekistan,L2CU 2018-2025,data/interim/unpacked/uzbekistan/l2cu_v03/l2cu_cati_household_data_82.csv,household-round,aginc_amount,10,1525,98,98
uzbekistan,L2CU 2018-2025,data/interim/unpacked/uzbekistan/l2cu_v03/l2cu_cati_household_data_82.csv,household-round,aginc_amount,11,1523,119,119
uzbekistan,L2CU 2018-2025,data/interim/unpacked/uzbekistan/l2cu_v03/l2cu_cati_household_data_82.csv,household-round,aginc_amount,12,1521,113,113
uzbekistan,L2CU 2018-2025,data/interim/unpacked/uzbekistan/l2cu_v03/l2cu_cati_household_data_82.csv,household-round,aginc_amount,13,1507,101,101
uzbekistan,L2CU 2018-2025,data/interim/unpacked/uzbekistan/l2cu_v03/l2cu_cati_household_data_82.csv,household-round,aginc_amount,14,1519,115,115
uzbekistan,L2CU 2018-2025,data/interim/unpacked/uzbekistan/l2cu_v03/l2cu_cati_household_data_82.csv,household-round,aginc_amount,15,1523,101,101
uzbekistan,L2CU 2018-2025,data/interim/unpacked/uzbekistan/l2cu_v03/l2cu_cati_household_data_82.csv,household-round,aginc_amount,16,1521,81,81
uzbekistan,L2CU 2018-2025,data/interim/unpacked/uzbekistan/l2cu_v03/l2cu_cati_household_data_82.csv,household-round,aginc_amount,17,1521,58,58
uzbekistan,L2CU 2018-2025,data/interim/unpacked/uzbekistan/l2cu_v03/l2cu_cati_household_data_82.csv,household-round,aginc_amount,18,1522,36,36
uzbekistan,L2CU 2018-2025,data/interim/unpacked/uzbekistan/l2cu_v03/l2cu_cati_household_data_82.csv,household-round,aginc_amount,19,1522,25,25
uzbekistan,L2CU 2018-2025,data/interim/unpacked/uzbekistan/l2cu_v03/l2cu_cati_household_data_82.csv,household-round,aginc_amount,20,1521,20,20
uzbekistan,L2CU 2018-2025,data/interim/unpacked/uzbekistan/l2cu_v03/l2cu_cati_household_data_82.csv,household-round,aginc_amount,21,1521,33,33
uzbekistan,L2CU 2018-2025,data/interim/unpacked/uzbekistan/l2cu_v03/l2cu_cati_household_data_82.csv,household-round,aginc_amount,22,1520,77,77
uzbekistan,L2CU 2018-2025,data/interim/unpacked/uzbekistan/l2cu_v03/l2cu_cati_household_data_82.csv,household-round,aginc_amount,23,1517,85,85
uzbekistan,L2CU 2018-2025,data/interim/unpacked/uzbekistan/l2cu_v03/l2cu_cati_household_data_82.csv,household-round,aginc_amount,24,1516,79,79
uzbekistan,L2CU 2018-2025,data/interim/unpacked/uzbekistan/l2cu_v03/l2cu_cati_household_data_82.csv,household-round,aginc_amount,25,1516,73,73
uzbekistan,L2CU 2018-2025,data/interim/unpacked/uzbekistan/l2cu_v03/l2cu_cati_household_data_82.csv,household-round,aginc_amount,26,1514,63,63
uzbekistan,L2CU 2018-2025,data/interim/unpacked/uzbekistan/l2cu_v03/l2cu_cati_household_data_82.csv,household-round,aginc_amount,27,1514,40,40
uzbekistan,L2CU 2018-2025,data/interim/unpacked/uzbekistan/l2cu_v03/l2cu_cati_household_data_82.csv,household-round,aginc_amount,28,1513,36,36
uzbekistan,L2CU 2018-2025,data/interim/unpacked/uzbekistan/l2cu_v03/l2cu_cati_household_data_82.csv,household-round,aginc_amount,29,1512,32,32
uzbekistan,L2CU 2018-2025,data/interim/unpacked/uzbekistan/l2cu_v03/l2cu_cati_household_data_82.csv,household-round,aginc_amount,30,1510,27,27
uzbekistan,L2CU 2018-2025,data/interim/unpacked/uzbekistan/l2cu_v03/l2cu_cati_household_data_82.csv,household-round,aginc_amount,31,1512,30,30
uzbekistan,L2CU 2018-2025,data/interim/unpacked/uzbekistan/l2cu_v03/l2cu_cati_household_data_82.csv,household-round,aginc_amount,32,1511,31,31
uzbekistan,L2CU 2018-2025,data/interim/unpacked/uzbekistan/l2cu_v03/l2cu_cati_household_data_82.csv,household-round,aginc_amount,33,1511,44,44
uzbekistan,L2CU 2018-2025,data/interim/unpacked/uzbekistan/l2cu_v03/l2cu_cati_household_data_82.csv,household-round,aginc_amount,34,1511,48,48
uzbekistan,L2CU 2018-2025,data/interim/unpacked/uzbekistan/l2cu_v03/l2cu_cati_household_data_82.csv,household-round,aginc_amount,35,1511,62,62
uzbekistan,L2CU 2018-2025,data/interim/unpacked/uzbekistan/l2cu_v03/l2cu_cati_household_data_82.csv,household-round,aginc_amount,36,1511,51,51
uzbekistan,L2CU 2018-2025,data/interim/unpacked/uzbekistan/l2cu_v03/l2cu_cati_household_data_82.csv,household-round,aginc_amount,37,1510,68,68
uzbekistan,L2CU 2018-2025,data/interim/unpacked/uzbekistan/l2cu_v03/l2cu_cati_household_data_82.csv,household-round,aginc_amount,38,1509,64,64
uzbekistan,L2CU 2018-2025,data/interim/unpacked/uzbekistan/l2cu_v03/l2cu_cati_household_data_82.csv,household-round,aginc_amount,39,1508,59,59
uzbekistan,L2CU 2018-2025,data/interim/unpacked/uzbekistan/l2cu_v03/l2cu_cati_household_data_82.csv,household-round,aginc_amount,40,1507,53,53
uzbekistan,L2CU 2018-2025,data/interim/unpacked/uzbekistan/l2cu_v03/l2cu_cati_household_data_82.csv,household-round,aginc_amount,41,1505,42,42
uzbekistan,L2CU 2018-2025,data/interim/unpacked/uzbekistan/l2cu_v03/l2cu_cati_household_data_82.csv,household-round,aginc_amount,42,1507,31,31
uzbekistan,L2CU 2018-2025,data/interim/unpacked/uzbekistan/l2cu_v03/l2cu_cati_household_data_82.csv,household-round,aginc_amount,43,1508,28,28
uzbekistan,L2CU 2018-2025,data/interim/unpacked/uzbekistan/l2cu_v03/l2cu_cati_household_data_82.csv,household-round,aginc_amount,44,1508,44,44
uzbekistan,L2CU 2018-2025,data/interim/unpacked/uzbekistan/l2cu_v03/l2cu_cati_household_data_82.csv,household-round,aginc_amount,45,1508,44,44
uzbekistan,L2CU 2018-2025,data/interim/unpacked/uzbekistan/l2cu_v03/l2cu_cati_household_data_82.csv,household-round,aginc_amount,46,1507,53,53
uzbekistan,L2CU 2018-2025,data/interim/unpacked/uzbekistan/l2cu_v03/l2cu_cati_household_data_82.csv,household-round,aginc_amount,47,1504,70,70
uzbekistan,L2CU 2018-2025,data/interim/unpacked/uzbekistan/l2cu_v03/l2cu_cati_household_data_82.csv,household-round,aginc_amount,48,1499,66,66
uzbekistan,L2CU 2018-2025,data/interim/unpacked/uzbekistan/l2cu_v03/l2cu_cati_household_data_82.csv,household-round,aginc_amount,49,1498,149,149
uzbekistan,L2CU 2018-2025,data/interim/unpacked/uzbekistan/l2cu_v03/l2cu_cati_household_data_82.csv,household-round,aginc_amount,50,1495,233,233
uzbekistan,L2CU 2018-2025,data/interim/unpacked/uzbekistan/l2cu_v03/l2cu_cati_household_data_82.csv,household-round,aginc_amount,51,1494,240,240
uzbekistan,L2CU 2018-2025,data/interim/unpacked/uzbekistan/l2cu_v03/l2cu_cati_household_data_82.csv,household-round,aginc_amount,52,1494,201,201
uzbekistan,L2CU 2018-2025,data/interim/unpacked/uzbekistan/l2cu_v03/l2cu_cati_household_data_82.csv,household-round,aginc_amount,53,1491,186,186
uzbekistan,L2CU 2018-2025,data/interim/unpacked/uzbekistan/l2cu_v03/l2cu_cati_household_data_82.csv,household-round,aginc_amount,54,1491,155,155
uzbekistan,L2CU 2018-2025,data/interim/unpacked/uzbekistan/l2cu_v03/l2cu_cati_household_data_82.csv,household-round,aginc_amount,55,1490,201,201
uzbekistan,L2CU 2018-2025,data/interim/unpacked/uzbekistan/l2cu_v03/l2cu_cati_household_data_82.csv,household-round,aginc_amount,56,1489,229,229
uzbekistan,L2CU 2018-2025,data/interim/unpacked/uzbekistan/l2cu_v03/l2cu_cati_household_data_82.csv,household-round,aginc_amount,57,1488,221,221
uzbekistan,L2CU 2018-2025,data/interim/unpacked/uzbekistan/l2cu_v03/l2cu_cati_household_data_82.csv,household-round,aginc_amount,58,1486,84,84
uzbekistan,L2CU 2018-2025,data/interim/unpacked/uzbekistan/l2cu_v03/l2cu_cati_household_data_82.csv,household-round,aginc_amount,59,1484,88,88
uzbekistan,L2CU 2018-2025,data/interim/unpacked/uzbekistan/l2cu_v03/l2cu_cati_household_data_82.csv,household-round,aginc_amount,60,1451,86,86
uzbekistan,L2CU 2018-2025,data/interim/unpacked/uzbekistan/l2cu_v03/l2cu_cati_household_data_82.csv,household-round,aginc_amount,61,1439,82,82
uzbekistan,L2CU 2018-2025,data/interim/unpacked/uzbekistan/l2cu_v03/l2cu_cati_household_data_82.csv,household-round,aginc_amount,62,1429,87,87
uzbekistan,L2CU 2018-2025,data/interim/unpacked/uzbekistan/l2cu_v03/l2cu_cati_household_data_82.csv,household-round,aginc_amount,63,1423,66,66
uzbekistan,L2CU 2018-2025,data/interim/unpacked/uzbekistan/l2cu_v03/l2cu_cati_household_data_82.csv,household-round,aginc_amount,64,1400,58,58
uzbekistan,L2CU 2018-2025,data/interim/unpacked/uzbekistan/l2cu_v03/l2cu_cati_household_data_82.csv,household-round,aginc_amount,65,1383,61,61
uzbekistan,L2CU 2018-2025,data/interim/unpacked/uzbekistan/l2cu_v03/l2cu_cati_household_data_82.csv,household-round,aginc_amount,66,1378,52,52
uzbekistan,L2CU 2018-2025,data/interim/unpacked/uzbekistan/l2cu_v03/l2cu_cati_household_data_82.csv,household-round,aginc_amount,67,1412,60,60
uzbekistan,L2CU 2018-2025,data/interim/unpacked/uzbekistan/l2cu_v03/l2cu_cati_household_data_82.csv,household-round,aginc_amount,68,1406,84,84
uzbekistan,L2CU 2018-2025,data/interim/unpacked/uzbekistan/l2cu_v03/l2cu_cati_household_data_82.csv,household-round,aginc_amount,69,1399,128,128
uzbekistan,L2CU 2018-2025,data/interim/unpacked/uzbekistan/l2cu_v03/l2cu_cati_household_data_82.csv,household-round,aginc_amount,70,1373,172,172
uzbekistan,L2CU 2018-2025,data/interim/unpacked/uzbekistan/l2cu_v03/l2cu_cati_household_data_82.csv,household-round,aginc_amount,71,1357,179,179
uzbekistan,L2CU 2018-2025,data/interim/unpacked/uzbekistan/l2cu_v03/l2cu_cati_household_data_82.csv,household-round,aginc_amount,72,1320,138,138
uzbekistan,L2CU 2018-2025,data/interim/unpacked/uzbekistan/l2cu_v03/l2cu_cati_household_data_82.csv,household-round,aginc_amount,73,1289,151,151
uzbekistan,L2CU 2018-2025,data/interim/unpacked/uzbekistan/l2cu_v03/l2cu_cati_household_data_82.csv,household-round,aginc_amount,74,1278,139,139
uzbekistan,L2CU 2018-2025,data/interim/unpacked/uzbekistan/l2cu_v03/l2cu_cati_household_data_82.csv,household-round,aginc_amount,75,1275,136,136
uzbekistan,L2CU 2018-2025,data/interim/unpacked/uzbekistan/l2cu_v03/l2cu_cati_household_data_82.csv,household-round,aginc_amount,76,1564,157,157
uzbekistan,L2CU 2018-2025,data/interim/unpacked/uzbekistan/l2cu_v03/l2cu_cati_household_data_82.csv,household-round,aginc_amount,77,1538,105,105
uzbekistan,L2CU 2018-2025,data/interim/unpacked/uzbekistan/l2cu_v03/l2cu_cati_household_data_82.csv,household-round,aginc_amount,78,1514,78,78
uzbekistan,L2CU 2018-2025,data/interim/unpacked/uzbekistan/l2cu_v03/l2cu_cati_household_data_82.csv,household-round,aginc_amount,79,1492,86,86
uzbekistan,L2CU 2018-2025,data/interim/unpacked/uzbekistan/l2cu_v03/l2cu_cati_household_data_82.csv,household-round,aginc_amount,80,1478,69,69
uzbekistan,L2CU 2018-2025,data/interim/unpacked/uzbekistan/l2cu_v03/l2cu_cati_household_data_82.csv,household-round,aginc_amount,81,1464,53,53
uzbekistan,L2CU 2018-2025,data/interim/unpacked/uzbekistan/l2cu_v03/l2cu_cati_household_data_82.csv,household-round,aginc_amount,82,1463,102,102
uzbekistan,L2CU 2018-2025,data/interim/unpacked/uzbekistan/l2cu_v03/l2cu_cati_household_data_82.csv,household-round,selfempinc_past30d,1,1504,1504,1504
uzbekistan,L2CU 2018-2025,data/interim/unpacked/uzbekistan/l2cu_v03/l2cu_cati_household_data_82.csv,household-round,selfempinc_past30d,2,1507,1507,1507
uzbekistan,L2CU 2018-2025,data/interim/unpacked/uzbekistan/l2cu_v03/l2cu_cati_household_data_82.csv,household-round,selfempinc_past30d,3,1520,1520,1520
uzbekistan,L2CU 2018-2025,data/interim/unpacked/uzbekistan/l2cu_v03/l2cu_cati_household_data_82.csv,household-round,selfempinc_past30d,4,1520,1520,1520
uzbekistan,L2CU 2018-2025,data/interim/unpacked/uzbekistan/l2cu_v03/l2cu_cati_household_data_82.csv,household-round,selfempinc_past30d,5,1524,1524,1524
uzbekistan,L2CU 2018-2025,data/interim/unpacked/uzbekistan/l2cu_v03/l2cu_cati_household_data_82.csv,household-round,selfempinc_past30d,6,1524,1524,1524
uzbekistan,L2CU 2018-2025,data/interim/unpacked/uzbekistan/l2cu_v03/l2cu_cati_household_data_82.csv,household-round,selfempinc_past30d,7,1524,1524,1524
uzbekistan,L2CU 2018-2025,data/interim/unpacked/uzbekistan/l2cu_v03/l2cu_cati_household_data_82.csv,household-round,selfempinc_past30d,8,1523,1523,1523
uzbekistan,L2CU 2018-2025,data/interim/unpacked/uzbekistan/l2cu_v03/l2cu_cati_household_data_82.csv,household-round,selfempinc_past30d,9,1522,1522,1522
uzbekistan,L2CU 2018-2025,data/interim/unpacked/uzbekistan/l2cu_v03/l2cu_cati_household_data_82.csv,household-round,selfempinc_past30d,10,1525,1525,1525
uzbekistan,L2CU 2018-2025,data/interim/unpacked/uzbekistan/l2cu_v03/l2cu_cati_household_data_82.csv,household-round,selfempinc_past30d,11,1523,1523,1523
uzbekistan,L2CU 2018-2025,data/interim/unpacked/uzbekistan/l2cu_v03/l2cu_cati_household_data_82.csv,household-round,selfempinc_past30d,12,1521,1521,1521
uzbekistan,L2CU 2018-2025,data/interim/unpacked/uzbekistan/l2cu_v03/l2cu_cati_household_data_82.csv,household-round,selfempinc_past30d,13,1507,1507,1507
uzbekistan,L2CU 2018-2025,data/interim/unpacked/uzbekistan/l2cu_v03/l2cu_cati_household_data_82.csv,household-round,selfempinc_past30d,14,1519,1519,1519
uzbekistan,L2CU 2018-2025,data/interim/unpacked/uzbekistan/l2cu_v03/l2cu_cati_household_data_82.csv,household-round,selfempinc_past30d,15,1523,1523,1523
uzbekistan,L2CU 2018-2025,data/interim/unpacked/uzbekistan/l2cu_v03/l2cu_cati_household_data_82.csv,household-round,selfempinc_past30d,16,1521,1521,1521
uzbekistan,L2CU 2018-2025,data/interim/unpacked/uzbekistan/l2cu_v03/l2cu_cati_household_data_82.csv,household-round,selfempinc_past30d,17,1521,1521,1521
uzbekistan,L2CU 2018-2025,data/interim/unpacked/uzbekistan/l2cu_v03/l2cu_cati_household_data_82.csv,household-round,selfempinc_past30d,18,1522,1522,1522
uzbekistan,L2CU 2018-2025,data/interim/unpacked/uzbekistan/l2cu_v03/l2cu_cati_household_data_82.csv,household-round,selfempinc_past30d,19,1522,1522,1522
uzbekistan,L2CU 2018-2025,data/interim/unpacked/uzbekistan/l2cu_v03/l2cu_cati_household_data_82.csv,household-round,selfempinc_past30d,20,1521,1521,1521
uzbekistan,L2CU 2018-2025,data/interim/unpacked/uzbekistan/l2cu_v03/l2cu_cati_household_data_82.csv,household-round,selfempinc_past30d,21,1521,1521,1521
uzbekistan,L2CU 2018-2025,data/interim/unpacked/uzbekistan/l2cu_v03/l2cu_cati_household_data_82.csv,household-round,selfempinc_past30d,22,1520,1520,1520
uzbekistan,L2CU 2018-2025,data/interim/unpacked/uzbekistan/l2cu_v03/l2cu_cati_household_data_82.csv,household-round,selfempinc_past30d,23,1517,1517,1517
uzbekistan,L2CU 2018-2025,data/interim/unpacked/uzbekistan/l2cu_v03/l2cu_cati_household_data_82.csv,household-round,selfempinc_past30d,24,1516,1516,1516
uzbekistan,L2CU 2018-2025,data/interim/unpacked/uzbekistan/l2cu_v03/l2cu_cati_household_data_82.csv,household-round,selfempinc_past30d,25,1516,1516,1516
uzbekistan,L2CU 2018-2025,data/interim/unpacked/uzbekistan/l2cu_v03/l2cu_cati_household_data_82.csv,household-round,selfempinc_past30d,26,1514,1514,1514
uzbekistan,L2CU 2018-2025,data/interim/unpacked/uzbekistan/l2cu_v03/l2cu_cati_household_data_82.csv,household-round,selfempinc_past30d,27,1514,1514,1514
uzbekistan,L2CU 2018-2025,data/interim/unpacked/uzbekistan/l2cu_v03/l2cu_cati_household_data_82.csv,household-round,selfempinc_past30d,28,1513,1513,1513
uzbekistan,L2CU 2018-2025,data/interim/unpacked/uzbekistan/l2cu_v03/l2cu_cati_household_data_82.csv,household-round,selfempinc_past30d,29,1512,1512,1512
uzbekistan,L2CU 2018-2025,data/interim/unpacked/uzbekistan/l2cu_v03/l2cu_cati_household_data_82.csv,household-round,selfempinc_past30d,30,1510,1510,1510
uzbekistan,L2CU 2018-2025,data/interim/unpacked/uzbekistan/l2cu_v03/l2cu_cati_household_data_82.csv,household-round,selfempinc_past30d,31,1512,1512,1512
uzbekistan,L2CU 2018-2025,data/interim/unpacked/uzbekistan/l2cu_v03/l2cu_cati_household_data_82.csv,household-round,selfempinc_past30d,32,1511,1511,1511
uzbekistan,L2CU 2018-2025,data/interim/unpacked/uzbekistan/l2cu_v03/l2cu_cati_household_data_82.csv,household-round,selfempinc_past30d,33,1511,1511,1511
uzbekistan,L2CU 2018-2025,data/interim/unpacked/uzbekistan/l2cu_v03/l2cu_cati_household_data_82.csv,household-round,selfempinc_past30d,34,1511,1511,1511
uzbekistan,L2CU 2018-2025,data/interim/unpacked/uzbekistan/l2cu_v03/l2cu_cati_household_data_82.csv,household-round,selfempinc_past30d,35,1511,1511,1511
uzbekistan,L2CU 2018-2025,data/interim/unpacked/uzbekistan/l2cu_v03/l2cu_cati_household_data_82.csv,household-round,selfempinc_past30d,36,1511,1511,1511
uzbekistan,L2CU 2018-2025,data/interim/unpacked/uzbekistan/l2cu_v03/l2cu_cati_household_data_82.csv,household-round,selfempinc_past30d,37,1510,1510,1510
uzbekistan,L2CU 2018-2025,data/interim/unpacked/uzbekistan/l2cu_v03/l2cu_cati_household_data_82.csv,household-round,selfempinc_past30d,38,1509,1509,1509
uzbekistan,L2CU 2018-2025,data/interim/unpacked/uzbekistan/l2cu_v03/l2cu_cati_household_data_82.csv,household-round,selfempinc_past30d,39,1508,1508,1508
uzbekistan,L2CU 2018-2025,data/interim/unpacked/uzbekistan/l2cu_v03/l2cu_cati_household_data_82.csv,household-round,selfempinc_past30d,40,1507,1507,1507
uzbekistan,L2CU 2018-2025,data/interim/unpacked/uzbekistan/l2cu_v03/l2cu_cati_household_data_82.csv,household-round,selfempinc_past30d,41,1505,1505,1505
uzbekistan,L2CU 2018-2025,data/interim/unpacked/uzbekistan/l2cu_v03/l2cu_cati_household_data_82.csv,household-round,selfempinc_past30d,42,1507,1507,1507
uzbekistan,L2CU 2018-2025,data/interim/unpacked/uzbekistan/l2cu_v03/l2cu_cati_household_data_82.csv,household-round,selfempinc_past30d,43,1508,1508,1508
uzbekistan,L2CU 2018-2025,data/interim/unpacked/uzbekistan/l2cu_v03/l2cu_cati_household_data_82.csv,household-round,selfempinc_past30d,44,1508,1508,1508
uzbekistan,L2CU 2018-2025,data/interim/unpacked/uzbekistan/l2cu_v03/l2cu_cati_household_data_82.csv,household-round,selfempinc_past30d,45,1508,1508,1508
uzbekistan,L2CU 2018-2025,data/interim/unpacked/uzbekistan/l2cu_v03/l2cu_cati_household_data_82.csv,household-round,selfempinc_past30d,46,1507,1507,1507
uzbekistan,L2CU 2018-2025,data/interim/unpacked/uzbekistan/l2cu_v03/l2cu_cati_household_data_82.csv,household-round,selfempinc_past30d,47,1504,1504,1504
uzbekistan,L2CU 2018-2025,data/interim/unpacked/uzbekistan/l2cu_v03/l2cu_cati_household_data_82.csv,household-round,selfempinc_past30d,48,1499,1499,1499
uzbekistan,L2CU 2018-2025,data/interim/unpacked/uzbekistan/l2cu_v03/l2cu_cati_household_data_82.csv,household-round,selfempinc_past30d,49,1498,1498,1498
uzbekistan,L2CU 2018-2025,data/interim/unpacked/uzbekistan/l2cu_v03/l2cu_cati_household_data_82.csv,household-round,selfempinc_past30d,50,1495,1495,1495
uzbekistan,L2CU 2018-2025,data/interim/unpacked/uzbekistan/l2cu_v03/l2cu_cati_household_data_82.csv,household-round,selfempinc_past30d,51,1494,1494,1494
uzbekistan,L2CU 2018-2025,data/interim/unpacked/uzbekistan/l2cu_v03/l2cu_cati_household_data_82.csv,household-round,selfempinc_past30d,52,1494,1494,1494
uzbekistan,L2CU 2018-2025,data/interim/unpacked/uzbekistan/l2cu_v03/l2cu_cati_household_data_82.csv,household-round,selfempinc_past30d,53,1491,1491,1491
uzbekistan,L2CU 2018-2025,data/interim/unpacked/uzbekistan/l2cu_v03/l2cu_cati_household_data_82.csv,household-round,selfempinc_past30d,54,1491,1491,1491
uzbekistan,L2CU 2018-2025,data/interim/unpacked/uzbekistan/l2cu_v03/l2cu_cati_household_data_82.csv,household-round,selfempinc_past30d,55,1490,1490,1490
uzbekistan,L2CU 2018-2025,data/interim/unpacked/uzbekistan/l2cu_v03/l2cu_cati_household_data_82.csv,household-round,selfempinc_past30d,56,1489,1489,1489
uzbekistan,L2CU 2018-2025,data/interim/unpacked/uzbekistan/l2cu_v03/l2cu_cati_household_data_82.csv,household-round,selfempinc_past30d,57,1488,1488,1488
uzbekistan,L2CU 2018-2025,data/interim/unpacked/uzbekistan/l2cu_v03/l2cu_cati_household_data_82.csv,household-round,selfempinc_past30d,58,1486,1486,1486
uzbekistan,L2CU 2018-2025,data/interim/unpacked/uzbekistan/l2cu_v03/l2cu_cati_household_data_82.csv,household-round,selfempinc_past30d,59,1484,1484,1484
uzbekistan,L2CU 2018-2025,data/interim/unpacked/uzbekistan/l2cu_v03/l2cu_cati_household_data_82.csv,household-round,selfempinc_past30d,60,1451,1451,1451
uzbekistan,L2CU 2018-2025,data/interim/unpacked/uzbekistan/l2cu_v03/l2cu_cati_household_data_82.csv,household-round,selfempinc_past30d,61,1439,1439,1439
uzbekistan,L2CU 2018-2025,data/interim/unpacked/uzbekistan/l2cu_v03/l2cu_cati_household_data_82.csv,household-round,selfempinc_past30d,62,1429,1429,1429
uzbekistan,L2CU 2018-2025,data/interim/unpacked/uzbekistan/l2cu_v03/l2cu_cati_household_data_82.csv,household-round,selfempinc_past30d,63,1423,1423,1423
uzbekistan,L2CU 2018-2025,data/interim/unpacked/uzbekistan/l2cu_v03/l2cu_cati_household_data_82.csv,household-round,selfempinc_past30d,64,1400,1400,1400
uzbekistan,L2CU 2018-2025,data/interim/unpacked/uzbekistan/l2cu_v03/l2cu_cati_household_data_82.csv,household-round,selfempinc_past30d,65,1383,1383,1383
uzbekistan,L2CU 2018-2025,data/interim/unpacked/uzbekistan/l2cu_v03/l2cu_cati_household_data_82.csv,household-round,selfempinc_past30d,66,1378,1378,1378
uzbekistan,L2CU 2018-2025,data/interim/unpacked/uzbekistan/l2cu_v03/l2cu_cati_household_data_82.csv,household-round,selfempinc_past30d,67,1412,1412,1412
uzbekistan,L2CU 2018-2025,data/interim/unpacked/uzbekistan/l2cu_v03/l2cu_cati_household_data_82.csv,household-round,selfempinc_past30d,68,1406,1406,1406
uzbekistan,L2CU 2018-2025,data/interim/unpacked/uzbekistan/l2cu_v03/l2cu_cati_household_data_82.csv,household-round,selfempinc_past30d,69,1399,1399,1399
uzbekistan,L2CU 2018-2025,data/interim/unpacked/uzbekistan/l2cu_v03/l2cu_cati_household_data_82.csv,household-round,selfempinc_past30d,70,1373,1373,1373
uzbekistan,L2CU 2018-2025,data/interim/unpacked/uzbekistan/l2cu_v03/l2cu_cati_household_data_82.csv,household-round,selfempinc_past30d,71,1357,1357,1357
uzbekistan,L2CU 2018-2025,data/interim/unpacked/uzbekistan/l2cu_v03/l2cu_cati_household_data_82.csv,household-round,selfempinc_past30d,72,1320,1320,1320
uzbekistan,L2CU 2018-2025,data/interim/unpacked/uzbekistan/l2cu_v03/l2cu_cati_household_data_82.csv,household-round,selfempinc_past30d,73,1289,1289,1289
uzbekistan,L2CU 2018-2025,data/interim/unpacked/uzbekistan/l2cu_v03/l2cu_cati_household_data_82.csv,household-round,selfempinc_past30d,74,1278,1278,1278
uzbekistan,L2CU 2018-2025,data/interim/unpacked/uzbekistan/l2cu_v03/l2cu_cati_household_data_82.csv,household-round,selfempinc_past30d,75,1275,1275,1275
uzbekistan,L2CU 2018-2025,data/interim/unpacked/uzbekistan/l2cu_v03/l2cu_cati_household_data_82.csv,household-round,selfempinc_past30d,76,1564,1564,1564
uzbekistan,L2CU 2018-2025,data/interim/unpacked/uzbekistan/l2cu_v03/l2cu_cati_household_data_82.csv,household-round,selfempinc_past30d,77,1538,1538,1538
uzbekistan,L2CU 2018-2025,data/interim/unpacked/uzbekistan/l2cu_v03/l2cu_cati_household_data_82.csv,household-round,selfempinc_past30d,78,1514,1514,1514
uzbekistan,L2CU 2018-2025,data/interim/unpacked/uzbekistan/l2cu_v03/l2cu_cati_household_data_82.csv,household-round,selfempinc_past30d,79,1492,1492,1492
uzbekistan,L2CU 2018-2025,data/interim/unpacked/uzbekistan/l2cu_v03/l2cu_cati_household_data_82.csv,household-round,selfempinc_past30d,80,1478,1478,1478
uzbekistan,L2CU 2018-2025,data/interim/unpacked/uzbekistan/l2cu_v03/l2cu_cati_household_data_82.csv,household-round,selfempinc_past30d,81,1464,1464,1464
uzbekistan,L2CU 2018-2025,data/interim/unpacked/uzbekistan/l2cu_v03/l2cu_cati_household_data_82.csv,household-round,selfempinc_past30d,82,1463,1463,1463
uzbekistan,L2CU 2018-2025,data/interim/unpacked/uzbekistan/l2cu_v03/l2cu_cati_household_data_82.csv,household-round,selfempinc_amount,1,1504,519,519
uzbekistan,L2CU 2018-2025,data/interim/unpacked/uzbekistan/l2cu_v03/l2cu_cati_household_data_82.csv,household-round,selfempinc_amount,2,1507,722,721
uzbekistan,L2CU 2018-2025,data/interim/unpacked/uzbekistan/l2cu_v03/l2cu_cati_household_data_82.csv,household-round,selfempinc_amount,3,1520,708,707
uzbekistan,L2CU 2018-2025,data/interim/unpacked/uzbekistan/l2cu_v03/l2cu_cati_household_data_82.csv,household-round,selfempinc_amount,4,1520,581,581
uzbekistan,L2CU 2018-2025,data/interim/unpacked/uzbekistan/l2cu_v03/l2cu_cati_household_data_82.csv,household-round,selfempinc_amount,5,1524,458,457
uzbekistan,L2CU 2018-2025,data/interim/unpacked/uzbekistan/l2cu_v03/l2cu_cati_household_data_82.csv,household-round,selfempinc_amount,6,1524,465,461
uzbekistan,L2CU 2018-2025,data/interim/unpacked/uzbekistan/l2cu_v03/l2cu_cati_household_data_82.csv,household-round,selfempinc_amount,7,1524,494,494
uzbekistan,L2CU 2018-2025,data/interim/unpacked/uzbekistan/l2cu_v03/l2cu_cati_household_data_82.csv,household-round,selfempinc_amount,8,1523,563,563
uzbekistan,L2CU 2018-2025,data/interim/unpacked/uzbekistan/l2cu_v03/l2cu_cati_household_data_82.csv,household-round,selfempinc_amount,9,1522,596,594
uzbekistan,L2CU 2018-2025,data/interim/unpacked/uzbekistan/l2cu_v03/l2cu_cati_household_data_82.csv,household-round,selfempinc_amount,10,1525,608,606
uzbekistan,L2CU 2018-2025,data/interim/unpacked/uzbekistan/l2cu_v03/l2cu_cati_household_data_82.csv,household-round,selfempinc_amount,11,1523,580,579
uzbekistan,L2CU 2018-2025,data/interim/unpacked/uzbekistan/l2cu_v03/l2cu_cati_household_data_82.csv,household-round,selfempinc_amount,12,1521,615,614
uzbekistan,L2CU 2018-2025,data/interim/unpacked/uzbekistan/l2cu_v03/l2cu_cati_household_data_82.csv,household-round,selfempinc_amount,13,1507,614,614
uzbekistan,L2CU 2018-2025,data/interim/unpacked/uzbekistan/l2cu_v03/l2cu_cati_household_data_82.csv,household-round,selfempinc_amount,14,1519,679,677
uzbekistan,L2CU 2018-2025,data/interim/unpacked/uzbekistan/l2cu_v03/l2cu_cati_household_data_82.csv,household-round,selfempinc_amount,15,1523,689,686
uzbekistan,L2CU 2018-2025,data/interim/unpacked/uzbekistan/l2cu_v03/l2cu_cati_household_data_82.csv,household-round,selfempinc_amount,16,1521,581,579
uzbekistan,L2CU 2018-2025,data/interim/unpacked/uzbekistan/l2cu_v03/l2cu_cati_household_data_82.csv,household-round,selfempinc_amount,17,1521,567,567
uzbekistan,L2CU 2018-2025,data/interim/unpacked/uzbekistan/l2cu_v03/l2cu_cati_household_data_82.csv,household-round,selfempinc_amount,18,1522,503,501
uzbekistan,L2CU 2018-2025,data/interim/unpacked/uzbekistan/l2cu_v03/l2cu_cati_household_data_82.csv,household-round,selfempinc_amount,19,1522,591,591
uzbekistan,L2CU 2018-2025,data/interim/unpacked/uzbekistan/l2cu_v03/l2cu_cati_household_data_82.csv,household-round,selfempinc_amount,20,1521,201,199
uzbekistan,L2CU 2018-2025,data/interim/unpacked/uzbekistan/l2cu_v03/l2cu_cati_household_data_82.csv,household-round,selfempinc_amount,21,1521,223,222
uzbekistan,L2CU 2018-2025,data/interim/unpacked/uzbekistan/l2cu_v03/l2cu_cati_household_data_82.csv,household-round,selfempinc_amount,22,1520,435,432
uzbekistan,L2CU 2018-2025,data/interim/unpacked/uzbekistan/l2cu_v03/l2cu_cati_household_data_82.csv,household-round,selfempinc_amount,23,1517,480,478
uzbekistan,L2CU 2018-2025,data/interim/unpacked/uzbekistan/l2cu_v03/l2cu_cati_household_data_82.csv,household-round,selfempinc_amount,24,1516,432,431
uzbekistan,L2CU 2018-2025,data/interim/unpacked/uzbekistan/l2cu_v03/l2cu_cati_household_data_82.csv,household-round,selfempinc_amount,25,1516,571,570
uzbekistan,L2CU 2018-2025,data/interim/unpacked/uzbekistan/l2cu_v03/l2cu_cati_household_data_82.csv,household-round,selfempinc_amount,26,1514,653,653
uzbekistan,L2CU 2018-2025,data/interim/unpacked/uzbekistan/l2cu_v03/l2cu_cati_household_data_82.csv,household-round,selfempinc_amount,27,1514,611,611
uzbekistan,L2CU 2018-2025,data/interim/unpacked/uzbekistan/l2cu_v03/l2cu_cati_household_data_82.csv,household-round,selfempinc_amount,28,1513,539,539
uzbekistan,L2CU 2018-2025,data/interim/unpacked/uzbekistan/l2cu_v03/l2cu_cati_household_data_82.csv,household-round,selfempinc_amount,29,1512,443,442
uzbekistan,L2CU 2018-2025,data/interim/unpacked/uzbekistan/l2cu_v03/l2cu_cati_household_data_82.csv,household-round,selfempinc_amount,30,1510,494,493
uzbekistan,L2CU 2018-2025,data/interim/unpacked/uzbekistan/l2cu_v03/l2cu_cati_household_data_82.csv,household-round,selfempinc_amount,31,1512,534,533
uzbekistan,L2CU 2018-2025,data/interim/unpacked/uzbekistan/l2cu_v03/l2cu_cati_household_data_82.csv,household-round,selfempinc_amount,32,1511,537,537
uzbekistan,L2CU 2018-2025,data/interim/unpacked/uzbekistan/l2cu_v03/l2cu_cati_household_data_82.csv,household-round,selfempinc_amount,33,1511,569,568
uzbekistan,L2CU 2018-2025,data/interim/unpacked/uzbekistan/l2cu_v03/l2cu_cati_household_data_82.csv,household-round,selfempinc_amount,34,1511,640,637
uzbekistan,L2CU 2018-2025,data/interim/unpacked/uzbekistan/l2cu_v03/l2cu_cati_household_data_82.csv,household-round,selfempinc_amount,35,1511,653,653
uzbekistan,L2CU 2018-2025,data/interim/unpacked/uzbekistan/l2cu_v03/l2cu_cati_household_data_82.csv,household-round,selfempinc_amount,36,1511,646,645
uzbekistan,L2CU 2018-2025,data/interim/unpacked/uzbekistan/l2cu_v03/l2cu_cati_household_data_82.csv,household-round,selfempinc_amount,37,1510,644,644
uzbekistan,L2CU 2018-2025,data/interim/unpacked/uzbekistan/l2cu_v03/l2cu_cati_household_data_82.csv,household-round,selfempinc_amount,38,1509,669,669
uzbekistan,L2CU 2018-2025,data/interim/unpacked/uzbekistan/l2cu_v03/l2cu_cati_household_data_82.csv,household-round,selfempinc_amount,39,1508,632,632
uzbekistan,L2CU 2018-2025,data/interim/unpacked/uzbekistan/l2cu_v03/l2cu_cati_household_data_82.csv,household-round,selfempinc_amount,40,1507,611,611
uzbekistan,L2CU 2018-2025,data/interim/unpacked/uzbekistan/l2cu_v03/l2cu_cati_household_data_82.csv,household-round,selfempinc_amount,41,1505,518,516
uzbekistan,L2CU 2018-2025,data/interim/unpacked/uzbekistan/l2cu_v03/l2cu_cati_household_data_82.csv,household-round,selfempinc_amount,42,1507,526,525
uzbekistan,L2CU 2018-2025,data/interim/unpacked/uzbekistan/l2cu_v03/l2cu_cati_household_data_82.csv,household-round,selfempinc_amount,43,1508,589,588
uzbekistan,L2CU 2018-2025,data/interim/unpacked/uzbekistan/l2cu_v03/l2cu_cati_household_data_82.csv,household-round,selfempinc_amount,44,1508,578,578
uzbekistan,L2CU 2018-2025,data/interim/unpacked/uzbekistan/l2cu_v03/l2cu_cati_household_data_82.csv,household-round,selfempinc_amount,45,1508,610,609
uzbekistan,L2CU 2018-2025,data/interim/unpacked/uzbekistan/l2cu_v03/l2cu_cati_household_data_82.csv,household-round,selfempinc_amount,46,1507,602,602
uzbekistan,L2CU 2018-2025,data/interim/unpacked/uzbekistan/l2cu_v03/l2cu_cati_household_data_82.csv,household-round,selfempinc_amount,47,1504,634,632
uzbekistan,L2CU 2018-2025,data/interim/unpacked/uzbekistan/l2cu_v03/l2cu_cati_household_data_82.csv,household-round,selfempinc_amount,48,1499,650,649
uzbekistan,L2CU 2018-2025,data/interim/unpacked/uzbekistan/l2cu_v03/l2cu_cati_household_data_82.csv,household-round,selfempinc_amount,49,1498,641,640
uzbekistan,L2CU 2018-2025,data/interim/unpacked/uzbekistan/l2cu_v03/l2cu_cati_household_data_82.csv,household-round,selfempinc_amount,50,1495,772,772
uzbekistan,L2CU 2018-2025,data/interim/unpacked/uzbekistan/l2cu_v03/l2cu_cati_household_data_82.csv,household-round,selfempinc_amount,51,1494,748,748
uzbekistan,L2CU 2018-2025,data/interim/unpacked/uzbekistan/l2cu_v03/l2cu_cati_household_data_82.csv,household-round,selfempinc_amount,52,1494,644,643
uzbekistan,L2CU 2018-2025,data/interim/unpacked/uzbekistan/l2cu_v03/l2cu_cati_household_data_82.csv,household-round,selfempinc_amount,53,1491,571,571
uzbekistan,L2CU 2018-2025,data/interim/unpacked/uzbekistan/l2cu_v03/l2cu_cati_household_data_82.csv,household-round,selfempinc_amount,54,1491,575,574
uzbekistan,L2CU 2018-2025,data/interim/unpacked/uzbekistan/l2cu_v03/l2cu_cati_household_data_82.csv,household-round,selfempinc_amount,55,1490,661,661
uzbekistan,L2CU 2018-2025,data/interim/unpacked/uzbekistan/l2cu_v03/l2cu_cati_household_data_82.csv,household-round,selfempinc_amount,56,1489,673,672
uzbekistan,L2CU 2018-2025,data/interim/unpacked/uzbekistan/l2cu_v03/l2cu_cati_household_data_82.csv,household-round,selfempinc_amount,57,1488,696,696
uzbekistan,L2CU 2018-2025,data/interim/unpacked/uzbekistan/l2cu_v03/l2cu_cati_household_data_82.csv,household-round,selfempinc_amount,58,1486,548,547
uzbekistan,L2CU 2018-2025,data/interim/unpacked/uzbekistan/l2cu_v03/l2cu_cati_household_data_82.csv,household-round,selfempinc_amount,59,1484,577,577
uzbekistan,L2CU 2018-2025,data/interim/unpacked/uzbekistan/l2cu_v03/l2cu_cati_household_data_82.csv,household-round,selfempinc_amount,60,1451,554,553
uzbekistan,L2CU 2018-2025,data/interim/unpacked/uzbekistan/l2cu_v03/l2cu_cati_household_data_82.csv,household-round,selfempinc_amount,61,1439,539,538
uzbekistan,L2CU 2018-2025,data/interim/unpacked/uzbekistan/l2cu_v03/l2cu_cati_household_data_82.csv,household-round,selfempinc_amount,62,1429,558,557
uzbekistan,L2CU 2018-2025,data/interim/unpacked/uzbekistan/l2cu_v03/l2cu_cati_household_data_82.csv,household-round,selfempinc_amount,63,1423,524,524
uzbekistan,L2CU 2018-2025,data/interim/unpacked/uzbekistan/l2cu_v03/l2cu_cati_household_data_82.csv,household-round,selfempinc_amount,64,1400,470,470
uzbekistan,L2CU 2018-2025,data/interim/unpacked/uzbekistan/l2cu_v03/l2cu_cati_household_data_82.csv,household-round,selfempinc_amount,65,1383,446,446
uzbekistan,L2CU 2018-2025,data/interim/unpacked/uzbekistan/l2cu_v03/l2cu_cati_household_data_82.csv,household-round,selfempinc_amount,66,1378,422,421
uzbekistan,L2CU 2018-2025,data/interim/unpacked/uzbekistan/l2cu_v03/l2cu_cati_household_data_82.csv,household-round,selfempinc_amount,67,1412,561,560
uzbekistan,L2CU 2018-2025,data/interim/unpacked/uzbekistan/l2cu_v03/l2cu_cati_household_data_82.csv,household-round,selfempinc_amount,68,1406,610,610
uzbekistan,L2CU 2018-2025,data/interim/unpacked/uzbekistan/l2cu_v03/l2cu_cati_household_data_82.csv,household-round,selfempinc_amount,69,1399,635,635
uzbekistan,L2CU 2018-2025,data/interim/unpacked/uzbekistan/l2cu_v03/l2cu_cati_household_data_82.csv,household-round,selfempinc_amount,70,1373,622,621
uzbekistan,L2CU 2018-2025,data/interim/unpacked/uzbekistan/l2cu_v03/l2cu_cati_household_data_82.csv,household-round,selfempinc_amount,71,1357,607,606
uzbekistan,L2CU 2018-2025,data/interim/unpacked/uzbekistan/l2cu_v03/l2cu_cati_household_data_82.csv,household-round,selfempinc_amount,72,1320,590,590
uzbekistan,L2CU 2018-2025,data/interim/unpacked/uzbekistan/l2cu_v03/l2cu_cati_household_data_82.csv,household-round,selfempinc_amount,73,1289,553,552
uzbekistan,L2CU 2018-2025,data/interim/unpacked/uzbekistan/l2cu_v03/l2cu_cati_household_data_82.csv,household-round,selfempinc_amount,74,1278,590,588
uzbekistan,L2CU 2018-2025,data/interim/unpacked/uzbekistan/l2cu_v03/l2cu_cati_household_data_82.csv,household-round,selfempinc_amount,75,1275,595,594
uzbekistan,L2CU 2018-2025,data/interim/unpacked/uzbekistan/l2cu_v03/l2cu_cati_household_data_82.csv,household-round,selfempinc_amount,76,1564,603,603
uzbekistan,L2CU 2018-2025,data/interim/unpacked/uzbekistan/l2cu_v03/l2cu_cati_household_data_82.csv,household-round,selfempinc_amount,77,1538,553,552
uzbekistan,L2CU 2018-2025,data/interim/unpacked/uzbekistan/l2cu_v03/l2cu_cati_household_data_82.csv,household-round,selfempinc_amount,78,1514,537,537
uzbekistan,L2CU 2018-2025,data/interim/unpacked/uzbekistan/l2cu_v03/l2cu_cati_household_data_82.csv,household-round,selfempinc_amount,79,1492,575,575
uzbekistan,L2CU 2018-2025,data/interim/unpacked/uzbekistan/l2cu_v03/l2cu_cati_household_data_82.csv,household-round,selfempinc_amount,80,1478,542,540
uzbekistan,L2CU 2018-2025,data/interim/unpacked/uzbekistan/l2cu_v03/l2cu_cati_household_data_82.csv,household-round,selfempinc_amount,81,1464,609,608
uzbekistan,L2CU 2018-2025,data/interim/unpacked/uzbekistan/l2cu_v03/l2cu_cati_household_data_82.csv,household-round,selfempinc_amount,82,1463,564,564
uzbekistan,L2CU 2018-2025,data/interim/unpacked/uzbekistan/l2cu_v03/l2cu_cati_household_data_82.csv,household-round,otherinc_past30d,1,1504,1504,1504
uzbekistan,L2CU 2018-2025,data/interim/unpacked/uzbekistan/l2cu_v03/l2cu_cati_household_data_82.csv,household-round,otherinc_past30d,2,1507,1507,1507
uzbekistan,L2CU 2018-2025,data/interim/unpacked/uzbekistan/l2cu_v03/l2cu_cati_household_data_82.csv,household-round,otherinc_past30d,3,1520,1520,1520
uzbekistan,L2CU 2018-2025,data/interim/unpacked/uzbekistan/l2cu_v03/l2cu_cati_household_data_82.csv,household-round,otherinc_past30d,4,1520,1520,1520
uzbekistan,L2CU 2018-2025,data/interim/unpacked/uzbekistan/l2cu_v03/l2cu_cati_household_data_82.csv,household-round,otherinc_past30d,5,1524,1524,1524
uzbekistan,L2CU 2018-2025,data/interim/unpacked/uzbekistan/l2cu_v03/l2cu_cati_household_data_82.csv,household-round,otherinc_past30d,6,1524,1524,1524
uzbekistan,L2CU 2018-2025,data/interim/unpacked/uzbekistan/l2cu_v03/l2cu_cati_household_data_82.csv,household-round,otherinc_past30d,7,1524,1524,1524
uzbekistan,L2CU 2018-2025,data/interim/unpacked/uzbekistan/l2cu_v03/l2cu_cati_household_data_82.csv,household-round,otherinc_past30d,8,1523,1523,1523
uzbekistan,L2CU 2018-2025,data/interim/unpacked/uzbekistan/l2cu_v03/l2cu_cati_household_data_82.csv,household-round,otherinc_past30d,9,1522,1522,1522
uzbekistan,L2CU 2018-2025,data/interim/unpacked/uzbekistan/l2cu_v03/l2cu_cati_household_data_82.csv,household-round,otherinc_past30d,10,1525,1525,1525
uzbekistan,L2CU 2018-2025,data/interim/unpacked/uzbekistan/l2cu_v03/l2cu_cati_household_data_82.csv,household-round,otherinc_past30d,11,1523,1523,1523
uzbekistan,L2CU 2018-2025,data/interim/unpacked/uzbekistan/l2cu_v03/l2cu_cati_household_data_82.csv,household-round,otherinc_past30d,12,1521,1521,1521
uzbekistan,L2CU 2018-2025,data/interim/unpacked/uzbekistan/l2cu_v03/l2cu_cati_household_data_82.csv,household-round,otherinc_past30d,13,1507,1507,1507
uzbekistan,L2CU 2018-2025,data/interim/unpacked/uzbekistan/l2cu_v03/l2cu_cati_household_data_82.csv,household-round,otherinc_past30d,14,1519,1519,1519
uzbekistan,L2CU 2018-2025,data/interim/unpacked/uzbekistan/l2cu_v03/l2cu_cati_household_data_82.csv,household-round,otherinc_past30d,15,1523,1523,1523
uzbekistan,L2CU 2018-2025,data/interim/unpacked/uzbekistan/l2cu_v03/l2cu_cati_household_data_82.csv,household-round,otherinc_past30d,16,1521,1521,1521
uzbekistan,L2CU 2018-2025,data/interim/unpacked/uzbekistan/l2cu_v03/l2cu_cati_household_data_82.csv,household-round,otherinc_past30d,17,1521,1521,1521
uzbekistan,L2CU 2018-2025,data/interim/unpacked/uzbekistan/l2cu_v03/l2cu_cati_household_data_82.csv,household-round,otherinc_past30d,18,1522,1522,1522
uzbekistan,L2CU 2018-2025,data/interim/unpacked/uzbekistan/l2cu_v03/l2cu_cati_household_data_82.csv,household-round,otherinc_past30d,19,1522,1522,1522
uzbekistan,L2CU 2018-2025,data/interim/unpacked/uzbekistan/l2cu_v03/l2cu_cati_household_data_82.csv,household-round,otherinc_past30d,20,1521,1521,1521
uzbekistan,L2CU 2018-2025,data/interim/unpacked/uzbekistan/l2cu_v03/l2cu_cati_household_data_82.csv,household-round,otherinc_past30d,21,1521,1521,1521
uzbekistan,L2CU 2018-2025,data/interim/unpacked/uzbekistan/l2cu_v03/l2cu_cati_household_data_82.csv,household-round,otherinc_past30d,22,1520,1520,1520
uzbekistan,L2CU 2018-2025,data/interim/unpacked/uzbekistan/l2cu_v03/l2cu_cati_household_data_82.csv,household-round,otherinc_past30d,23,1517,1517,1517
uzbekistan,L2CU 2018-2025,data/interim/unpacked/uzbekistan/l2cu_v03/l2cu_cati_household_data_82.csv,household-round,otherinc_past30d,24,1516,1516,1516
uzbekistan,L2CU 2018-2025,data/interim/unpacked/uzbekistan/l2cu_v03/l2cu_cati_household_data_82.csv,household-round,otherinc_past30d,25,1516,1516,1516
uzbekistan,L2CU 2018-2025,data/interim/unpacked/uzbekistan/l2cu_v03/l2cu_cati_household_data_82.csv,household-round,otherinc_past30d,26,1514,1514,1514
uzbekistan,L2CU 2018-2025,data/interim/unpacked/uzbekistan/l2cu_v03/l2cu_cati_household_data_82.csv,household-round,otherinc_past30d,27,1514,1514,1514
uzbekistan,L2CU 2018-2025,data/interim/unpacked/uzbekistan/l2cu_v03/l2cu_cati_household_data_82.csv,household-round,otherinc_past30d,28,1513,1513,1513
uzbekistan,L2CU 2018-2025,data/interim/unpacked/uzbekistan/l2cu_v03/l2cu_cati_household_data_82.csv,household-round,otherinc_past30d,29,1512,1512,1512
uzbekistan,L2CU 2018-2025,data/interim/unpacked/uzbekistan/l2cu_v03/l2cu_cati_household_data_82.csv,household-round,otherinc_past30d,30,1510,1510,1510
uzbekistan,L2CU 2018-2025,data/interim/unpacked/uzbekistan/l2cu_v03/l2cu_cati_household_data_82.csv,household-round,otherinc_past30d,31,1512,1512,1512
uzbekistan,L2CU 2018-2025,data/interim/unpacked/uzbekistan/l2cu_v03/l2cu_cati_household_data_82.csv,household-round,otherinc_past30d,32,1511,1511,1511
uzbekistan,L2CU 2018-2025,data/interim/unpacked/uzbekistan/l2cu_v03/l2cu_cati_household_data_82.csv,household-round,otherinc_past30d,33,1511,1511,1511
uzbekistan,L2CU 2018-2025,data/interim/unpacked/uzbekistan/l2cu_v03/l2cu_cati_household_data_82.csv,household-round,otherinc_past30d,34,1511,1511,1511
uzbekistan,L2CU 2018-2025,data/interim/unpacked/uzbekistan/l2cu_v03/l2cu_cati_household_data_82.csv,household-round,otherinc_past30d,35,1511,1511,1511
uzbekistan,L2CU 2018-2025,data/interim/unpacked/uzbekistan/l2cu_v03/l2cu_cati_household_data_82.csv,household-round,otherinc_past30d,36,1511,1511,1511
uzbekistan,L2CU 2018-2025,data/interim/unpacked/uzbekistan/l2cu_v03/l2cu_cati_household_data_82.csv,household-round,otherinc_past30d,37,1510,1510,1510
uzbekistan,L2CU 2018-2025,data/interim/unpacked/uzbekistan/l2cu_v03/l2cu_cati_household_data_82.csv,household-round,otherinc_past30d,38,1509,1509,1509
uzbekistan,L2CU 2018-2025,data/interim/unpacked/uzbekistan/l2cu_v03/l2cu_cati_household_data_82.csv,household-round,otherinc_past30d,39,1508,1508,1508
uzbekistan,L2CU 2018-2025,data/interim/unpacked/uzbekistan/l2cu_v03/l2cu_cati_household_data_82.csv,household-round,otherinc_past30d,40,1507,1507,1507
uzbekistan,L2CU 2018-2025,data/interim/unpacked/uzbekistan/l2cu_v03/l2cu_cati_household_data_82.csv,household-round,otherinc_past30d,41,1505,1505,1505
uzbekistan,L2CU 2018-2025,data/interim/unpacked/uzbekistan/l2cu_v03/l2cu_cati_household_data_82.csv,household-round,otherinc_past30d,42,1507,1507,1507
uzbekistan,L2CU 2018-2025,data/interim/unpacked/uzbekistan/l2cu_v03/l2cu_cati_household_data_82.csv,household-round,otherinc_past30d,43,1508,1508,1508
uzbekistan,L2CU 2018-2025,data/interim/unpacked/uzbekistan/l2cu_v03/l2cu_cati_household_data_82.csv,household-round,otherinc_past30d,44,1508,1508,1508
uzbekistan,L2CU 2018-2025,data/interim/unpacked/uzbekistan/l2cu_v03/l2cu_cati_household_data_82.csv,household-round,otherinc_past30d,45,1508,1508,1508
uzbekistan,L2CU 2018-2025,data/interim/unpacked/uzbekistan/l2cu_v03/l2cu_cati_household_data_82.csv,household-round,otherinc_past30d,46,1507,1507,1507
uzbekistan,L2CU 2018-2025,data/interim/unpacked/uzbekistan/l2cu_v03/l2cu_cati_household_data_82.csv,household-round,otherinc_past30d,47,1504,1504,1504
uzbekistan,L2CU 2018-2025,data/interim/unpacked/uzbekistan/l2cu_v03/l2cu_cati_household_data_82.csv,household-round,otherinc_past30d,48,1499,1499,1499
uzbekistan,L2CU 2018-2025,data/interim/unpacked/uzbekistan/l2cu_v03/l2cu_cati_household_data_82.csv,household-round,otherinc_past30d,49,1498,1498,1498
uzbekistan,L2CU 2018-2025,data/interim/unpacked/uzbekistan/l2cu_v03/l2cu_cati_household_data_82.csv,household-round,otherinc_past30d,50,1495,1495,1495
uzbekistan,L2CU 2018-2025,data/interim/unpacked/uzbekistan/l2cu_v03/l2cu_cati_household_data_82.csv,household-round,otherinc_past30d,51,1494,1494,1494
uzbekistan,L2CU 2018-2025,data/interim/unpacked/uzbekistan/l2cu_v03/l2cu_cati_household_data_82.csv,household-round,otherinc_past30d,52,1494,1494,1494
uzbekistan,L2CU 2018-2025,data/interim/unpacked/uzbekistan/l2cu_v03/l2cu_cati_household_data_82.csv,household-round,otherinc_past30d,53,1491,1491,1491
uzbekistan,L2CU 2018-2025,data/interim/unpacked/uzbekistan/l2cu_v03/l2cu_cati_household_data_82.csv,household-round,otherinc_past30d,54,1491,1491,1491
uzbekistan,L2CU 2018-2025,data/interim/unpacked/uzbekistan/l2cu_v03/l2cu_cati_household_data_82.csv,household-round,otherinc_past30d,55,1490,1490,1490
uzbekistan,L2CU 2018-2025,data/interim/unpacked/uzbekistan/l2cu_v03/l2cu_cati_household_data_82.csv,household-round,otherinc_past30d,56,1489,1489,1489
uzbekistan,L2CU 2018-2025,data/interim/unpacked/uzbekistan/l2cu_v03/l2cu_cati_household_data_82.csv,household-round,otherinc_past30d,57,1488,1488,1488
uzbekistan,L2CU 2018-2025,data/interim/unpacked/uzbekistan/l2cu_v03/l2cu_cati_household_data_82.csv,household-round,otherinc_past30d,58,1486,1486,1486
uzbekistan,L2CU 2018-2025,data/interim/unpacked/uzbekistan/l2cu_v03/l2cu_cati_household_data_82.csv,household-round,otherinc_past30d,59,1484,1484,1484
uzbekistan,L2CU 2018-2025,data/interim/unpacked/uzbekistan/l2cu_v03/l2cu_cati_household_data_82.csv,household-round,otherinc_past30d,60,1451,1451,1451
uzbekistan,L2CU 2018-2025,data/interim/unpacked/uzbekistan/l2cu_v03/l2cu_cati_household_data_82.csv,household-round,otherinc_past30d,61,1439,1439,1439
uzbekistan,L2CU 2018-2025,data/interim/unpacked/uzbekistan/l2cu_v03/l2cu_cati_household_data_82.csv,household-round,otherinc_past30d,62,1429,1429,1429
uzbekistan,L2CU 2018-2025,data/interim/unpacked/uzbekistan/l2cu_v03/l2cu_cati_household_data_82.csv,household-round,otherinc_past30d,63,1423,1423,1423
uzbekistan,L2CU 2018-2025,data/interim/unpacked/uzbekistan/l2cu_v03/l2cu_cati_household_data_82.csv,household-round,otherinc_past30d,64,1400,1400,1400
uzbekistan,L2CU 2018-2025,data/interim/unpacked/uzbekistan/l2cu_v03/l2cu_cati_household_data_82.csv,household-round,otherinc_past30d,65,1383,1383,1383
uzbekistan,L2CU 2018-2025,data/interim/unpacked/uzbekistan/l2cu_v03/l2cu_cati_household_data_82.csv,household-round,otherinc_past30d,66,1378,1378,1378
uzbekistan,L2CU 2018-2025,data/interim/unpacked/uzbekistan/l2cu_v03/l2cu_cati_household_data_82.csv,household-round,otherinc_past30d,67,1412,1412,1412
uzbekistan,L2CU 2018-2025,data/interim/unpacked/uzbekistan/l2cu_v03/l2cu_cati_household_data_82.csv,household-round,otherinc_past30d,68,1406,1406,1406
uzbekistan,L2CU 2018-2025,data/interim/unpacked/uzbekistan/l2cu_v03/l2cu_cati_household_data_82.csv,household-round,otherinc_past30d,69,1399,1399,1399
uzbekistan,L2CU 2018-2025,data/interim/unpacked/uzbekistan/l2cu_v03/l2cu_cati_household_data_82.csv,household-round,otherinc_past30d,70,1373,1373,1373
uzbekistan,L2CU 2018-2025,data/interim/unpacked/uzbekistan/l2cu_v03/l2cu_cati_household_data_82.csv,household-round,otherinc_past30d,71,1357,1357,1357
uzbekistan,L2CU 2018-2025,data/interim/unpacked/uzbekistan/l2cu_v03/l2cu_cati_household_data_82.csv,household-round,otherinc_past30d,72,1320,1320,1320
uzbekistan,L2CU 2018-2025,data/interim/unpacked/uzbekistan/l2cu_v03/l2cu_cati_household_data_82.csv,household-round,otherinc_past30d,73,1289,1289,1289
uzbekistan,L2CU 2018-2025,data/interim/unpacked/uzbekistan/l2cu_v03/l2cu_cati_household_data_82.csv,household-round,otherinc_past30d,74,1278,1278,1278
uzbekistan,L2CU 2018-2025,data/interim/unpacked/uzbekistan/l2cu_v03/l2cu_cati_household_data_82.csv,household-round,otherinc_past30d,75,1275,1275,1275
uzbekistan,L2CU 2018-2025,data/interim/unpacked/uzbekistan/l2cu_v03/l2cu_cati_household_data_82.csv,household-round,otherinc_past30d,76,1564,1564,1564
uzbekistan,L2CU 2018-2025,data/interim/unpacked/uzbekistan/l2cu_v03/l2cu_cati_household_data_82.csv,household-round,otherinc_past30d,77,1538,1538,1538
uzbekistan,L2CU 2018-2025,data/interim/unpacked/uzbekistan/l2cu_v03/l2cu_cati_household_data_82.csv,household-round,otherinc_past30d,78,1514,1514,1514
uzbekistan,L2CU 2018-2025,data/interim/unpacked/uzbekistan/l2cu_v03/l2cu_cati_household_data_82.csv,household-round,otherinc_past30d,79,1492,1492,1492
uzbekistan,L2CU 2018-2025,data/interim/unpacked/uzbekistan/l2cu_v03/l2cu_cati_household_data_82.csv,household-round,otherinc_past30d,80,1478,1478,1478
uzbekistan,L2CU 2018-2025,data/interim/unpacked/uzbekistan/l2cu_v03/l2cu_cati_household_data_82.csv,household-round,otherinc_past30d,81,1464,1464,1464
uzbekistan,L2CU 2018-2025,data/interim/unpacked/uzbekistan/l2cu_v03/l2cu_cati_household_data_82.csv,household-round,otherinc_past30d,82,1463,1463,1463
uzbekistan,L2CU 2018-2025,data/interim/unpacked/uzbekistan/l2cu_v03/l2cu_cati_household_data_82.csv,household-round,otherinc_amount,1,1504,53,53
uzbekistan,L2CU 2018-2025,data/interim/unpacked/uzbekistan/l2cu_v03/l2cu_cati_household_data_82.csv,household-round,otherinc_amount,2,1507,70,70
uzbekistan,L2CU 2018-2025,data/interim/unpacked/uzbekistan/l2cu_v03/l2cu_cati_household_data_82.csv,household-round,otherinc_amount,3,1520,86,86
uzbekistan,L2CU 2018-2025,data/interim/unpacked/uzbekistan/l2cu_v03/l2cu_cati_household_data_82.csv,household-round,otherinc_amount,4,1520,92,92
uzbekistan,L2CU 2018-2025,data/interim/unpacked/uzbekistan/l2cu_v03/l2cu_cati_household_data_82.csv,household-round,otherinc_amount,5,1524,69,69
uzbekistan,L2CU 2018-2025,data/interim/unpacked/uzbekistan/l2cu_v03/l2cu_cati_household_data_82.csv,household-round,otherinc_amount,6,1524,56,56
uzbekistan,L2CU 2018-2025,data/interim/unpacked/uzbekistan/l2cu_v03/l2cu_cati_household_data_82.csv,household-round,otherinc_amount,7,1524,42,42
uzbekistan,L2CU 2018-2025,data/interim/unpacked/uzbekistan/l2cu_v03/l2cu_cati_household_data_82.csv,household-round,otherinc_amount,8,1523,55,55
uzbekistan,L2CU 2018-2025,data/interim/unpacked/uzbekistan/l2cu_v03/l2cu_cati_household_data_82.csv,household-round,otherinc_amount,9,1522,41,41
uzbekistan,L2CU 2018-2025,data/interim/unpacked/uzbekistan/l2cu_v03/l2cu_cati_household_data_82.csv,household-round,otherinc_amount,10,1525,60,60
uzbekistan,L2CU 2018-2025,data/interim/unpacked/uzbekistan/l2cu_v03/l2cu_cati_household_data_82.csv,household-round,otherinc_amount,11,1523,45,45
uzbekistan,L2CU 2018-2025,data/interim/unpacked/uzbekistan/l2cu_v03/l2cu_cati_household_data_82.csv,household-round,otherinc_amount,12,1521,49,49
uzbekistan,L2CU 2018-2025,data/interim/unpacked/uzbekistan/l2cu_v03/l2cu_cati_household_data_82.csv,household-round,otherinc_amount,13,1507,52,52
uzbekistan,L2CU 2018-2025,data/interim/unpacked/uzbekistan/l2cu_v03/l2cu_cati_household_data_82.csv,household-round,otherinc_amount,14,1519,115,115
uzbekistan,L2CU 2018-2025,data/interim/unpacked/uzbekistan/l2cu_v03/l2cu_cati_household_data_82.csv,household-round,otherinc_amount,15,1523,126,126
uzbekistan,L2CU 2018-2025,data/interim/unpacked/uzbekistan/l2cu_v03/l2cu_cati_household_data_82.csv,household-round,otherinc_amount,16,1521,45,45
uzbekistan,L2CU 2018-2025,data/interim/unpacked/uzbekistan/l2cu_v03/l2cu_cati_household_data_82.csv,household-round,otherinc_amount,17,1521,34,34
uzbekistan,L2CU 2018-2025,data/interim/unpacked/uzbekistan/l2cu_v03/l2cu_cati_household_data_82.csv,household-round,otherinc_amount,18,1522,37,37
uzbekistan,L2CU 2018-2025,data/interim/unpacked/uzbekistan/l2cu_v03/l2cu_cati_household_data_82.csv,household-round,otherinc_amount,19,1522,25,25
uzbekistan,L2CU 2018-2025,data/interim/unpacked/uzbekistan/l2cu_v03/l2cu_cati_household_data_82.csv,household-round,otherinc_amount,20,1521,22,22
uzbekistan,L2CU 2018-2025,data/interim/unpacked/uzbekistan/l2cu_v03/l2cu_cati_household_data_82.csv,household-round,otherinc_amount,21,1521,39,39
uzbekistan,L2CU 2018-2025,data/interim/unpacked/uzbekistan/l2cu_v03/l2cu_cati_household_data_82.csv,household-round,otherinc_amount,22,1520,45,45
uzbekistan,L2CU 2018-2025,data/interim/unpacked/uzbekistan/l2cu_v03/l2cu_cati_household_data_82.csv,household-round,otherinc_amount,23,1517,46,46
uzbekistan,L2CU 2018-2025,data/interim/unpacked/uzbekistan/l2cu_v03/l2cu_cati_household_data_82.csv,household-round,otherinc_amount,24,1516,44,44
uzbekistan,L2CU 2018-2025,data/interim/unpacked/uzbekistan/l2cu_v03/l2cu_cati_household_data_82.csv,household-round,otherinc_amount,25,1516,45,45
uzbekistan,L2CU 2018-2025,data/interim/unpacked/uzbekistan/l2cu_v03/l2cu_cati_household_data_82.csv,household-round,otherinc_amount,26,1514,90,90
uzbekistan,L2CU 2018-2025,data/interim/unpacked/uzbekistan/l2cu_v03/l2cu_cati_household_data_82.csv,household-round,otherinc_amount,27,1514,53,53
uzbekistan,L2CU 2018-2025,data/interim/unpacked/uzbekistan/l2cu_v03/l2cu_cati_household_data_82.csv,household-round,otherinc_amount,28,1513,39,39
uzbekistan,L2CU 2018-2025,data/interim/unpacked/uzbekistan/l2cu_v03/l2cu_cati_household_data_82.csv,household-round,otherinc_amount,29,1512,39,39
uzbekistan,L2CU 2018-2025,data/interim/unpacked/uzbekistan/l2cu_v03/l2cu_cati_household_data_82.csv,household-round,otherinc_amount,30,1510,39,39
uzbekistan,L2CU 2018-2025,data/interim/unpacked/uzbekistan/l2cu_v03/l2cu_cati_household_data_82.csv,household-round,otherinc_amount,31,1512,35,35
uzbekistan,L2CU 2018-2025,data/interim/unpacked/uzbekistan/l2cu_v03/l2cu_cati_household_data_82.csv,household-round,otherinc_amount,32,1511,41,41
uzbekistan,L2CU 2018-2025,data/interim/unpacked/uzbekistan/l2cu_v03/l2cu_cati_household_data_82.csv,household-round,otherinc_amount,33,1511,40,38
uzbekistan,L2CU 2018-2025,data/interim/unpacked/uzbekistan/l2cu_v03/l2cu_cati_household_data_82.csv,household-round,otherinc_amount,34,1511,36,36
uzbekistan,L2CU 2018-2025,data/interim/unpacked/uzbekistan/l2cu_v03/l2cu_cati_household_data_82.csv,household-round,otherinc_amount,35,1511,24,24
uzbekistan,L2CU 2018-2025,data/interim/unpacked/uzbekistan/l2cu_v03/l2cu_cati_household_data_82.csv,household-round,otherinc_amount,36,1511,15,15
uzbekistan,L2CU 2018-2025,data/interim/unpacked/uzbekistan/l2cu_v03/l2cu_cati_household_data_82.csv,household-round,otherinc_amount,37,1510,32,32
uzbekistan,L2CU 2018-2025,data/interim/unpacked/uzbekistan/l2cu_v03/l2cu_cati_household_data_82.csv,household-round,otherinc_amount,38,1509,83,83
uzbekistan,L2CU 2018-2025,data/interim/unpacked/uzbekistan/l2cu_v03/l2cu_cati_household_data_82.csv,household-round,otherinc_amount,39,1508,28,28
uzbekistan,L2CU 2018-2025,data/interim/unpacked/uzbekistan/l2cu_v03/l2cu_cati_household_data_82.csv,household-round,otherinc_amount,40,1507,26,26
uzbekistan,L2CU 2018-2025,data/interim/unpacked/uzbekistan/l2cu_v03/l2cu_cati_household_data_82.csv,household-round,otherinc_amount,41,1505,22,22
uzbekistan,L2CU 2018-2025,data/interim/unpacked/uzbekistan/l2cu_v03/l2cu_cati_household_data_82.csv,household-round,otherinc_amount,42,1507,24,24
uzbekistan,L2CU 2018-2025,data/interim/unpacked/uzbekistan/l2cu_v03/l2cu_cati_household_data_82.csv,household-round,otherinc_amount,43,1508,17,17
uzbekistan,L2CU 2018-2025,data/interim/unpacked/uzbekistan/l2cu_v03/l2cu_cati_household_data_82.csv,household-round,otherinc_amount,44,1508,15,15
uzbekistan,L2CU 2018-2025,data/interim/unpacked/uzbekistan/l2cu_v03/l2cu_cati_household_data_82.csv,household-round,otherinc_amount,45,1508,22,22
uzbekistan,L2CU 2018-2025,data/interim/unpacked/uzbekistan/l2cu_v03/l2cu_cati_household_data_82.csv,household-round,otherinc_amount,46,1507,24,24
uzbekistan,L2CU 2018-2025,data/interim/unpacked/uzbekistan/l2cu_v03/l2cu_cati_household_data_82.csv,household-round,otherinc_amount,47,1504,20,20
uzbekistan,L2CU 2018-2025,data/interim/unpacked/uzbekistan/l2cu_v03/l2cu_cati_household_data_82.csv,household-round,otherinc_amount,48,1499,4,4
uzbekistan,L2CU 2018-2025,data/interim/unpacked/uzbekistan/l2cu_v03/l2cu_cati_household_data_82.csv,household-round,otherinc_amount,49,1498,10,10
uzbekistan,L2CU 2018-2025,data/interim/unpacked/uzbekistan/l2cu_v03/l2cu_cati_household_data_82.csv,household-round,otherinc_amount,50,1495,58,58
uzbekistan,L2CU 2018-2025,data/interim/unpacked/uzbekistan/l2cu_v03/l2cu_cati_household_data_82.csv,household-round,otherinc_amount,51,1494,48,48
uzbekistan,L2CU 2018-2025,data/interim/unpacked/uzbekistan/l2cu_v03/l2cu_cati_household_data_82.csv,household-round,otherinc_amount,52,1494,23,23
uzbekistan,L2CU 2018-2025,data/interim/unpacked/uzbekistan/l2cu_v03/l2cu_cati_household_data_82.csv,household-round,otherinc_amount,53,1491,11,11
uzbekistan,L2CU 2018-2025,data/interim/unpacked/uzbekistan/l2cu_v03/l2cu_cati_household_data_82.csv,household-round,otherinc_amount,54,1491,6,6
uzbekistan,L2CU 2018-2025,data/interim/unpacked/uzbekistan/l2cu_v03/l2cu_cati_household_data_82.csv,household-round,otherinc_amount,55,1490,9,9
uzbekistan,L2CU 2018-2025,data/interim/unpacked/uzbekistan/l2cu_v03/l2cu_cati_household_data_82.csv,household-round,otherinc_amount,56,1489,5,5
uzbekistan,L2CU 2018-2025,data/interim/unpacked/uzbekistan/l2cu_v03/l2cu_cati_household_data_82.csv,household-round,otherinc_amount,57,1488,3,3
uzbekistan,L2CU 2018-2025,data/interim/unpacked/uzbekistan/l2cu_v03/l2cu_cati_household_data_82.csv,household-round,otherinc_amount,58,1486,7,7
uzbekistan,L2CU 2018-2025,data/interim/unpacked/uzbekistan/l2cu_v03/l2cu_cati_household_data_82.csv,household-round,otherinc_amount,59,1484,4,4
uzbekistan,L2CU 2018-2025,data/interim/unpacked/uzbekistan/l2cu_v03/l2cu_cati_household_data_82.csv,household-round,otherinc_amount,60,1451,5,5
uzbekistan,L2CU 2018-2025,data/interim/unpacked/uzbekistan/l2cu_v03/l2cu_cati_household_data_82.csv,household-round,otherinc_amount,61,1439,8,8
uzbekistan,L2CU 2018-2025,data/interim/unpacked/uzbekistan/l2cu_v03/l2cu_cati_household_data_82.csv,household-round,otherinc_amount,62,1429,9,9
uzbekistan,L2CU 2018-2025,data/interim/unpacked/uzbekistan/l2cu_v03/l2cu_cati_household_data_82.csv,household-round,otherinc_amount,63,1423,6,6
uzbekistan,L2CU 2018-2025,data/interim/unpacked/uzbekistan/l2cu_v03/l2cu_cati_household_data_82.csv,household-round,otherinc_amount,64,1400,1,1
uzbekistan,L2CU 2018-2025,data/interim/unpacked/uzbekistan/l2cu_v03/l2cu_cati_household_data_82.csv,household-round,otherinc_amount,65,1383,4,4
uzbekistan,L2CU 2018-2025,data/interim/unpacked/uzbekistan/l2cu_v03/l2cu_cati_household_data_82.csv,household-round,otherinc_amount,66,1378,1,1
uzbekistan,L2CU 2018-2025,data/interim/unpacked/uzbekistan/l2cu_v03/l2cu_cati_household_data_82.csv,household-round,otherinc_amount,67,1412,6,5
uzbekistan,L2CU 2018-2025,data/interim/unpacked/uzbekistan/l2cu_v03/l2cu_cati_household_data_82.csv,household-round,otherinc_amount,68,1406,3,3
uzbekistan,L2CU 2018-2025,data/interim/unpacked/uzbekistan/l2cu_v03/l2cu_cati_household_data_82.csv,household-round,otherinc_amount,69,1399,5,5
uzbekistan,L2CU 2018-2025,data/interim/unpacked/uzbekistan/l2cu_v03/l2cu_cati_household_data_82.csv,household-round,otherinc_amount,70,1373,2,2
uzbekistan,L2CU 2018-2025,data/interim/unpacked/uzbekistan/l2cu_v03/l2cu_cati_household_data_82.csv,household-round,otherinc_amount,71,1357,3,3
uzbekistan,L2CU 2018-2025,data/interim/unpacked/uzbekistan/l2cu_v03/l2cu_cati_household_data_82.csv,household-round,otherinc_amount,72,1320,4,4
uzbekistan,L2CU 2018-2025,data/interim/unpacked/uzbekistan/l2cu_v03/l2cu_cati_household_data_82.csv,household-round,otherinc_amount,73,1289,4,4
uzbekistan,L2CU 2018-2025,data/interim/unpacked/uzbekistan/l2cu_v03/l2cu_cati_household_data_82.csv,household-round,otherinc_amount,74,1278,9,9
uzbekistan,L2CU 2018-2025,data/interim/unpacked/uzbekistan/l2cu_v03/l2cu_cati_household_data_82.csv,household-round,otherinc_amount,75,1275,6,6
uzbekistan,L2CU 2018-2025,data/interim/unpacked/uzbekistan/l2cu_v03/l2cu_cati_household_data_82.csv,household-round,otherinc_amount,76,1564,1,1
uzbekistan,L2CU 2018-2025,data/interim/unpacked/uzbekistan/l2cu_v03/l2cu_cati_household_data_82.csv,household-round,otherinc_amount,77,1538,1,1
uzbekistan,L2CU 2018-2025,data/interim/unpacked/uzbekistan/l2cu_v03/l2cu_cati_household_data_82.csv,household-round,otherinc_amount,78,1514,3,3
uzbekistan,L2CU 2018-2025,data/interim/unpacked/uzbekistan/l2cu_v03/l2cu_cati_household_data_82.csv,household-round,otherinc_amount,79,1492,1,1
uzbekistan,L2CU 2018-2025,data/interim/unpacked/uzbekistan/l2cu_v03/l2cu_cati_household_data_82.csv,household-round,otherinc_amount,80,1478,5,5
uzbekistan,L2CU 2018-2025,data/interim/unpacked/uzbekistan/l2cu_v03/l2cu_cati_household_data_82.csv,household-round,otherinc_amount,81,1464,9,9
uzbekistan,L2CU 2018-2025,data/interim/unpacked/uzbekistan/l2cu_v03/l2cu_cati_household_data_82.csv,household-round,otherinc_amount,82,1463,10,10
uzbekistan,L2CU 2018-2025,data/interim/unpacked/uzbekistan/l2cu_v03/l2cu_cati_household_data_82.csv,household-round,ln_1,1,1504,0,0
uzbekistan,L2CU 2018-2025,data/interim/unpacked/uzbekistan/l2cu_v03/l2cu_cati_household_data_82.csv,household-round,ln_1,2,1507,0,0
uzbekistan,L2CU 2018-2025,data/interim/unpacked/uzbekistan/l2cu_v03/l2cu_cati_household_data_82.csv,household-round,ln_1,3,1520,0,0
uzbekistan,L2CU 2018-2025,data/interim/unpacked/uzbekistan/l2cu_v03/l2cu_cati_household_data_82.csv,household-round,ln_1,4,1520,0,0
uzbekistan,L2CU 2018-2025,data/interim/unpacked/uzbekistan/l2cu_v03/l2cu_cati_household_data_82.csv,household-round,ln_1,5,1524,0,0
uzbekistan,L2CU 2018-2025,data/interim/unpacked/uzbekistan/l2cu_v03/l2cu_cati_household_data_82.csv,household-round,ln_1,6,1524,0,0
uzbekistan,L2CU 2018-2025,data/interim/unpacked/uzbekistan/l2cu_v03/l2cu_cati_household_data_82.csv,household-round,ln_1,7,1524,0,0
uzbekistan,L2CU 2018-2025,data/interim/unpacked/uzbekistan/l2cu_v03/l2cu_cati_household_data_82.csv,household-round,ln_1,8,1523,0,0
uzbekistan,L2CU 2018-2025,data/interim/unpacked/uzbekistan/l2cu_v03/l2cu_cati_household_data_82.csv,household-round,ln_1,9,1522,0,0
uzbekistan,L2CU 2018-2025,data/interim/unpacked/uzbekistan/l2cu_v03/l2cu_cati_household_data_82.csv,household-round,ln_1,10,1525,0,0
uzbekistan,L2CU 2018-2025,data/interim/unpacked/uzbekistan/l2cu_v03/l2cu_cati_household_data_82.csv,household-round,ln_1,11,1523,0,0
uzbekistan,L2CU 2018-2025,data/interim/unpacked/uzbekistan/l2cu_v03/l2cu_cati_household_data_82.csv,household-round,ln_1,12,1521,0,0
uzbekistan,L2CU 2018-2025,data/interim/unpacked/uzbekistan/l2cu_v03/l2cu_cati_household_data_82.csv,household-round,ln_1,13,1507,0,0
uzbekistan,L2CU 2018-2025,data/interim/unpacked/uzbekistan/l2cu_v03/l2cu_cati_household_data_82.csv,household-round,ln_1,14,1519,0,0
uzbekistan,L2CU 2018-2025,data/interim/unpacked/uzbekistan/l2cu_v03/l2cu_cati_household_data_82.csv,household-round,ln_1,15,1523,0,0
uzbekistan,L2CU 2018-2025,data/interim/unpacked/uzbekistan/l2cu_v03/l2cu_cati_household_data_82.csv,household-round,ln_1,16,1521,0,0
uzbekistan,L2CU 2018-2025,data/interim/unpacked/uzbekistan/l2cu_v03/l2cu_cati_household_data_82.csv,household-round,ln_1,17,1521,0,0
uzbekistan,L2CU 2018-2025,data/interim/unpacked/uzbekistan/l2cu_v03/l2cu_cati_household_data_82.csv,household-round,ln_1,18,1522,0,0
uzbekistan,L2CU 2018-2025,data/interim/unpacked/uzbekistan/l2cu_v03/l2cu_cati_household_data_82.csv,household-round,ln_1,19,1522,0,0
uzbekistan,L2CU 2018-2025,data/interim/unpacked/uzbekistan/l2cu_v03/l2cu_cati_household_data_82.csv,household-round,ln_1,20,1521,0,0
uzbekistan,L2CU 2018-2025,data/interim/unpacked/uzbekistan/l2cu_v03/l2cu_cati_household_data_82.csv,household-round,ln_1,21,1521,0,0
uzbekistan,L2CU 2018-2025,data/interim/unpacked/uzbekistan/l2cu_v03/l2cu_cati_household_data_82.csv,household-round,ln_1,22,1520,0,0
uzbekistan,L2CU 2018-2025,data/interim/unpacked/uzbekistan/l2cu_v03/l2cu_cati_household_data_82.csv,household-round,ln_1,23,1517,0,0
uzbekistan,L2CU 2018-2025,data/interim/unpacked/uzbekistan/l2cu_v03/l2cu_cati_household_data_82.csv,household-round,ln_1,24,1516,0,0
uzbekistan,L2CU 2018-2025,data/interim/unpacked/uzbekistan/l2cu_v03/l2cu_cati_household_data_82.csv,household-round,ln_1,25,1516,0,0
uzbekistan,L2CU 2018-2025,data/interim/unpacked/uzbekistan/l2cu_v03/l2cu_cati_household_data_82.csv,household-round,ln_1,26,1514,0,0
uzbekistan,L2CU 2018-2025,data/interim/unpacked/uzbekistan/l2cu_v03/l2cu_cati_household_data_82.csv,household-round,ln_1,27,1514,0,0
uzbekistan,L2CU 2018-2025,data/interim/unpacked/uzbekistan/l2cu_v03/l2cu_cati_household_data_82.csv,household-round,ln_1,28,1513,0,0
uzbekistan,L2CU 2018-2025,data/interim/unpacked/uzbekistan/l2cu_v03/l2cu_cati_household_data_82.csv,household-round,ln_1,29,1512,0,0
uzbekistan,L2CU 2018-2025,data/interim/unpacked/uzbekistan/l2cu_v03/l2cu_cati_household_data_82.csv,household-round,ln_1,30,1510,0,0
uzbekistan,L2CU 2018-2025,data/interim/unpacked/uzbekistan/l2cu_v03/l2cu_cati_household_data_82.csv,household-round,ln_1,31,1512,0,0
uzbekistan,L2CU 2018-2025,data/interim/unpacked/uzbekistan/l2cu_v03/l2cu_cati_household_data_82.csv,household-round,ln_1,32,1511,0,0
uzbekistan,L2CU 2018-2025,data/interim/unpacked/uzbekistan/l2cu_v03/l2cu_cati_household_data_82.csv,household-round,ln_1,33,1511,0,0
uzbekistan,L2CU 2018-2025,data/interim/unpacked/uzbekistan/l2cu_v03/l2cu_cati_household_data_82.csv,household-round,ln_1,34,1511,0,0
uzbekistan,L2CU 2018-2025,data/interim/unpacked/uzbekistan/l2cu_v03/l2cu_cati_household_data_82.csv,household-round,ln_1,35,1511,0,0
uzbekistan,L2CU 2018-2025,data/interim/unpacked/uzbekistan/l2cu_v03/l2cu_cati_household_data_82.csv,household-round,ln_1,36,1511,0,0
uzbekistan,L2CU 2018-2025,data/interim/unpacked/uzbekistan/l2cu_v03/l2cu_cati_household_data_82.csv,household-round,ln_1,37,1510,0,0
uzbekistan,L2CU 2018-2025,data/interim/unpacked/uzbekistan/l2cu_v03/l2cu_cati_household_data_82.csv,household-round,ln_1,38,1509,0,0
uzbekistan,L2CU 2018-2025,data/interim/unpacked/uzbekistan/l2cu_v03/l2cu_cati_household_data_82.csv,household-round,ln_1,39,1508,0,0
uzbekistan,L2CU 2018-2025,data/interim/unpacked/uzbekistan/l2cu_v03/l2cu_cati_household_data_82.csv,household-round,ln_1,40,1507,0,0
uzbekistan,L2CU 2018-2025,data/interim/unpacked/uzbekistan/l2cu_v03/l2cu_cati_household_data_82.csv,household-round,ln_1,41,1505,0,0
uzbekistan,L2CU 2018-2025,data/interim/unpacked/uzbekistan/l2cu_v03/l2cu_cati_household_data_82.csv,household-round,ln_1,42,1507,0,0
uzbekistan,L2CU 2018-2025,data/interim/unpacked/uzbekistan/l2cu_v03/l2cu_cati_household_data_82.csv,household-round,ln_1,43,1508,0,0
uzbekistan,L2CU 2018-2025,data/interim/unpacked/uzbekistan/l2cu_v03/l2cu_cati_household_data_82.csv,household-round,ln_1,44,1508,0,0
uzbekistan,L2CU 2018-2025,data/interim/unpacked/uzbekistan/l2cu_v03/l2cu_cati_household_data_82.csv,household-round,ln_1,45,1508,0,0
uzbekistan,L2CU 2018-2025,data/interim/unpacked/uzbekistan/l2cu_v03/l2cu_cati_household_data_82.csv,household-round,ln_1,46,1507,0,0
uzbekistan,L2CU 2018-2025,data/interim/unpacked/uzbekistan/l2cu_v03/l2cu_cati_household_data_82.csv,household-round,ln_1,47,1504,0,0
uzbekistan,L2CU 2018-2025,data/interim/unpacked/uzbekistan/l2cu_v03/l2cu_cati_household_data_82.csv,household-round,ln_1,48,1499,0,0
uzbekistan,L2CU 2018-2025,data/interim/unpacked/uzbekistan/l2cu_v03/l2cu_cati_household_data_82.csv,household-round,ln_1,49,1498,1498,1498
uzbekistan,L2CU 2018-2025,data/interim/unpacked/uzbekistan/l2cu_v03/l2cu_cati_household_data_82.csv,household-round,ln_1,50,1495,1495,1495
uzbekistan,L2CU 2018-2025,data/interim/unpacked/uzbekistan/l2cu_v03/l2cu_cati_household_data_82.csv,household-round,ln_1,51,1494,1494,1494
uzbekistan,L2CU 2018-2025,data/interim/unpacked/uzbekistan/l2cu_v03/l2cu_cati_household_data_82.csv,household-round,ln_1,52,1494,1494,1494
uzbekistan,L2CU 2018-2025,data/interim/unpacked/uzbekistan/l2cu_v03/l2cu_cati_household_data_82.csv,household-round,ln_1,53,1491,1491,1491
uzbekistan,L2CU 2018-2025,data/interim/unpacked/uzbekistan/l2cu_v03/l2cu_cati_household_data_82.csv,household-round,ln_1,54,1491,1491,1491
uzbekistan,L2CU 2018-2025,data/interim/unpacked/uzbekistan/l2cu_v03/l2cu_cati_household_data_82.csv,household-round,ln_1,55,1490,1490,1490
uzbekistan,L2CU 2018-2025,data/interim/unpacked/uzbekistan/l2cu_v03/l2cu_cati_household_data_82.csv,household-round,ln_1,56,1489,1489,1489
uzbekistan,L2CU 2018-2025,data/interim/unpacked/uzbekistan/l2cu_v03/l2cu_cati_household_data_82.csv,household-round,ln_1,57,1488,1488,1488
uzbekistan,L2CU 2018-2025,data/interim/unpacked/uzbekistan/l2cu_v03/l2cu_cati_household_data_82.csv,household-round,ln_1,58,1486,1486,1486
uzbekistan,L2CU 2018-2025,data/interim/unpacked/uzbekistan/l2cu_v03/l2cu_cati_household_data_82.csv,household-round,ln_1,59,1484,1484,1484
uzbekistan,L2CU 2018-2025,data/interim/unpacked/uzbekistan/l2cu_v03/l2cu_cati_household_data_82.csv,household-round,ln_1,60,1451,1451,1451
uzbekistan,L2CU 2018-2025,data/interim/unpacked/uzbekistan/l2cu_v03/l2cu_cati_household_data_82.csv,household-round,ln_1,61,1439,1439,1439
uzbekistan,L2CU 2018-2025,data/interim/unpacked/uzbekistan/l2cu_v03/l2cu_cati_household_data_82.csv,household-round,ln_1,62,1429,1429,1429
uzbekistan,L2CU 2018-2025,data/interim/unpacked/uzbekistan/l2cu_v03/l2cu_cati_household_data_82.csv,household-round,ln_1,63,1423,1423,1423
uzbekistan,L2CU 2018-2025,data/interim/unpacked/uzbekistan/l2cu_v03/l2cu_cati_household_data_82.csv,household-round,ln_1,64,1400,1400,1400
uzbekistan,L2CU 2018-2025,data/interim/unpacked/uzbekistan/l2cu_v03/l2cu_cati_household_data_82.csv,household-round,ln_1,65,1383,1383,1383
uzbekistan,L2CU 2018-2025,data/interim/unpacked/uzbekistan/l2cu_v03/l2cu_cati_household_data_82.csv,household-round,ln_1,66,1378,1378,1378
uzbekistan,L2CU 2018-2025,data/interim/unpacked/uzbekistan/l2cu_v03/l2cu_cati_household_data_82.csv,household-round,ln_1,67,1412,1412,1412
uzbekistan,L2CU 2018-2025,data/interim/unpacked/uzbekistan/l2cu_v03/l2cu_cati_household_data_82.csv,household-round,ln_1,68,1406,1406,1406
uzbekistan,L2CU 2018-2025,data/interim/unpacked/uzbekistan/l2cu_v03/l2cu_cati_household_data_82.csv,household-round,ln_1,69,1399,1399,1399
uzbekistan,L2CU 2018-2025,data/interim/unpacked/uzbekistan/l2cu_v03/l2cu_cati_household_data_82.csv,household-round,ln_1,70,1373,1373,1373
uzbekistan,L2CU 2018-2025,data/interim/unpacked/uzbekistan/l2cu_v03/l2cu_cati_household_data_82.csv,household-round,ln_1,71,1357,1357,1357
uzbekistan,L2CU 2018-2025,data/interim/unpacked/uzbekistan/l2cu_v03/l2cu_cati_household_data_82.csv,household-round,ln_1,72,1320,1320,1320
uzbekistan,L2CU 2018-2025,data/interim/unpacked/uzbekistan/l2cu_v03/l2cu_cati_household_data_82.csv,household-round,ln_1,73,1289,1289,1289
uzbekistan,L2CU 2018-2025,data/interim/unpacked/uzbekistan/l2cu_v03/l2cu_cati_household_data_82.csv,household-round,ln_1,74,1278,1278,1278
uzbekistan,L2CU 2018-2025,data/interim/unpacked/uzbekistan/l2cu_v03/l2cu_cati_household_data_82.csv,household-round,ln_1,75,1275,1275,1275
uzbekistan,L2CU 2018-2025,data/interim/unpacked/uzbekistan/l2cu_v03/l2cu_cati_household_data_82.csv,household-round,ln_1,76,1564,1564,1564
uzbekistan,L2CU 2018-2025,data/interim/unpacked/uzbekistan/l2cu_v03/l2cu_cati_household_data_82.csv,household-round,ln_1,77,1538,1538,1538
uzbekistan,L2CU 2018-2025,data/interim/unpacked/uzbekistan/l2cu_v03/l2cu_cati_household_data_82.csv,household-round,ln_1,78,1514,1514,1514
uzbekistan,L2CU 2018-2025,data/interim/unpacked/uzbekistan/l2cu_v03/l2cu_cati_household_data_82.csv,household-round,ln_1,79,1492,1492,1492
uzbekistan,L2CU 2018-2025,data/interim/unpacked/uzbekistan/l2cu_v03/l2cu_cati_household_data_82.csv,household-round,ln_1,80,1478,1478,1478
uzbekistan,L2CU 2018-2025,data/interim/unpacked/uzbekistan/l2cu_v03/l2cu_cati_household_data_82.csv,household-round,ln_1,81,1464,1464,1464
uzbekistan,L2CU 2018-2025,data/interim/unpacked/uzbekistan/l2cu_v03/l2cu_cati_household_data_82.csv,household-round,ln_1,82,1463,1463,1463
uzbekistan,L2CU 2018-2025,data/interim/unpacked/uzbekistan/l2cu_v03/l2cu_cati_household_data_82.csv,household-round,ln_2,1,1504,0,0
uzbekistan,L2CU 2018-2025,data/interim/unpacked/uzbekistan/l2cu_v03/l2cu_cati_household_data_82.csv,household-round,ln_2,2,1507,0,0
uzbekistan,L2CU 2018-2025,data/interim/unpacked/uzbekistan/l2cu_v03/l2cu_cati_household_data_82.csv,household-round,ln_2,3,1520,0,0
uzbekistan,L2CU 2018-2025,data/interim/unpacked/uzbekistan/l2cu_v03/l2cu_cati_household_data_82.csv,household-round,ln_2,4,1520,0,0
uzbekistan,L2CU 2018-2025,data/interim/unpacked/uzbekistan/l2cu_v03/l2cu_cati_household_data_82.csv,household-round,ln_2,5,1524,0,0
uzbekistan,L2CU 2018-2025,data/interim/unpacked/uzbekistan/l2cu_v03/l2cu_cati_household_data_82.csv,household-round,ln_2,6,1524,0,0
uzbekistan,L2CU 2018-2025,data/interim/unpacked/uzbekistan/l2cu_v03/l2cu_cati_household_data_82.csv,household-round,ln_2,7,1524,0,0
uzbekistan,L2CU 2018-2025,data/interim/unpacked/uzbekistan/l2cu_v03/l2cu_cati_household_data_82.csv,household-round,ln_2,8,1523,0,0
uzbekistan,L2CU 2018-2025,data/interim/unpacked/uzbekistan/l2cu_v03/l2cu_cati_household_data_82.csv,household-round,ln_2,9,1522,0,0
uzbekistan,L2CU 2018-2025,data/interim/unpacked/uzbekistan/l2cu_v03/l2cu_cati_household_data_82.csv,household-round,ln_2,10,1525,0,0
uzbekistan,L2CU 2018-2025,data/interim/unpacked/uzbekistan/l2cu_v03/l2cu_cati_household_data_82.csv,household-round,ln_2,11,1523,0,0
uzbekistan,L2CU 2018-2025,data/interim/unpacked/uzbekistan/l2cu_v03/l2cu_cati_household_data_82.csv,household-round,ln_2,12,1521,0,0
uzbekistan,L2CU 2018-2025,data/interim/unpacked/uzbekistan/l2cu_v03/l2cu_cati_household_data_82.csv,household-round,ln_2,13,1507,0,0
uzbekistan,L2CU 2018-2025,data/interim/unpacked/uzbekistan/l2cu_v03/l2cu_cati_household_data_82.csv,household-round,ln_2,14,1519,0,0
uzbekistan,L2CU 2018-2025,data/interim/unpacked/uzbekistan/l2cu_v03/l2cu_cati_household_data_82.csv,household-round,ln_2,15,1523,0,0
uzbekistan,L2CU 2018-2025,data/interim/unpacked/uzbekistan/l2cu_v03/l2cu_cati_household_data_82.csv,household-round,ln_2,16,1521,0,0
uzbekistan,L2CU 2018-2025,data/interim/unpacked/uzbekistan/l2cu_v03/l2cu_cati_household_data_82.csv,household-round,ln_2,17,1521,0,0
uzbekistan,L2CU 2018-2025,data/interim/unpacked/uzbekistan/l2cu_v03/l2cu_cati_household_data_82.csv,household-round,ln_2,18,1522,0,0
uzbekistan,L2CU 2018-2025,data/interim/unpacked/uzbekistan/l2cu_v03/l2cu_cati_household_data_82.csv,household-round,ln_2,19,1522,0,0
uzbekistan,L2CU 2018-2025,data/interim/unpacked/uzbekistan/l2cu_v03/l2cu_cati_household_data_82.csv,household-round,ln_2,20,1521,0,0
uzbekistan,L2CU 2018-2025,data/interim/unpacked/uzbekistan/l2cu_v03/l2cu_cati_household_data_82.csv,household-round,ln_2,21,1521,0,0
uzbekistan,L2CU 2018-2025,data/interim/unpacked/uzbekistan/l2cu_v03/l2cu_cati_household_data_82.csv,household-round,ln_2,22,1520,0,0
uzbekistan,L2CU 2018-2025,data/interim/unpacked/uzbekistan/l2cu_v03/l2cu_cati_household_data_82.csv,household-round,ln_2,23,1517,0,0
uzbekistan,L2CU 2018-2025,data/interim/unpacked/uzbekistan/l2cu_v03/l2cu_cati_household_data_82.csv,household-round,ln_2,24,1516,0,0
uzbekistan,L2CU 2018-2025,data/interim/unpacked/uzbekistan/l2cu_v03/l2cu_cati_household_data_82.csv,household-round,ln_2,25,1516,0,0
uzbekistan,L2CU 2018-2025,data/interim/unpacked/uzbekistan/l2cu_v03/l2cu_cati_household_data_82.csv,household-round,ln_2,26,1514,0,0
uzbekistan,L2CU 2018-2025,data/interim/unpacked/uzbekistan/l2cu_v03/l2cu_cati_household_data_82.csv,household-round,ln_2,27,1514,0,0
uzbekistan,L2CU 2018-2025,data/interim/unpacked/uzbekistan/l2cu_v03/l2cu_cati_household_data_82.csv,household-round,ln_2,28,1513,0,0
uzbekistan,L2CU 2018-2025,data/interim/unpacked/uzbekistan/l2cu_v03/l2cu_cati_household_data_82.csv,household-round,ln_2,29,1512,0,0
uzbekistan,L2CU 2018-2025,data/interim/unpacked/uzbekistan/l2cu_v03/l2cu_cati_household_data_82.csv,household-round,ln_2,30,1510,0,0
uzbekistan,L2CU 2018-2025,data/interim/unpacked/uzbekistan/l2cu_v03/l2cu_cati_household_data_82.csv,household-round,ln_2,31,1512,0,0
uzbekistan,L2CU 2018-2025,data/interim/unpacked/uzbekistan/l2cu_v03/l2cu_cati_household_data_82.csv,household-round,ln_2,32,1511,0,0
uzbekistan,L2CU 2018-2025,data/interim/unpacked/uzbekistan/l2cu_v03/l2cu_cati_household_data_82.csv,household-round,ln_2,33,1511,0,0
uzbekistan,L2CU 2018-2025,data/interim/unpacked/uzbekistan/l2cu_v03/l2cu_cati_household_data_82.csv,household-round,ln_2,34,1511,0,0
uzbekistan,L2CU 2018-2025,data/interim/unpacked/uzbekistan/l2cu_v03/l2cu_cati_household_data_82.csv,household-round,ln_2,35,1511,0,0
uzbekistan,L2CU 2018-2025,data/interim/unpacked/uzbekistan/l2cu_v03/l2cu_cati_household_data_82.csv,household-round,ln_2,36,1511,0,0
uzbekistan,L2CU 2018-2025,data/interim/unpacked/uzbekistan/l2cu_v03/l2cu_cati_household_data_82.csv,household-round,ln_2,37,1510,0,0
uzbekistan,L2CU 2018-2025,data/interim/unpacked/uzbekistan/l2cu_v03/l2cu_cati_household_data_82.csv,household-round,ln_2,38,1509,0,0
uzbekistan,L2CU 2018-2025,data/interim/unpacked/uzbekistan/l2cu_v03/l2cu_cati_household_data_82.csv,household-round,ln_2,39,1508,0,0
uzbekistan,L2CU 2018-2025,data/interim/unpacked/uzbekistan/l2cu_v03/l2cu_cati_household_data_82.csv,household-round,ln_2,40,1507,0,0
uzbekistan,L2CU 2018-2025,data/interim/unpacked/uzbekistan/l2cu_v03/l2cu_cati_household_data_82.csv,household-round,ln_2,41,1505,0,0
uzbekistan,L2CU 2018-2025,data/interim/unpacked/uzbekistan/l2cu_v03/l2cu_cati_household_data_82.csv,household-round,ln_2,42,1507,0,0
uzbekistan,L2CU 2018-2025,data/interim/unpacked/uzbekistan/l2cu_v03/l2cu_cati_household_data_82.csv,household-round,ln_2,43,1508,0,0
uzbekistan,L2CU 2018-2025,data/interim/unpacked/uzbekistan/l2cu_v03/l2cu_cati_household_data_82.csv,household-round,ln_2,44,1508,0,0
uzbekistan,L2CU 2018-2025,data/interim/unpacked/uzbekistan/l2cu_v03/l2cu_cati_household_data_82.csv,household-round,ln_2,45,1508,0,0
uzbekistan,L2CU 2018-2025,data/interim/unpacked/uzbekistan/l2cu_v03/l2cu_cati_household_data_82.csv,household-round,ln_2,46,1507,0,0
uzbekistan,L2CU 2018-2025,data/interim/unpacked/uzbekistan/l2cu_v03/l2cu_cati_household_data_82.csv,household-round,ln_2,47,1504,0,0
uzbekistan,L2CU 2018-2025,data/interim/unpacked/uzbekistan/l2cu_v03/l2cu_cati_household_data_82.csv,household-round,ln_2,48,1499,0,0
uzbekistan,L2CU 2018-2025,data/interim/unpacked/uzbekistan/l2cu_v03/l2cu_cati_household_data_82.csv,household-round,ln_2,49,1498,1498,1498
uzbekistan,L2CU 2018-2025,data/interim/unpacked/uzbekistan/l2cu_v03/l2cu_cati_household_data_82.csv,household-round,ln_2,50,1495,1495,1495
uzbekistan,L2CU 2018-2025,data/interim/unpacked/uzbekistan/l2cu_v03/l2cu_cati_household_data_82.csv,household-round,ln_2,51,1494,1494,1494
uzbekistan,L2CU 2018-2025,data/interim/unpacked/uzbekistan/l2cu_v03/l2cu_cati_household_data_82.csv,household-round,ln_2,52,1494,1494,1494
uzbekistan,L2CU 2018-2025,data/interim/unpacked/uzbekistan/l2cu_v03/l2cu_cati_household_data_82.csv,household-round,ln_2,53,1491,1491,1491
uzbekistan,L2CU 2018-2025,data/interim/unpacked/uzbekistan/l2cu_v03/l2cu_cati_household_data_82.csv,household-round,ln_2,54,1491,1491,1491
uzbekistan,L2CU 2018-2025,data/interim/unpacked/uzbekistan/l2cu_v03/l2cu_cati_household_data_82.csv,household-round,ln_2,55,1490,1490,1490
uzbekistan,L2CU 2018-2025,data/interim/unpacked/uzbekistan/l2cu_v03/l2cu_cati_household_data_82.csv,household-round,ln_2,56,1489,1489,1489
uzbekistan,L2CU 2018-2025,data/interim/unpacked/uzbekistan/l2cu_v03/l2cu_cati_household_data_82.csv,household-round,ln_2,57,1488,1488,1488
uzbekistan,L2CU 2018-2025,data/interim/unpacked/uzbekistan/l2cu_v03/l2cu_cati_household_data_82.csv,household-round,ln_2,58,1486,1486,1486
uzbekistan,L2CU 2018-2025,data/interim/unpacked/uzbekistan/l2cu_v03/l2cu_cati_household_data_82.csv,household-round,ln_2,59,1484,1484,1484
uzbekistan,L2CU 2018-2025,data/interim/unpacked/uzbekistan/l2cu_v03/l2cu_cati_household_data_82.csv,household-round,ln_2,60,1451,1451,1451
uzbekistan,L2CU 2018-2025,data/interim/unpacked/uzbekistan/l2cu_v03/l2cu_cati_household_data_82.csv,household-round,ln_2,61,1439,1439,1439
uzbekistan,L2CU 2018-2025,data/interim/unpacked/uzbekistan/l2cu_v03/l2cu_cati_household_data_82.csv,household-round,ln_2,62,1429,1429,1429
uzbekistan,L2CU 2018-2025,data/interim/unpacked/uzbekistan/l2cu_v03/l2cu_cati_household_data_82.csv,household-round,ln_2,63,1423,1423,1423
uzbekistan,L2CU 2018-2025,data/interim/unpacked/uzbekistan/l2cu_v03/l2cu_cati_household_data_82.csv,household-round,ln_2,64,1400,1400,1400
uzbekistan,L2CU 2018-2025,data/interim/unpacked/uzbekistan/l2cu_v03/l2cu_cati_household_data_82.csv,household-round,ln_2,65,1383,1383,1383
uzbekistan,L2CU 2018-2025,data/interim/unpacked/uzbekistan/l2cu_v03/l2cu_cati_household_data_82.csv,household-round,ln_2,66,1378,1378,1378
uzbekistan,L2CU 2018-2025,data/interim/unpacked/uzbekistan/l2cu_v03/l2cu_cati_household_data_82.csv,household-round,ln_2,67,1412,1412,1412
uzbekistan,L2CU 2018-2025,data/interim/unpacked/uzbekistan/l2cu_v03/l2cu_cati_household_data_82.csv,household-round,ln_2,68,1406,1406,1406
uzbekistan,L2CU 2018-2025,data/interim/unpacked/uzbekistan/l2cu_v03/l2cu_cati_household_data_82.csv,household-round,ln_2,69,1399,1399,1399
uzbekistan,L2CU 2018-2025,data/interim/unpacked/uzbekistan/l2cu_v03/l2cu_cati_household_data_82.csv,household-round,ln_2,70,1373,1373,1373
uzbekistan,L2CU 2018-2025,data/interim/unpacked/uzbekistan/l2cu_v03/l2cu_cati_household_data_82.csv,household-round,ln_2,71,1357,1357,1357
uzbekistan,L2CU 2018-2025,data/interim/unpacked/uzbekistan/l2cu_v03/l2cu_cati_household_data_82.csv,household-round,ln_2,72,1320,1320,1320
uzbekistan,L2CU 2018-2025,data/interim/unpacked/uzbekistan/l2cu_v03/l2cu_cati_household_data_82.csv,household-round,ln_2,73,1289,1289,1289
uzbekistan,L2CU 2018-2025,data/interim/unpacked/uzbekistan/l2cu_v03/l2cu_cati_household_data_82.csv,household-round,ln_2,74,1278,1278,1278
uzbekistan,L2CU 2018-2025,data/interim/unpacked/uzbekistan/l2cu_v03/l2cu_cati_household_data_82.csv,household-round,ln_2,75,1275,1275,1275
uzbekistan,L2CU 2018-2025,data/interim/unpacked/uzbekistan/l2cu_v03/l2cu_cati_household_data_82.csv,household-round,ln_2,76,1564,1564,1564
uzbekistan,L2CU 2018-2025,data/interim/unpacked/uzbekistan/l2cu_v03/l2cu_cati_household_data_82.csv,household-round,ln_2,77,1538,1538,1538
uzbekistan,L2CU 2018-2025,data/interim/unpacked/uzbekistan/l2cu_v03/l2cu_cati_household_data_82.csv,household-round,ln_2,78,1514,1514,1514
uzbekistan,L2CU 2018-2025,data/interim/unpacked/uzbekistan/l2cu_v03/l2cu_cati_household_data_82.csv,household-round,ln_2,79,1492,1492,1492
uzbekistan,L2CU 2018-2025,data/interim/unpacked/uzbekistan/l2cu_v03/l2cu_cati_household_data_82.csv,household-round,ln_2,80,1478,1478,1478
uzbekistan,L2CU 2018-2025,data/interim/unpacked/uzbekistan/l2cu_v03/l2cu_cati_household_data_82.csv,household-round,ln_2,81,1464,1464,1464
uzbekistan,L2CU 2018-2025,data/interim/unpacked/uzbekistan/l2cu_v03/l2cu_cati_household_data_82.csv,household-round,ln_2,82,1463,1463,1463
uzbekistan,L2CU 2018-2025,data/interim/unpacked/uzbekistan/l2cu_v03/l2cu_cati_household_data_82.csv,household-round,ln_3,1,1504,0,0
uzbekistan,L2CU 2018-2025,data/interim/unpacked/uzbekistan/l2cu_v03/l2cu_cati_household_data_82.csv,household-round,ln_3,2,1507,0,0
uzbekistan,L2CU 2018-2025,data/interim/unpacked/uzbekistan/l2cu_v03/l2cu_cati_household_data_82.csv,household-round,ln_3,3,1520,0,0
uzbekistan,L2CU 2018-2025,data/interim/unpacked/uzbekistan/l2cu_v03/l2cu_cati_household_data_82.csv,household-round,ln_3,4,1520,0,0
uzbekistan,L2CU 2018-2025,data/interim/unpacked/uzbekistan/l2cu_v03/l2cu_cati_household_data_82.csv,household-round,ln_3,5,1524,0,0
uzbekistan,L2CU 2018-2025,data/interim/unpacked/uzbekistan/l2cu_v03/l2cu_cati_household_data_82.csv,household-round,ln_3,6,1524,0,0
uzbekistan,L2CU 2018-2025,data/interim/unpacked/uzbekistan/l2cu_v03/l2cu_cati_household_data_82.csv,household-round,ln_3,7,1524,0,0
uzbekistan,L2CU 2018-2025,data/interim/unpacked/uzbekistan/l2cu_v03/l2cu_cati_household_data_82.csv,household-round,ln_3,8,1523,0,0
uzbekistan,L2CU 2018-2025,data/interim/unpacked/uzbekistan/l2cu_v03/l2cu_cati_household_data_82.csv,household-round,ln_3,9,1522,0,0
uzbekistan,L2CU 2018-2025,data/interim/unpacked/uzbekistan/l2cu_v03/l2cu_cati_household_data_82.csv,household-round,ln_3,10,1525,0,0
uzbekistan,L2CU 2018-2025,data/interim/unpacked/uzbekistan/l2cu_v03/l2cu_cati_household_data_82.csv,household-round,ln_3,11,1523,0,0
uzbekistan,L2CU 2018-2025,data/interim/unpacked/uzbekistan/l2cu_v03/l2cu_cati_household_data_82.csv,household-round,ln_3,12,1521,0,0
uzbekistan,L2CU 2018-2025,data/interim/unpacked/uzbekistan/l2cu_v03/l2cu_cati_household_data_82.csv,household-round,ln_3,13,1507,0,0
uzbekistan,L2CU 2018-2025,data/interim/unpacked/uzbekistan/l2cu_v03/l2cu_cati_household_data_82.csv,household-round,ln_3,14,1519,0,0
uzbekistan,L2CU 2018-2025,data/interim/unpacked/uzbekistan/l2cu_v03/l2cu_cati_household_data_82.csv,household-round,ln_3,15,1523,0,0
uzbekistan,L2CU 2018-2025,data/interim/unpacked/uzbekistan/l2cu_v03/l2cu_cati_household_data_82.csv,household-round,ln_3,16,1521,0,0
uzbekistan,L2CU 2018-2025,data/interim/unpacked/uzbekistan/l2cu_v03/l2cu_cati_household_data_82.csv,household-round,ln_3,17,1521,0,0
uzbekistan,L2CU 2018-2025,data/interim/unpacked/uzbekistan/l2cu_v03/l2cu_cati_household_data_82.csv,household-round,ln_3,18,1522,0,0
uzbekistan,L2CU 2018-2025,data/interim/unpacked/uzbekistan/l2cu_v03/l2cu_cati_household_data_82.csv,household-round,ln_3,19,1522,0,0
uzbekistan,L2CU 2018-2025,data/interim/unpacked/uzbekistan/l2cu_v03/l2cu_cati_household_data_82.csv,household-round,ln_3,20,1521,0,0
uzbekistan,L2CU 2018-2025,data/interim/unpacked/uzbekistan/l2cu_v03/l2cu_cati_household_data_82.csv,household-round,ln_3,21,1521,0,0
uzbekistan,L2CU 2018-2025,data/interim/unpacked/uzbekistan/l2cu_v03/l2cu_cati_household_data_82.csv,household-round,ln_3,22,1520,0,0
uzbekistan,L2CU 2018-2025,data/interim/unpacked/uzbekistan/l2cu_v03/l2cu_cati_household_data_82.csv,household-round,ln_3,23,1517,0,0
uzbekistan,L2CU 2018-2025,data/interim/unpacked/uzbekistan/l2cu_v03/l2cu_cati_household_data_82.csv,household-round,ln_3,24,1516,0,0
uzbekistan,L2CU 2018-2025,data/interim/unpacked/uzbekistan/l2cu_v03/l2cu_cati_household_data_82.csv,household-round,ln_3,25,1516,0,0
uzbekistan,L2CU 2018-2025,data/interim/unpacked/uzbekistan/l2cu_v03/l2cu_cati_household_data_82.csv,household-round,ln_3,26,1514,0,0
uzbekistan,L2CU 2018-2025,data/interim/unpacked/uzbekistan/l2cu_v03/l2cu_cati_household_data_82.csv,household-round,ln_3,27,1514,0,0
uzbekistan,L2CU 2018-2025,data/interim/unpacked/uzbekistan/l2cu_v03/l2cu_cati_household_data_82.csv,household-round,ln_3,28,1513,0,0
uzbekistan,L2CU 2018-2025,data/interim/unpacked/uzbekistan/l2cu_v03/l2cu_cati_household_data_82.csv,household-round,ln_3,29,1512,0,0
uzbekistan,L2CU 2018-2025,data/interim/unpacked/uzbekistan/l2cu_v03/l2cu_cati_household_data_82.csv,household-round,ln_3,30,1510,0,0
uzbekistan,L2CU 2018-2025,data/interim/unpacked/uzbekistan/l2cu_v03/l2cu_cati_household_data_82.csv,household-round,ln_3,31,1512,0,0
uzbekistan,L2CU 2018-2025,data/interim/unpacked/uzbekistan/l2cu_v03/l2cu_cati_household_data_82.csv,household-round,ln_3,32,1511,0,0
uzbekistan,L2CU 2018-2025,data/interim/unpacked/uzbekistan/l2cu_v03/l2cu_cati_household_data_82.csv,household-round,ln_3,33,1511,0,0
uzbekistan,L2CU 2018-2025,data/interim/unpacked/uzbekistan/l2cu_v03/l2cu_cati_household_data_82.csv,household-round,ln_3,34,1511,0,0
uzbekistan,L2CU 2018-2025,data/interim/unpacked/uzbekistan/l2cu_v03/l2cu_cati_household_data_82.csv,household-round,ln_3,35,1511,0,0
uzbekistan,L2CU 2018-2025,data/interim/unpacked/uzbekistan/l2cu_v03/l2cu_cati_household_data_82.csv,household-round,ln_3,36,1511,0,0
uzbekistan,L2CU 2018-2025,data/interim/unpacked/uzbekistan/l2cu_v03/l2cu_cati_household_data_82.csv,household-round,ln_3,37,1510,0,0
uzbekistan,L2CU 2018-2025,data/interim/unpacked/uzbekistan/l2cu_v03/l2cu_cati_household_data_82.csv,household-round,ln_3,38,1509,0,0
uzbekistan,L2CU 2018-2025,data/interim/unpacked/uzbekistan/l2cu_v03/l2cu_cati_household_data_82.csv,household-round,ln_3,39,1508,0,0
uzbekistan,L2CU 2018-2025,data/interim/unpacked/uzbekistan/l2cu_v03/l2cu_cati_household_data_82.csv,household-round,ln_3,40,1507,0,0
uzbekistan,L2CU 2018-2025,data/interim/unpacked/uzbekistan/l2cu_v03/l2cu_cati_household_data_82.csv,household-round,ln_3,41,1505,0,0
uzbekistan,L2CU 2018-2025,data/interim/unpacked/uzbekistan/l2cu_v03/l2cu_cati_household_data_82.csv,household-round,ln_3,42,1507,0,0
uzbekistan,L2CU 2018-2025,data/interim/unpacked/uzbekistan/l2cu_v03/l2cu_cati_household_data_82.csv,household-round,ln_3,43,1508,0,0
uzbekistan,L2CU 2018-2025,data/interim/unpacked/uzbekistan/l2cu_v03/l2cu_cati_household_data_82.csv,household-round,ln_3,44,1508,0,0
uzbekistan,L2CU 2018-2025,data/interim/unpacked/uzbekistan/l2cu_v03/l2cu_cati_household_data_82.csv,household-round,ln_3,45,1508,0,0
uzbekistan,L2CU 2018-2025,data/interim/unpacked/uzbekistan/l2cu_v03/l2cu_cati_household_data_82.csv,household-round,ln_3,46,1507,0,0
uzbekistan,L2CU 2018-2025,data/interim/unpacked/uzbekistan/l2cu_v03/l2cu_cati_household_data_82.csv,household-round,ln_3,47,1504,0,0
uzbekistan,L2CU 2018-2025,data/interim/unpacked/uzbekistan/l2cu_v03/l2cu_cati_household_data_82.csv,household-round,ln_3,48,1499,0,0
uzbekistan,L2CU 2018-2025,data/interim/unpacked/uzbekistan/l2cu_v03/l2cu_cati_household_data_82.csv,household-round,ln_3,49,1498,1498,1498
uzbekistan,L2CU 2018-2025,data/interim/unpacked/uzbekistan/l2cu_v03/l2cu_cati_household_data_82.csv,household-round,ln_3,50,1495,1495,1495
uzbekistan,L2CU 2018-2025,data/interim/unpacked/uzbekistan/l2cu_v03/l2cu_cati_household_data_82.csv,household-round,ln_3,51,1494,1494,1494
uzbekistan,L2CU 2018-2025,data/interim/unpacked/uzbekistan/l2cu_v03/l2cu_cati_household_data_82.csv,household-round,ln_3,52,1494,1494,1494
uzbekistan,L2CU 2018-2025,data/interim/unpacked/uzbekistan/l2cu_v03/l2cu_cati_household_data_82.csv,household-round,ln_3,53,1491,1491,1491
uzbekistan,L2CU 2018-2025,data/interim/unpacked/uzbekistan/l2cu_v03/l2cu_cati_household_data_82.csv,household-round,ln_3,54,1491,1491,1491
uzbekistan,L2CU 2018-2025,data/interim/unpacked/uzbekistan/l2cu_v03/l2cu_cati_household_data_82.csv,household-round,ln_3,55,1490,1490,1490
uzbekistan,L2CU 2018-2025,data/interim/unpacked/uzbekistan/l2cu_v03/l2cu_cati_household_data_82.csv,household-round,ln_3,56,1489,1489,1489
uzbekistan,L2CU 2018-2025,data/interim/unpacked/uzbekistan/l2cu_v03/l2cu_cati_household_data_82.csv,household-round,ln_3,57,1488,1488,1488
uzbekistan,L2CU 2018-2025,data/interim/unpacked/uzbekistan/l2cu_v03/l2cu_cati_household_data_82.csv,household-round,ln_3,58,1486,1486,1486
uzbekistan,L2CU 2018-2025,data/interim/unpacked/uzbekistan/l2cu_v03/l2cu_cati_household_data_82.csv,household-round,ln_3,59,1484,1484,1484
uzbekistan,L2CU 2018-2025,data/interim/unpacked/uzbekistan/l2cu_v03/l2cu_cati_household_data_82.csv,household-round,ln_3,60,1451,1451,1451
uzbekistan,L2CU 2018-2025,data/interim/unpacked/uzbekistan/l2cu_v03/l2cu_cati_household_data_82.csv,household-round,ln_3,61,1439,1439,1439
uzbekistan,L2CU 2018-2025,data/interim/unpacked/uzbekistan/l2cu_v03/l2cu_cati_household_data_82.csv,household-round,ln_3,62,1429,1429,1429
uzbekistan,L2CU 2018-2025,data/interim/unpacked/uzbekistan/l2cu_v03/l2cu_cati_household_data_82.csv,household-round,ln_3,63,1423,1423,1423
uzbekistan,L2CU 2018-2025,data/interim/unpacked/uzbekistan/l2cu_v03/l2cu_cati_household_data_82.csv,household-round,ln_3,64,1400,1400,1400
uzbekistan,L2CU 2018-2025,data/interim/unpacked/uzbekistan/l2cu_v03/l2cu_cati_household_data_82.csv,household-round,ln_3,65,1383,1383,1383
uzbekistan,L2CU 2018-2025,data/interim/unpacked/uzbekistan/l2cu_v03/l2cu_cati_household_data_82.csv,household-round,ln_3,66,1378,1378,1378
uzbekistan,L2CU 2018-2025,data/interim/unpacked/uzbekistan/l2cu_v03/l2cu_cati_household_data_82.csv,household-round,ln_3,67,1412,1412,1412
uzbekistan,L2CU 2018-2025,data/interim/unpacked/uzbekistan/l2cu_v03/l2cu_cati_household_data_82.csv,household-round,ln_3,68,1406,1406,1406
uzbekistan,L2CU 2018-2025,data/interim/unpacked/uzbekistan/l2cu_v03/l2cu_cati_household_data_82.csv,household-round,ln_3,69,1399,1399,1399
uzbekistan,L2CU 2018-2025,data/interim/unpacked/uzbekistan/l2cu_v03/l2cu_cati_household_data_82.csv,household-round,ln_3,70,1373,1373,1373
uzbekistan,L2CU 2018-2025,data/interim/unpacked/uzbekistan/l2cu_v03/l2cu_cati_household_data_82.csv,household-round,ln_3,71,1357,1357,1357
uzbekistan,L2CU 2018-2025,data/interim/unpacked/uzbekistan/l2cu_v03/l2cu_cati_household_data_82.csv,household-round,ln_3,72,1320,1320,1320
uzbekistan,L2CU 2018-2025,data/interim/unpacked/uzbekistan/l2cu_v03/l2cu_cati_household_data_82.csv,household-round,ln_3,73,1289,1289,1289
uzbekistan,L2CU 2018-2025,data/interim/unpacked/uzbekistan/l2cu_v03/l2cu_cati_household_data_82.csv,household-round,ln_3,74,1278,1278,1278
uzbekistan,L2CU 2018-2025,data/interim/unpacked/uzbekistan/l2cu_v03/l2cu_cati_household_data_82.csv,household-round,ln_3,75,1275,1275,1275
uzbekistan,L2CU 2018-2025,data/interim/unpacked/uzbekistan/l2cu_v03/l2cu_cati_household_data_82.csv,household-round,ln_3,76,1564,1564,1564
uzbekistan,L2CU 2018-2025,data/interim/unpacked/uzbekistan/l2cu_v03/l2cu_cati_household_data_82.csv,household-round,ln_3,77,1538,1538,1538
uzbekistan,L2CU 2018-2025,data/interim/unpacked/uzbekistan/l2cu_v03/l2cu_cati_household_data_82.csv,household-round,ln_3,78,1514,1514,1514
uzbekistan,L2CU 2018-2025,data/interim/unpacked/uzbekistan/l2cu_v03/l2cu_cati_household_data_82.csv,household-round,ln_3,79,1492,1492,1492
uzbekistan,L2CU 2018-2025,data/interim/unpacked/uzbekistan/l2cu_v03/l2cu_cati_household_data_82.csv,household-round,ln_3,80,1478,1478,1478
uzbekistan,L2CU 2018-2025,data/interim/unpacked/uzbekistan/l2cu_v03/l2cu_cati_household_data_82.csv,household-round,ln_3,81,1464,1464,1464
uzbekistan,L2CU 2018-2025,data/interim/unpacked/uzbekistan/l2cu_v03/l2cu_cati_household_data_82.csv,household-round,ln_3,82,1463,1463,1463
uzbekistan,L2CU 2018-2025,data/interim/unpacked/uzbekistan/l2cu_v03/l2cu_cati_household_data_82.csv,household-round,ln_4,1,1504,0,0
uzbekistan,L2CU 2018-2025,data/interim/unpacked/uzbekistan/l2cu_v03/l2cu_cati_household_data_82.csv,household-round,ln_4,2,1507,0,0
uzbekistan,L2CU 2018-2025,data/interim/unpacked/uzbekistan/l2cu_v03/l2cu_cati_household_data_82.csv,household-round,ln_4,3,1520,0,0
uzbekistan,L2CU 2018-2025,data/interim/unpacked/uzbekistan/l2cu_v03/l2cu_cati_household_data_82.csv,household-round,ln_4,4,1520,0,0
uzbekistan,L2CU 2018-2025,data/interim/unpacked/uzbekistan/l2cu_v03/l2cu_cati_household_data_82.csv,household-round,ln_4,5,1524,0,0
uzbekistan,L2CU 2018-2025,data/interim/unpacked/uzbekistan/l2cu_v03/l2cu_cati_household_data_82.csv,household-round,ln_4,6,1524,0,0
uzbekistan,L2CU 2018-2025,data/interim/unpacked/uzbekistan/l2cu_v03/l2cu_cati_household_data_82.csv,household-round,ln_4,7,1524,0,0
uzbekistan,L2CU 2018-2025,data/interim/unpacked/uzbekistan/l2cu_v03/l2cu_cati_household_data_82.csv,household-round,ln_4,8,1523,0,0
uzbekistan,L2CU 2018-2025,data/interim/unpacked/uzbekistan/l2cu_v03/l2cu_cati_household_data_82.csv,household-round,ln_4,9,1522,0,0
uzbekistan,L2CU 2018-2025,data/interim/unpacked/uzbekistan/l2cu_v03/l2cu_cati_household_data_82.csv,household-round,ln_4,10,1525,0,0
uzbekistan,L2CU 2018-2025,data/interim/unpacked/uzbekistan/l2cu_v03/l2cu_cati_household_data_82.csv,household-round,ln_4,11,1523,0,0
uzbekistan,L2CU 2018-2025,data/interim/unpacked/uzbekistan/l2cu_v03/l2cu_cati_household_data_82.csv,household-round,ln_4,12,1521,0,0
uzbekistan,L2CU 2018-2025,data/interim/unpacked/uzbekistan/l2cu_v03/l2cu_cati_household_data_82.csv,household-round,ln_4,13,1507,0,0
uzbekistan,L2CU 2018-2025,data/interim/unpacked/uzbekistan/l2cu_v03/l2cu_cati_household_data_82.csv,household-round,ln_4,14,1519,0,0
uzbekistan,L2CU 2018-2025,data/interim/unpacked/uzbekistan/l2cu_v03/l2cu_cati_household_data_82.csv,household-round,ln_4,15,1523,0,0
uzbekistan,L2CU 2018-2025,data/interim/unpacked/uzbekistan/l2cu_v03/l2cu_cati_household_data_82.csv,household-round,ln_4,16,1521,0,0
uzbekistan,L2CU 2018-2025,data/interim/unpacked/uzbekistan/l2cu_v03/l2cu_cati_household_data_82.csv,household-round,ln_4,17,1521,0,0
uzbekistan,L2CU 2018-2025,data/interim/unpacked/uzbekistan/l2cu_v03/l2cu_cati_household_data_82.csv,household-round,ln_4,18,1522,0,0
uzbekistan,L2CU 2018-2025,data/interim/unpacked/uzbekistan/l2cu_v03/l2cu_cati_household_data_82.csv,household-round,ln_4,19,1522,0,0
uzbekistan,L2CU 2018-2025,data/interim/unpacked/uzbekistan/l2cu_v03/l2cu_cati_household_data_82.csv,household-round,ln_4,20,1521,0,0
uzbekistan,L2CU 2018-2025,data/interim/unpacked/uzbekistan/l2cu_v03/l2cu_cati_household_data_82.csv,household-round,ln_4,21,1521,0,0
uzbekistan,L2CU 2018-2025,data/interim/unpacked/uzbekistan/l2cu_v03/l2cu_cati_household_data_82.csv,household-round,ln_4,22,1520,0,0
uzbekistan,L2CU 2018-2025,data/interim/unpacked/uzbekistan/l2cu_v03/l2cu_cati_household_data_82.csv,household-round,ln_4,23,1517,0,0
uzbekistan,L2CU 2018-2025,data/interim/unpacked/uzbekistan/l2cu_v03/l2cu_cati_household_data_82.csv,household-round,ln_4,24,1516,0,0
uzbekistan,L2CU 2018-2025,data/interim/unpacked/uzbekistan/l2cu_v03/l2cu_cati_household_data_82.csv,household-round,ln_4,25,1516,0,0
uzbekistan,L2CU 2018-2025,data/interim/unpacked/uzbekistan/l2cu_v03/l2cu_cati_household_data_82.csv,household-round,ln_4,26,1514,0,0
uzbekistan,L2CU 2018-2025,data/interim/unpacked/uzbekistan/l2cu_v03/l2cu_cati_household_data_82.csv,household-round,ln_4,27,1514,0,0
uzbekistan,L2CU 2018-2025,data/interim/unpacked/uzbekistan/l2cu_v03/l2cu_cati_household_data_82.csv,household-round,ln_4,28,1513,0,0
uzbekistan,L2CU 2018-2025,data/interim/unpacked/uzbekistan/l2cu_v03/l2cu_cati_household_data_82.csv,household-round,ln_4,29,1512,0,0
uzbekistan,L2CU 2018-2025,data/interim/unpacked/uzbekistan/l2cu_v03/l2cu_cati_household_data_82.csv,household-round,ln_4,30,1510,0,0
uzbekistan,L2CU 2018-2025,data/interim/unpacked/uzbekistan/l2cu_v03/l2cu_cati_household_data_82.csv,household-round,ln_4,31,1512,0,0
uzbekistan,L2CU 2018-2025,data/interim/unpacked/uzbekistan/l2cu_v03/l2cu_cati_household_data_82.csv,household-round,ln_4,32,1511,0,0
uzbekistan,L2CU 2018-2025,data/interim/unpacked/uzbekistan/l2cu_v03/l2cu_cati_household_data_82.csv,household-round,ln_4,33,1511,0,0
uzbekistan,L2CU 2018-2025,data/interim/unpacked/uzbekistan/l2cu_v03/l2cu_cati_household_data_82.csv,household-round,ln_4,34,1511,0,0
uzbekistan,L2CU 2018-2025,data/interim/unpacked/uzbekistan/l2cu_v03/l2cu_cati_household_data_82.csv,household-round,ln_4,35,1511,0,0
uzbekistan,L2CU 2018-2025,data/interim/unpacked/uzbekistan/l2cu_v03/l2cu_cati_household_data_82.csv,household-round,ln_4,36,1511,0,0
uzbekistan,L2CU 2018-2025,data/interim/unpacked/uzbekistan/l2cu_v03/l2cu_cati_household_data_82.csv,household-round,ln_4,37,1510,0,0
uzbekistan,L2CU 2018-2025,data/interim/unpacked/uzbekistan/l2cu_v03/l2cu_cati_household_data_82.csv,household-round,ln_4,38,1509,0,0
uzbekistan,L2CU 2018-2025,data/interim/unpacked/uzbekistan/l2cu_v03/l2cu_cati_household_data_82.csv,household-round,ln_4,39,1508,0,0
uzbekistan,L2CU 2018-2025,data/interim/unpacked/uzbekistan/l2cu_v03/l2cu_cati_household_data_82.csv,household-round,ln_4,40,1507,0,0
uzbekistan,L2CU 2018-2025,data/interim/unpacked/uzbekistan/l2cu_v03/l2cu_cati_household_data_82.csv,household-round,ln_4,41,1505,0,0
uzbekistan,L2CU 2018-2025,data/interim/unpacked/uzbekistan/l2cu_v03/l2cu_cati_household_data_82.csv,household-round,ln_4,42,1507,0,0
uzbekistan,L2CU 2018-2025,data/interim/unpacked/uzbekistan/l2cu_v03/l2cu_cati_household_data_82.csv,household-round,ln_4,43,1508,0,0
uzbekistan,L2CU 2018-2025,data/interim/unpacked/uzbekistan/l2cu_v03/l2cu_cati_household_data_82.csv,household-round,ln_4,44,1508,0,0
uzbekistan,L2CU 2018-2025,data/interim/unpacked/uzbekistan/l2cu_v03/l2cu_cati_household_data_82.csv,household-round,ln_4,45,1508,0,0
uzbekistan,L2CU 2018-2025,data/interim/unpacked/uzbekistan/l2cu_v03/l2cu_cati_household_data_82.csv,household-round,ln_4,46,1507,0,0
uzbekistan,L2CU 2018-2025,data/interim/unpacked/uzbekistan/l2cu_v03/l2cu_cati_household_data_82.csv,household-round,ln_4,47,1504,0,0
uzbekistan,L2CU 2018-2025,data/interim/unpacked/uzbekistan/l2cu_v03/l2cu_cati_household_data_82.csv,household-round,ln_4,48,1499,0,0
uzbekistan,L2CU 2018-2025,data/interim/unpacked/uzbekistan/l2cu_v03/l2cu_cati_household_data_82.csv,household-round,ln_4,49,1498,1498,1498
uzbekistan,L2CU 2018-2025,data/interim/unpacked/uzbekistan/l2cu_v03/l2cu_cati_household_data_82.csv,household-round,ln_4,50,1495,1495,1495
uzbekistan,L2CU 2018-2025,data/interim/unpacked/uzbekistan/l2cu_v03/l2cu_cati_household_data_82.csv,household-round,ln_4,51,1494,1494,1494
uzbekistan,L2CU 2018-2025,data/interim/unpacked/uzbekistan/l2cu_v03/l2cu_cati_household_data_82.csv,household-round,ln_4,52,1494,1494,1494
uzbekistan,L2CU 2018-2025,data/interim/unpacked/uzbekistan/l2cu_v03/l2cu_cati_household_data_82.csv,household-round,ln_4,53,1491,1491,1491
uzbekistan,L2CU 2018-2025,data/interim/unpacked/uzbekistan/l2cu_v03/l2cu_cati_household_data_82.csv,household-round,ln_4,54,1491,1491,1491
uzbekistan,L2CU 2018-2025,data/interim/unpacked/uzbekistan/l2cu_v03/l2cu_cati_household_data_82.csv,household-round,ln_4,55,1490,1490,1490
uzbekistan,L2CU 2018-2025,data/interim/unpacked/uzbekistan/l2cu_v03/l2cu_cati_household_data_82.csv,household-round,ln_4,56,1489,1489,1489
uzbekistan,L2CU 2018-2025,data/interim/unpacked/uzbekistan/l2cu_v03/l2cu_cati_household_data_82.csv,household-round,ln_4,57,1488,1488,1488
uzbekistan,L2CU 2018-2025,data/interim/unpacked/uzbekistan/l2cu_v03/l2cu_cati_household_data_82.csv,household-round,ln_4,58,1486,1486,1486
uzbekistan,L2CU 2018-2025,data/interim/unpacked/uzbekistan/l2cu_v03/l2cu_cati_household_data_82.csv,household-round,ln_4,59,1484,1484,1484
uzbekistan,L2CU 2018-2025,data/interim/unpacked/uzbekistan/l2cu_v03/l2cu_cati_household_data_82.csv,household-round,ln_4,60,1451,1451,1451
uzbekistan,L2CU 2018-2025,data/interim/unpacked/uzbekistan/l2cu_v03/l2cu_cati_household_data_82.csv,household-round,ln_4,61,1439,1439,1439
uzbekistan,L2CU 2018-2025,data/interim/unpacked/uzbekistan/l2cu_v03/l2cu_cati_household_data_82.csv,household-round,ln_4,62,1429,1429,1429
uzbekistan,L2CU 2018-2025,data/interim/unpacked/uzbekistan/l2cu_v03/l2cu_cati_household_data_82.csv,household-round,ln_4,63,1423,1423,1423
uzbekistan,L2CU 2018-2025,data/interim/unpacked/uzbekistan/l2cu_v03/l2cu_cati_household_data_82.csv,household-round,ln_4,64,1400,1400,1400
uzbekistan,L2CU 2018-2025,data/interim/unpacked/uzbekistan/l2cu_v03/l2cu_cati_household_data_82.csv,household-round,ln_4,65,1383,1383,1383
uzbekistan,L2CU 2018-2025,data/interim/unpacked/uzbekistan/l2cu_v03/l2cu_cati_household_data_82.csv,household-round,ln_4,66,1378,1378,1378
uzbekistan,L2CU 2018-2025,data/interim/unpacked/uzbekistan/l2cu_v03/l2cu_cati_household_data_82.csv,household-round,ln_4,67,1412,1412,1412
uzbekistan,L2CU 2018-2025,data/interim/unpacked/uzbekistan/l2cu_v03/l2cu_cati_household_data_82.csv,household-round,ln_4,68,1406,1406,1406
uzbekistan,L2CU 2018-2025,data/interim/unpacked/uzbekistan/l2cu_v03/l2cu_cati_household_data_82.csv,household-round,ln_4,69,1399,1399,1399
uzbekistan,L2CU 2018-2025,data/interim/unpacked/uzbekistan/l2cu_v03/l2cu_cati_household_data_82.csv,household-round,ln_4,70,1373,1373,1373
uzbekistan,L2CU 2018-2025,data/interim/unpacked/uzbekistan/l2cu_v03/l2cu_cati_household_data_82.csv,household-round,ln_4,71,1357,1357,1357
uzbekistan,L2CU 2018-2025,data/interim/unpacked/uzbekistan/l2cu_v03/l2cu_cati_household_data_82.csv,household-round,ln_4,72,1320,1320,1320
uzbekistan,L2CU 2018-2025,data/interim/unpacked/uzbekistan/l2cu_v03/l2cu_cati_household_data_82.csv,household-round,ln_4,73,1289,1289,1289
uzbekistan,L2CU 2018-2025,data/interim/unpacked/uzbekistan/l2cu_v03/l2cu_cati_household_data_82.csv,household-round,ln_4,74,1278,1278,1278
uzbekistan,L2CU 2018-2025,data/interim/unpacked/uzbekistan/l2cu_v03/l2cu_cati_household_data_82.csv,household-round,ln_4,75,1275,1275,1275
uzbekistan,L2CU 2018-2025,data/interim/unpacked/uzbekistan/l2cu_v03/l2cu_cati_household_data_82.csv,household-round,ln_4,76,1564,1564,1564
uzbekistan,L2CU 2018-2025,data/interim/unpacked/uzbekistan/l2cu_v03/l2cu_cati_household_data_82.csv,household-round,ln_4,77,1538,1538,1538
uzbekistan,L2CU 2018-2025,data/interim/unpacked/uzbekistan/l2cu_v03/l2cu_cati_household_data_82.csv,household-round,ln_4,78,1514,1514,1514
uzbekistan,L2CU 2018-2025,data/interim/unpacked/uzbekistan/l2cu_v03/l2cu_cati_household_data_82.csv,household-round,ln_4,79,1492,1492,1492
uzbekistan,L2CU 2018-2025,data/interim/unpacked/uzbekistan/l2cu_v03/l2cu_cati_household_data_82.csv,household-round,ln_4,80,1478,1478,1478
uzbekistan,L2CU 2018-2025,data/interim/unpacked/uzbekistan/l2cu_v03/l2cu_cati_household_data_82.csv,household-round,ln_4,81,1464,1464,1464
uzbekistan,L2CU 2018-2025,data/interim/unpacked/uzbekistan/l2cu_v03/l2cu_cati_household_data_82.csv,household-round,ln_4,82,1463,1463,1463
uzbekistan,L2CU 2018-2025,data/interim/unpacked/uzbekistan/l2cu_v03/l2cu_cati_household_data_82.csv,household-round,ln_5,1,1504,0,0
uzbekistan,L2CU 2018-2025,data/interim/unpacked/uzbekistan/l2cu_v03/l2cu_cati_household_data_82.csv,household-round,ln_5,2,1507,0,0
uzbekistan,L2CU 2018-2025,data/interim/unpacked/uzbekistan/l2cu_v03/l2cu_cati_household_data_82.csv,household-round,ln_5,3,1520,0,0
uzbekistan,L2CU 2018-2025,data/interim/unpacked/uzbekistan/l2cu_v03/l2cu_cati_household_data_82.csv,household-round,ln_5,4,1520,0,0
uzbekistan,L2CU 2018-2025,data/interim/unpacked/uzbekistan/l2cu_v03/l2cu_cati_household_data_82.csv,household-round,ln_5,5,1524,0,0
uzbekistan,L2CU 2018-2025,data/interim/unpacked/uzbekistan/l2cu_v03/l2cu_cati_household_data_82.csv,household-round,ln_5,6,1524,0,0
uzbekistan,L2CU 2018-2025,data/interim/unpacked/uzbekistan/l2cu_v03/l2cu_cati_household_data_82.csv,household-round,ln_5,7,1524,0,0
uzbekistan,L2CU 2018-2025,data/interim/unpacked/uzbekistan/l2cu_v03/l2cu_cati_household_data_82.csv,household-round,ln_5,8,1523,0,0
uzbekistan,L2CU 2018-2025,data/interim/unpacked/uzbekistan/l2cu_v03/l2cu_cati_household_data_82.csv,household-round,ln_5,9,1522,0,0
uzbekistan,L2CU 2018-2025,data/interim/unpacked/uzbekistan/l2cu_v03/l2cu_cati_household_data_82.csv,household-round,ln_5,10,1525,0,0
uzbekistan,L2CU 2018-2025,data/interim/unpacked/uzbekistan/l2cu_v03/l2cu_cati_household_data_82.csv,household-round,ln_5,11,1523,0,0
uzbekistan,L2CU 2018-2025,data/interim/unpacked/uzbekistan/l2cu_v03/l2cu_cati_household_data_82.csv,household-round,ln_5,12,1521,0,0
uzbekistan,L2CU 2018-2025,data/interim/unpacked/uzbekistan/l2cu_v03/l2cu_cati_household_data_82.csv,household-round,ln_5,13,1507,0,0
uzbekistan,L2CU 2018-2025,data/interim/unpacked/uzbekistan/l2cu_v03/l2cu_cati_household_data_82.csv,household-round,ln_5,14,1519,0,0
uzbekistan,L2CU 2018-2025,data/interim/unpacked/uzbekistan/l2cu_v03/l2cu_cati_household_data_82.csv,household-round,ln_5,15,1523,0,0
uzbekistan,L2CU 2018-2025,data/interim/unpacked/uzbekistan/l2cu_v03/l2cu_cati_household_data_82.csv,household-round,ln_5,16,1521,0,0
uzbekistan,L2CU 2018-2025,data/interim/unpacked/uzbekistan/l2cu_v03/l2cu_cati_household_data_82.csv,household-round,ln_5,17,1521,0,0
uzbekistan,L2CU 2018-2025,data/interim/unpacked/uzbekistan/l2cu_v03/l2cu_cati_household_data_82.csv,household-round,ln_5,18,1522,0,0
uzbekistan,L2CU 2018-2025,data/interim/unpacked/uzbekistan/l2cu_v03/l2cu_cati_household_data_82.csv,household-round,ln_5,19,1522,0,0
uzbekistan,L2CU 2018-2025,data/interim/unpacked/uzbekistan/l2cu_v03/l2cu_cati_household_data_82.csv,household-round,ln_5,20,1521,0,0
uzbekistan,L2CU 2018-2025,data/interim/unpacked/uzbekistan/l2cu_v03/l2cu_cati_household_data_82.csv,household-round,ln_5,21,1521,0,0
uzbekistan,L2CU 2018-2025,data/interim/unpacked/uzbekistan/l2cu_v03/l2cu_cati_household_data_82.csv,household-round,ln_5,22,1520,0,0
uzbekistan,L2CU 2018-2025,data/interim/unpacked/uzbekistan/l2cu_v03/l2cu_cati_household_data_82.csv,household-round,ln_5,23,1517,0,0
uzbekistan,L2CU 2018-2025,data/interim/unpacked/uzbekistan/l2cu_v03/l2cu_cati_household_data_82.csv,household-round,ln_5,24,1516,0,0
uzbekistan,L2CU 2018-2025,data/interim/unpacked/uzbekistan/l2cu_v03/l2cu_cati_household_data_82.csv,household-round,ln_5,25,1516,0,0
uzbekistan,L2CU 2018-2025,data/interim/unpacked/uzbekistan/l2cu_v03/l2cu_cati_household_data_82.csv,household-round,ln_5,26,1514,0,0
uzbekistan,L2CU 2018-2025,data/interim/unpacked/uzbekistan/l2cu_v03/l2cu_cati_household_data_82.csv,household-round,ln_5,27,1514,0,0
uzbekistan,L2CU 2018-2025,data/interim/unpacked/uzbekistan/l2cu_v03/l2cu_cati_household_data_82.csv,household-round,ln_5,28,1513,0,0
uzbekistan,L2CU 2018-2025,data/interim/unpacked/uzbekistan/l2cu_v03/l2cu_cati_household_data_82.csv,household-round,ln_5,29,1512,0,0
uzbekistan,L2CU 2018-2025,data/interim/unpacked/uzbekistan/l2cu_v03/l2cu_cati_household_data_82.csv,household-round,ln_5,30,1510,0,0
uzbekistan,L2CU 2018-2025,data/interim/unpacked/uzbekistan/l2cu_v03/l2cu_cati_household_data_82.csv,household-round,ln_5,31,1512,0,0
uzbekistan,L2CU 2018-2025,data/interim/unpacked/uzbekistan/l2cu_v03/l2cu_cati_household_data_82.csv,household-round,ln_5,32,1511,0,0
uzbekistan,L2CU 2018-2025,data/interim/unpacked/uzbekistan/l2cu_v03/l2cu_cati_household_data_82.csv,household-round,ln_5,33,1511,0,0
uzbekistan,L2CU 2018-2025,data/interim/unpacked/uzbekistan/l2cu_v03/l2cu_cati_household_data_82.csv,household-round,ln_5,34,1511,0,0
uzbekistan,L2CU 2018-2025,data/interim/unpacked/uzbekistan/l2cu_v03/l2cu_cati_household_data_82.csv,household-round,ln_5,35,1511,0,0
uzbekistan,L2CU 2018-2025,data/interim/unpacked/uzbekistan/l2cu_v03/l2cu_cati_household_data_82.csv,household-round,ln_5,36,1511,0,0
uzbekistan,L2CU 2018-2025,data/interim/unpacked/uzbekistan/l2cu_v03/l2cu_cati_household_data_82.csv,household-round,ln_5,37,1510,0,0
uzbekistan,L2CU 2018-2025,data/interim/unpacked/uzbekistan/l2cu_v03/l2cu_cati_household_data_82.csv,household-round,ln_5,38,1509,0,0
uzbekistan,L2CU 2018-2025,data/interim/unpacked/uzbekistan/l2cu_v03/l2cu_cati_household_data_82.csv,household-round,ln_5,39,1508,0,0
uzbekistan,L2CU 2018-2025,data/interim/unpacked/uzbekistan/l2cu_v03/l2cu_cati_household_data_82.csv,household-round,ln_5,40,1507,0,0
uzbekistan,L2CU 2018-2025,data/interim/unpacked/uzbekistan/l2cu_v03/l2cu_cati_household_data_82.csv,household-round,ln_5,41,1505,0,0
uzbekistan,L2CU 2018-2025,data/interim/unpacked/uzbekistan/l2cu_v03/l2cu_cati_household_data_82.csv,household-round,ln_5,42,1507,0,0
uzbekistan,L2CU 2018-2025,data/interim/unpacked/uzbekistan/l2cu_v03/l2cu_cati_household_data_82.csv,household-round,ln_5,43,1508,0,0
uzbekistan,L2CU 2018-2025,data/interim/unpacked/uzbekistan/l2cu_v03/l2cu_cati_household_data_82.csv,household-round,ln_5,44,1508,0,0
uzbekistan,L2CU 2018-2025,data/interim/unpacked/uzbekistan/l2cu_v03/l2cu_cati_household_data_82.csv,household-round,ln_5,45,1508,0,0
uzbekistan,L2CU 2018-2025,data/interim/unpacked/uzbekistan/l2cu_v03/l2cu_cati_household_data_82.csv,household-round,ln_5,46,1507,0,0
uzbekistan,L2CU 2018-2025,data/interim/unpacked/uzbekistan/l2cu_v03/l2cu_cati_household_data_82.csv,household-round,ln_5,47,1504,0,0
uzbekistan,L2CU 2018-2025,data/interim/unpacked/uzbekistan/l2cu_v03/l2cu_cati_household_data_82.csv,household-round,ln_5,48,1499,0,0
uzbekistan,L2CU 2018-2025,data/interim/unpacked/uzbekistan/l2cu_v03/l2cu_cati_household_data_82.csv,household-round,ln_5,49,1498,1498,1498
uzbekistan,L2CU 2018-2025,data/interim/unpacked/uzbekistan/l2cu_v03/l2cu_cati_household_data_82.csv,household-round,ln_5,50,1495,1495,1495
uzbekistan,L2CU 2018-2025,data/interim/unpacked/uzbekistan/l2cu_v03/l2cu_cati_household_data_82.csv,household-round,ln_5,51,1494,1494,1494
uzbekistan,L2CU 2018-2025,data/interim/unpacked/uzbekistan/l2cu_v03/l2cu_cati_household_data_82.csv,household-round,ln_5,52,1494,1494,1494
uzbekistan,L2CU 2018-2025,data/interim/unpacked/uzbekistan/l2cu_v03/l2cu_cati_household_data_82.csv,household-round,ln_5,53,1491,1491,1491
uzbekistan,L2CU 2018-2025,data/interim/unpacked/uzbekistan/l2cu_v03/l2cu_cati_household_data_82.csv,household-round,ln_5,54,1491,1491,1491
uzbekistan,L2CU 2018-2025,data/interim/unpacked/uzbekistan/l2cu_v03/l2cu_cati_household_data_82.csv,household-round,ln_5,55,1490,1490,1490
uzbekistan,L2CU 2018-2025,data/interim/unpacked/uzbekistan/l2cu_v03/l2cu_cati_household_data_82.csv,household-round,ln_5,56,1489,1489,1489
uzbekistan,L2CU 2018-2025,data/interim/unpacked/uzbekistan/l2cu_v03/l2cu_cati_household_data_82.csv,household-round,ln_5,57,1488,1488,1488
uzbekistan,L2CU 2018-2025,data/interim/unpacked/uzbekistan/l2cu_v03/l2cu_cati_household_data_82.csv,household-round,ln_5,58,1486,1486,1486
uzbekistan,L2CU 2018-2025,data/interim/unpacked/uzbekistan/l2cu_v03/l2cu_cati_household_data_82.csv,household-round,ln_5,59,1484,1484,1484
uzbekistan,L2CU 2018-2025,data/interim/unpacked/uzbekistan/l2cu_v03/l2cu_cati_household_data_82.csv,household-round,ln_5,60,1451,1451,1451
uzbekistan,L2CU 2018-2025,data/interim/unpacked/uzbekistan/l2cu_v03/l2cu_cati_household_data_82.csv,household-round,ln_5,61,1439,1439,1439
uzbekistan,L2CU 2018-2025,data/interim/unpacked/uzbekistan/l2cu_v03/l2cu_cati_household_data_82.csv,household-round,ln_5,62,1429,1429,1429
uzbekistan,L2CU 2018-2025,data/interim/unpacked/uzbekistan/l2cu_v03/l2cu_cati_household_data_82.csv,household-round,ln_5,63,1423,1423,1423
uzbekistan,L2CU 2018-2025,data/interim/unpacked/uzbekistan/l2cu_v03/l2cu_cati_household_data_82.csv,household-round,ln_5,64,1400,1400,1400
uzbekistan,L2CU 2018-2025,data/interim/unpacked/uzbekistan/l2cu_v03/l2cu_cati_household_data_82.csv,household-round,ln_5,65,1383,1383,1383
uzbekistan,L2CU 2018-2025,data/interim/unpacked/uzbekistan/l2cu_v03/l2cu_cati_household_data_82.csv,household-round,ln_5,66,1378,1378,1378
uzbekistan,L2CU 2018-2025,data/interim/unpacked/uzbekistan/l2cu_v03/l2cu_cati_household_data_82.csv,household-round,ln_5,67,1412,1412,1412
uzbekistan,L2CU 2018-2025,data/interim/unpacked/uzbekistan/l2cu_v03/l2cu_cati_household_data_82.csv,household-round,ln_5,68,1406,1406,1406
uzbekistan,L2CU 2018-2025,data/interim/unpacked/uzbekistan/l2cu_v03/l2cu_cati_household_data_82.csv,household-round,ln_5,69,1399,1399,1399
uzbekistan,L2CU 2018-2025,data/interim/unpacked/uzbekistan/l2cu_v03/l2cu_cati_household_data_82.csv,household-round,ln_5,70,1373,1373,1373
uzbekistan,L2CU 2018-2025,data/interim/unpacked/uzbekistan/l2cu_v03/l2cu_cati_household_data_82.csv,household-round,ln_5,71,1357,1357,1357
uzbekistan,L2CU 2018-2025,data/interim/unpacked/uzbekistan/l2cu_v03/l2cu_cati_household_data_82.csv,household-round,ln_5,72,1320,1320,1320
uzbekistan,L2CU 2018-2025,data/interim/unpacked/uzbekistan/l2cu_v03/l2cu_cati_household_data_82.csv,household-round,ln_5,73,1289,1289,1289
uzbekistan,L2CU 2018-2025,data/interim/unpacked/uzbekistan/l2cu_v03/l2cu_cati_household_data_82.csv,household-round,ln_5,74,1278,1278,1278
uzbekistan,L2CU 2018-2025,data/interim/unpacked/uzbekistan/l2cu_v03/l2cu_cati_household_data_82.csv,household-round,ln_5,75,1275,1275,1275
uzbekistan,L2CU 2018-2025,data/interim/unpacked/uzbekistan/l2cu_v03/l2cu_cati_household_data_82.csv,household-round,ln_5,76,1564,1564,1564
uzbekistan,L2CU 2018-2025,data/interim/unpacked/uzbekistan/l2cu_v03/l2cu_cati_household_data_82.csv,household-round,ln_5,77,1538,1538,1538
uzbekistan,L2CU 2018-2025,data/interim/unpacked/uzbekistan/l2cu_v03/l2cu_cati_household_data_82.csv,household-round,ln_5,78,1514,1514,1514
uzbekistan,L2CU 2018-2025,data/interim/unpacked/uzbekistan/l2cu_v03/l2cu_cati_household_data_82.csv,household-round,ln_5,79,1492,1492,1492
uzbekistan,L2CU 2018-2025,data/interim/unpacked/uzbekistan/l2cu_v03/l2cu_cati_household_data_82.csv,household-round,ln_5,80,1478,1478,1478
uzbekistan,L2CU 2018-2025,data/interim/unpacked/uzbekistan/l2cu_v03/l2cu_cati_household_data_82.csv,household-round,ln_5,81,1464,1464,1464
uzbekistan,L2CU 2018-2025,data/interim/unpacked/uzbekistan/l2cu_v03/l2cu_cati_household_data_82.csv,household-round,ln_5,82,1463,1463,1463
uzbekistan,L2CU 2018-2025,data/interim/unpacked/uzbekistan/l2cu_v03/l2cu_cati_household_data_82.csv,household-round,ln_6,1,1504,0,0
uzbekistan,L2CU 2018-2025,data/interim/unpacked/uzbekistan/l2cu_v03/l2cu_cati_household_data_82.csv,household-round,ln_6,2,1507,0,0
uzbekistan,L2CU 2018-2025,data/interim/unpacked/uzbekistan/l2cu_v03/l2cu_cati_household_data_82.csv,household-round,ln_6,3,1520,0,0
uzbekistan,L2CU 2018-2025,data/interim/unpacked/uzbekistan/l2cu_v03/l2cu_cati_household_data_82.csv,household-round,ln_6,4,1520,0,0
uzbekistan,L2CU 2018-2025,data/interim/unpacked/uzbekistan/l2cu_v03/l2cu_cati_household_data_82.csv,household-round,ln_6,5,1524,0,0
uzbekistan,L2CU 2018-2025,data/interim/unpacked/uzbekistan/l2cu_v03/l2cu_cati_household_data_82.csv,household-round,ln_6,6,1524,0,0
uzbekistan,L2CU 2018-2025,data/interim/unpacked/uzbekistan/l2cu_v03/l2cu_cati_household_data_82.csv,household-round,ln_6,7,1524,0,0
uzbekistan,L2CU 2018-2025,data/interim/unpacked/uzbekistan/l2cu_v03/l2cu_cati_household_data_82.csv,household-round,ln_6,8,1523,0,0
uzbekistan,L2CU 2018-2025,data/interim/unpacked/uzbekistan/l2cu_v03/l2cu_cati_household_data_82.csv,household-round,ln_6,9,1522,0,0
uzbekistan,L2CU 2018-2025,data/interim/unpacked/uzbekistan/l2cu_v03/l2cu_cati_household_data_82.csv,household-round,ln_6,10,1525,0,0
uzbekistan,L2CU 2018-2025,data/interim/unpacked/uzbekistan/l2cu_v03/l2cu_cati_household_data_82.csv,household-round,ln_6,11,1523,0,0
uzbekistan,L2CU 2018-2025,data/interim/unpacked/uzbekistan/l2cu_v03/l2cu_cati_household_data_82.csv,household-round,ln_6,12,1521,0,0
uzbekistan,L2CU 2018-2025,data/interim/unpacked/uzbekistan/l2cu_v03/l2cu_cati_household_data_82.csv,household-round,ln_6,13,1507,0,0
uzbekistan,L2CU 2018-2025,data/interim/unpacked/uzbekistan/l2cu_v03/l2cu_cati_household_data_82.csv,household-round,ln_6,14,1519,0,0
uzbekistan,L2CU 2018-2025,data/interim/unpacked/uzbekistan/l2cu_v03/l2cu_cati_household_data_82.csv,household-round,ln_6,15,1523,0,0
uzbekistan,L2CU 2018-2025,data/interim/unpacked/uzbekistan/l2cu_v03/l2cu_cati_household_data_82.csv,household-round,ln_6,16,1521,0,0
uzbekistan,L2CU 2018-2025,data/interim/unpacked/uzbekistan/l2cu_v03/l2cu_cati_household_data_82.csv,household-round,ln_6,17,1521,0,0
uzbekistan,L2CU 2018-2025,data/interim/unpacked/uzbekistan/l2cu_v03/l2cu_cati_household_data_82.csv,household-round,ln_6,18,1522,0,0
uzbekistan,L2CU 2018-2025,data/interim/unpacked/uzbekistan/l2cu_v03/l2cu_cati_household_data_82.csv,household-round,ln_6,19,1522,0,0
uzbekistan,L2CU 2018-2025,data/interim/unpacked/uzbekistan/l2cu_v03/l2cu_cati_household_data_82.csv,household-round,ln_6,20,1521,0,0
uzbekistan,L2CU 2018-2025,data/interim/unpacked/uzbekistan/l2cu_v03/l2cu_cati_household_data_82.csv,household-round,ln_6,21,1521,0,0
uzbekistan,L2CU 2018-2025,data/interim/unpacked/uzbekistan/l2cu_v03/l2cu_cati_household_data_82.csv,household-round,ln_6,22,1520,0,0
uzbekistan,L2CU 2018-2025,data/interim/unpacked/uzbekistan/l2cu_v03/l2cu_cati_household_data_82.csv,household-round,ln_6,23,1517,0,0
uzbekistan,L2CU 2018-2025,data/interim/unpacked/uzbekistan/l2cu_v03/l2cu_cati_household_data_82.csv,household-round,ln_6,24,1516,0,0
uzbekistan,L2CU 2018-2025,data/interim/unpacked/uzbekistan/l2cu_v03/l2cu_cati_household_data_82.csv,household-round,ln_6,25,1516,0,0
uzbekistan,L2CU 2018-2025,data/interim/unpacked/uzbekistan/l2cu_v03/l2cu_cati_household_data_82.csv,household-round,ln_6,26,1514,0,0
uzbekistan,L2CU 2018-2025,data/interim/unpacked/uzbekistan/l2cu_v03/l2cu_cati_household_data_82.csv,household-round,ln_6,27,1514,0,0
uzbekistan,L2CU 2018-2025,data/interim/unpacked/uzbekistan/l2cu_v03/l2cu_cati_household_data_82.csv,household-round,ln_6,28,1513,0,0
uzbekistan,L2CU 2018-2025,data/interim/unpacked/uzbekistan/l2cu_v03/l2cu_cati_household_data_82.csv,household-round,ln_6,29,1512,0,0
uzbekistan,L2CU 2018-2025,data/interim/unpacked/uzbekistan/l2cu_v03/l2cu_cati_household_data_82.csv,household-round,ln_6,30,1510,0,0
uzbekistan,L2CU 2018-2025,data/interim/unpacked/uzbekistan/l2cu_v03/l2cu_cati_household_data_82.csv,household-round,ln_6,31,1512,0,0
uzbekistan,L2CU 2018-2025,data/interim/unpacked/uzbekistan/l2cu_v03/l2cu_cati_household_data_82.csv,household-round,ln_6,32,1511,0,0
uzbekistan,L2CU 2018-2025,data/interim/unpacked/uzbekistan/l2cu_v03/l2cu_cati_household_data_82.csv,household-round,ln_6,33,1511,0,0
uzbekistan,L2CU 2018-2025,data/interim/unpacked/uzbekistan/l2cu_v03/l2cu_cati_household_data_82.csv,household-round,ln_6,34,1511,0,0
uzbekistan,L2CU 2018-2025,data/interim/unpacked/uzbekistan/l2cu_v03/l2cu_cati_household_data_82.csv,household-round,ln_6,35,1511,0,0
uzbekistan,L2CU 2018-2025,data/interim/unpacked/uzbekistan/l2cu_v03/l2cu_cati_household_data_82.csv,household-round,ln_6,36,1511,0,0
uzbekistan,L2CU 2018-2025,data/interim/unpacked/uzbekistan/l2cu_v03/l2cu_cati_household_data_82.csv,household-round,ln_6,37,1510,0,0
uzbekistan,L2CU 2018-2025,data/interim/unpacked/uzbekistan/l2cu_v03/l2cu_cati_household_data_82.csv,household-round,ln_6,38,1509,0,0
uzbekistan,L2CU 2018-2025,data/interim/unpacked/uzbekistan/l2cu_v03/l2cu_cati_household_data_82.csv,household-round,ln_6,39,1508,0,0
uzbekistan,L2CU 2018-2025,data/interim/unpacked/uzbekistan/l2cu_v03/l2cu_cati_household_data_82.csv,household-round,ln_6,40,1507,0,0
uzbekistan,L2CU 2018-2025,data/interim/unpacked/uzbekistan/l2cu_v03/l2cu_cati_household_data_82.csv,household-round,ln_6,41,1505,0,0
uzbekistan,L2CU 2018-2025,data/interim/unpacked/uzbekistan/l2cu_v03/l2cu_cati_household_data_82.csv,household-round,ln_6,42,1507,0,0
uzbekistan,L2CU 2018-2025,data/interim/unpacked/uzbekistan/l2cu_v03/l2cu_cati_household_data_82.csv,household-round,ln_6,43,1508,0,0
uzbekistan,L2CU 2018-2025,data/interim/unpacked/uzbekistan/l2cu_v03/l2cu_cati_household_data_82.csv,household-round,ln_6,44,1508,0,0
uzbekistan,L2CU 2018-2025,data/interim/unpacked/uzbekistan/l2cu_v03/l2cu_cati_household_data_82.csv,household-round,ln_6,45,1508,0,0
uzbekistan,L2CU 2018-2025,data/interim/unpacked/uzbekistan/l2cu_v03/l2cu_cati_household_data_82.csv,household-round,ln_6,46,1507,0,0
uzbekistan,L2CU 2018-2025,data/interim/unpacked/uzbekistan/l2cu_v03/l2cu_cati_household_data_82.csv,household-round,ln_6,47,1504,0,0
uzbekistan,L2CU 2018-2025,data/interim/unpacked/uzbekistan/l2cu_v03/l2cu_cati_household_data_82.csv,household-round,ln_6,48,1499,0,0
uzbekistan,L2CU 2018-2025,data/interim/unpacked/uzbekistan/l2cu_v03/l2cu_cati_household_data_82.csv,household-round,ln_6,49,1498,1498,1498
uzbekistan,L2CU 2018-2025,data/interim/unpacked/uzbekistan/l2cu_v03/l2cu_cati_household_data_82.csv,household-round,ln_6,50,1495,1495,1495
uzbekistan,L2CU 2018-2025,data/interim/unpacked/uzbekistan/l2cu_v03/l2cu_cati_household_data_82.csv,household-round,ln_6,51,1494,1494,1494
uzbekistan,L2CU 2018-2025,data/interim/unpacked/uzbekistan/l2cu_v03/l2cu_cati_household_data_82.csv,household-round,ln_6,52,1494,1494,1494
uzbekistan,L2CU 2018-2025,data/interim/unpacked/uzbekistan/l2cu_v03/l2cu_cati_household_data_82.csv,household-round,ln_6,53,1491,1491,1491
uzbekistan,L2CU 2018-2025,data/interim/unpacked/uzbekistan/l2cu_v03/l2cu_cati_household_data_82.csv,household-round,ln_6,54,1491,1491,1491
uzbekistan,L2CU 2018-2025,data/interim/unpacked/uzbekistan/l2cu_v03/l2cu_cati_household_data_82.csv,household-round,ln_6,55,1490,1490,1490
uzbekistan,L2CU 2018-2025,data/interim/unpacked/uzbekistan/l2cu_v03/l2cu_cati_household_data_82.csv,household-round,ln_6,56,1489,1489,1489
uzbekistan,L2CU 2018-2025,data/interim/unpacked/uzbekistan/l2cu_v03/l2cu_cati_household_data_82.csv,household-round,ln_6,57,1488,1488,1488
uzbekistan,L2CU 2018-2025,data/interim/unpacked/uzbekistan/l2cu_v03/l2cu_cati_household_data_82.csv,household-round,ln_6,58,1486,1486,1486
uzbekistan,L2CU 2018-2025,data/interim/unpacked/uzbekistan/l2cu_v03/l2cu_cati_household_data_82.csv,household-round,ln_6,59,1484,1484,1484
uzbekistan,L2CU 2018-2025,data/interim/unpacked/uzbekistan/l2cu_v03/l2cu_cati_household_data_82.csv,household-round,ln_6,60,1451,1451,1451
uzbekistan,L2CU 2018-2025,data/interim/unpacked/uzbekistan/l2cu_v03/l2cu_cati_household_data_82.csv,household-round,ln_6,61,1439,1439,1439
uzbekistan,L2CU 2018-2025,data/interim/unpacked/uzbekistan/l2cu_v03/l2cu_cati_household_data_82.csv,household-round,ln_6,62,1429,1429,1429
uzbekistan,L2CU 2018-2025,data/interim/unpacked/uzbekistan/l2cu_v03/l2cu_cati_household_data_82.csv,household-round,ln_6,63,1423,1423,1423
uzbekistan,L2CU 2018-2025,data/interim/unpacked/uzbekistan/l2cu_v03/l2cu_cati_household_data_82.csv,household-round,ln_6,64,1400,1400,1400
uzbekistan,L2CU 2018-2025,data/interim/unpacked/uzbekistan/l2cu_v03/l2cu_cati_household_data_82.csv,household-round,ln_6,65,1383,1383,1383
uzbekistan,L2CU 2018-2025,data/interim/unpacked/uzbekistan/l2cu_v03/l2cu_cati_household_data_82.csv,household-round,ln_6,66,1378,1378,1378
uzbekistan,L2CU 2018-2025,data/interim/unpacked/uzbekistan/l2cu_v03/l2cu_cati_household_data_82.csv,household-round,ln_6,67,1412,1412,1412
uzbekistan,L2CU 2018-2025,data/interim/unpacked/uzbekistan/l2cu_v03/l2cu_cati_household_data_82.csv,household-round,ln_6,68,1406,1406,1406
uzbekistan,L2CU 2018-2025,data/interim/unpacked/uzbekistan/l2cu_v03/l2cu_cati_household_data_82.csv,household-round,ln_6,69,1399,1399,1399
uzbekistan,L2CU 2018-2025,data/interim/unpacked/uzbekistan/l2cu_v03/l2cu_cati_household_data_82.csv,household-round,ln_6,70,1373,1373,1373
uzbekistan,L2CU 2018-2025,data/interim/unpacked/uzbekistan/l2cu_v03/l2cu_cati_household_data_82.csv,household-round,ln_6,71,1357,1357,1357
uzbekistan,L2CU 2018-2025,data/interim/unpacked/uzbekistan/l2cu_v03/l2cu_cati_household_data_82.csv,household-round,ln_6,72,1320,1320,1320
uzbekistan,L2CU 2018-2025,data/interim/unpacked/uzbekistan/l2cu_v03/l2cu_cati_household_data_82.csv,household-round,ln_6,73,1289,1289,1289
uzbekistan,L2CU 2018-2025,data/interim/unpacked/uzbekistan/l2cu_v03/l2cu_cati_household_data_82.csv,household-round,ln_6,74,1278,1278,1278
uzbekistan,L2CU 2018-2025,data/interim/unpacked/uzbekistan/l2cu_v03/l2cu_cati_household_data_82.csv,household-round,ln_6,75,1275,1275,1275
uzbekistan,L2CU 2018-2025,data/interim/unpacked/uzbekistan/l2cu_v03/l2cu_cati_household_data_82.csv,household-round,ln_6,76,1564,1564,1564
uzbekistan,L2CU 2018-2025,data/interim/unpacked/uzbekistan/l2cu_v03/l2cu_cati_household_data_82.csv,household-round,ln_6,77,1538,1538,1538
uzbekistan,L2CU 2018-2025,data/interim/unpacked/uzbekistan/l2cu_v03/l2cu_cati_household_data_82.csv,household-round,ln_6,78,1514,1514,1514
uzbekistan,L2CU 2018-2025,data/interim/unpacked/uzbekistan/l2cu_v03/l2cu_cati_household_data_82.csv,household-round,ln_6,79,1492,1492,1492
uzbekistan,L2CU 2018-2025,data/interim/unpacked/uzbekistan/l2cu_v03/l2cu_cati_household_data_82.csv,household-round,ln_6,80,1478,1478,1478
uzbekistan,L2CU 2018-2025,data/interim/unpacked/uzbekistan/l2cu_v03/l2cu_cati_household_data_82.csv,household-round,ln_6,81,1464,1464,1464
uzbekistan,L2CU 2018-2025,data/interim/unpacked/uzbekistan/l2cu_v03/l2cu_cati_household_data_82.csv,household-round,ln_6,82,1463,1463,1463
uzbekistan,L2CU 2018-2025,data/interim/unpacked/uzbekistan/l2cu_v03/l2cu_cati_household_data_82.csv,household-round,ln_7,1,1504,0,0
uzbekistan,L2CU 2018-2025,data/interim/unpacked/uzbekistan/l2cu_v03/l2cu_cati_household_data_82.csv,household-round,ln_7,2,1507,0,0
uzbekistan,L2CU 2018-2025,data/interim/unpacked/uzbekistan/l2cu_v03/l2cu_cati_household_data_82.csv,household-round,ln_7,3,1520,0,0
uzbekistan,L2CU 2018-2025,data/interim/unpacked/uzbekistan/l2cu_v03/l2cu_cati_household_data_82.csv,household-round,ln_7,4,1520,0,0
uzbekistan,L2CU 2018-2025,data/interim/unpacked/uzbekistan/l2cu_v03/l2cu_cati_household_data_82.csv,household-round,ln_7,5,1524,0,0
uzbekistan,L2CU 2018-2025,data/interim/unpacked/uzbekistan/l2cu_v03/l2cu_cati_household_data_82.csv,household-round,ln_7,6,1524,0,0
uzbekistan,L2CU 2018-2025,data/interim/unpacked/uzbekistan/l2cu_v03/l2cu_cati_household_data_82.csv,household-round,ln_7,7,1524,0,0
uzbekistan,L2CU 2018-2025,data/interim/unpacked/uzbekistan/l2cu_v03/l2cu_cati_household_data_82.csv,household-round,ln_7,8,1523,0,0
uzbekistan,L2CU 2018-2025,data/interim/unpacked/uzbekistan/l2cu_v03/l2cu_cati_household_data_82.csv,household-round,ln_7,9,1522,0,0
uzbekistan,L2CU 2018-2025,data/interim/unpacked/uzbekistan/l2cu_v03/l2cu_cati_household_data_82.csv,household-round,ln_7,10,1525,0,0
uzbekistan,L2CU 2018-2025,data/interim/unpacked/uzbekistan/l2cu_v03/l2cu_cati_household_data_82.csv,household-round,ln_7,11,1523,0,0
uzbekistan,L2CU 2018-2025,data/interim/unpacked/uzbekistan/l2cu_v03/l2cu_cati_household_data_82.csv,household-round,ln_7,12,1521,0,0
uzbekistan,L2CU 2018-2025,data/interim/unpacked/uzbekistan/l2cu_v03/l2cu_cati_household_data_82.csv,household-round,ln_7,13,1507,0,0
uzbekistan,L2CU 2018-2025,data/interim/unpacked/uzbekistan/l2cu_v03/l2cu_cati_household_data_82.csv,household-round,ln_7,14,1519,0,0
uzbekistan,L2CU 2018-2025,data/interim/unpacked/uzbekistan/l2cu_v03/l2cu_cati_household_data_82.csv,household-round,ln_7,15,1523,0,0
uzbekistan,L2CU 2018-2025,data/interim/unpacked/uzbekistan/l2cu_v03/l2cu_cati_household_data_82.csv,household-round,ln_7,16,1521,0,0
uzbekistan,L2CU 2018-2025,data/interim/unpacked/uzbekistan/l2cu_v03/l2cu_cati_household_data_82.csv,household-round,ln_7,17,1521,0,0
uzbekistan,L2CU 2018-2025,data/interim/unpacked/uzbekistan/l2cu_v03/l2cu_cati_household_data_82.csv,household-round,ln_7,18,1522,0,0
uzbekistan,L2CU 2018-2025,data/interim/unpacked/uzbekistan/l2cu_v03/l2cu_cati_household_data_82.csv,household-round,ln_7,19,1522,0,0
uzbekistan,L2CU 2018-2025,data/interim/unpacked/uzbekistan/l2cu_v03/l2cu_cati_household_data_82.csv,household-round,ln_7,20,1521,0,0
uzbekistan,L2CU 2018-2025,data/interim/unpacked/uzbekistan/l2cu_v03/l2cu_cati_household_data_82.csv,household-round,ln_7,21,1521,0,0
uzbekistan,L2CU 2018-2025,data/interim/unpacked/uzbekistan/l2cu_v03/l2cu_cati_household_data_82.csv,household-round,ln_7,22,1520,0,0
uzbekistan,L2CU 2018-2025,data/interim/unpacked/uzbekistan/l2cu_v03/l2cu_cati_household_data_82.csv,household-round,ln_7,23,1517,0,0
uzbekistan,L2CU 2018-2025,data/interim/unpacked/uzbekistan/l2cu_v03/l2cu_cati_household_data_82.csv,household-round,ln_7,24,1516,0,0
uzbekistan,L2CU 2018-2025,data/interim/unpacked/uzbekistan/l2cu_v03/l2cu_cati_household_data_82.csv,household-round,ln_7,25,1516,0,0
uzbekistan,L2CU 2018-2025,data/interim/unpacked/uzbekistan/l2cu_v03/l2cu_cati_household_data_82.csv,household-round,ln_7,26,1514,0,0
uzbekistan,L2CU 2018-2025,data/interim/unpacked/uzbekistan/l2cu_v03/l2cu_cati_household_data_82.csv,household-round,ln_7,27,1514,0,0
uzbekistan,L2CU 2018-2025,data/interim/unpacked/uzbekistan/l2cu_v03/l2cu_cati_household_data_82.csv,household-round,ln_7,28,1513,0,0
uzbekistan,L2CU 2018-2025,data/interim/unpacked/uzbekistan/l2cu_v03/l2cu_cati_household_data_82.csv,household-round,ln_7,29,1512,0,0
uzbekistan,L2CU 2018-2025,data/interim/unpacked/uzbekistan/l2cu_v03/l2cu_cati_household_data_82.csv,household-round,ln_7,30,1510,0,0
uzbekistan,L2CU 2018-2025,data/interim/unpacked/uzbekistan/l2cu_v03/l2cu_cati_household_data_82.csv,household-round,ln_7,31,1512,0,0
uzbekistan,L2CU 2018-2025,data/interim/unpacked/uzbekistan/l2cu_v03/l2cu_cati_household_data_82.csv,household-round,ln_7,32,1511,0,0
uzbekistan,L2CU 2018-2025,data/interim/unpacked/uzbekistan/l2cu_v03/l2cu_cati_household_data_82.csv,household-round,ln_7,33,1511,0,0
uzbekistan,L2CU 2018-2025,data/interim/unpacked/uzbekistan/l2cu_v03/l2cu_cati_household_data_82.csv,household-round,ln_7,34,1511,0,0
uzbekistan,L2CU 2018-2025,data/interim/unpacked/uzbekistan/l2cu_v03/l2cu_cati_household_data_82.csv,household-round,ln_7,35,1511,0,0
uzbekistan,L2CU 2018-2025,data/interim/unpacked/uzbekistan/l2cu_v03/l2cu_cati_household_data_82.csv,household-round,ln_7,36,1511,0,0
uzbekistan,L2CU 2018-2025,data/interim/unpacked/uzbekistan/l2cu_v03/l2cu_cati_household_data_82.csv,household-round,ln_7,37,1510,0,0
uzbekistan,L2CU 2018-2025,data/interim/unpacked/uzbekistan/l2cu_v03/l2cu_cati_household_data_82.csv,household-round,ln_7,38,1509,0,0
uzbekistan,L2CU 2018-2025,data/interim/unpacked/uzbekistan/l2cu_v03/l2cu_cati_household_data_82.csv,household-round,ln_7,39,1508,0,0
uzbekistan,L2CU 2018-2025,data/interim/unpacked/uzbekistan/l2cu_v03/l2cu_cati_household_data_82.csv,household-round,ln_7,40,1507,0,0
uzbekistan,L2CU 2018-2025,data/interim/unpacked/uzbekistan/l2cu_v03/l2cu_cati_household_data_82.csv,household-round,ln_7,41,1505,0,0
uzbekistan,L2CU 2018-2025,data/interim/unpacked/uzbekistan/l2cu_v03/l2cu_cati_household_data_82.csv,household-round,ln_7,42,1507,0,0
uzbekistan,L2CU 2018-2025,data/interim/unpacked/uzbekistan/l2cu_v03/l2cu_cati_household_data_82.csv,household-round,ln_7,43,1508,0,0
uzbekistan,L2CU 2018-2025,data/interim/unpacked/uzbekistan/l2cu_v03/l2cu_cati_household_data_82.csv,household-round,ln_7,44,1508,0,0
uzbekistan,L2CU 2018-2025,data/interim/unpacked/uzbekistan/l2cu_v03/l2cu_cati_household_data_82.csv,household-round,ln_7,45,1508,0,0
uzbekistan,L2CU 2018-2025,data/interim/unpacked/uzbekistan/l2cu_v03/l2cu_cati_household_data_82.csv,household-round,ln_7,46,1507,0,0
uzbekistan,L2CU 2018-2025,data/interim/unpacked/uzbekistan/l2cu_v03/l2cu_cati_household_data_82.csv,household-round,ln_7,47,1504,0,0
uzbekistan,L2CU 2018-2025,data/interim/unpacked/uzbekistan/l2cu_v03/l2cu_cati_household_data_82.csv,household-round,ln_7,48,1499,0,0
uzbekistan,L2CU 2018-2025,data/interim/unpacked/uzbekistan/l2cu_v03/l2cu_cati_household_data_82.csv,household-round,ln_7,49,1498,1498,1498
uzbekistan,L2CU 2018-2025,data/interim/unpacked/uzbekistan/l2cu_v03/l2cu_cati_household_data_82.csv,household-round,ln_7,50,1495,1495,1495
uzbekistan,L2CU 2018-2025,data/interim/unpacked/uzbekistan/l2cu_v03/l2cu_cati_household_data_82.csv,household-round,ln_7,51,1494,1494,1494
uzbekistan,L2CU 2018-2025,data/interim/unpacked/uzbekistan/l2cu_v03/l2cu_cati_household_data_82.csv,household-round,ln_7,52,1494,1494,1494
uzbekistan,L2CU 2018-2025,data/interim/unpacked/uzbekistan/l2cu_v03/l2cu_cati_household_data_82.csv,household-round,ln_7,53,1491,1491,1491
uzbekistan,L2CU 2018-2025,data/interim/unpacked/uzbekistan/l2cu_v03/l2cu_cati_household_data_82.csv,household-round,ln_7,54,1491,1491,1491
uzbekistan,L2CU 2018-2025,data/interim/unpacked/uzbekistan/l2cu_v03/l2cu_cati_household_data_82.csv,household-round,ln_7,55,1490,1490,1490
uzbekistan,L2CU 2018-2025,data/interim/unpacked/uzbekistan/l2cu_v03/l2cu_cati_household_data_82.csv,household-round,ln_7,56,1489,1489,1489
uzbekistan,L2CU 2018-2025,data/interim/unpacked/uzbekistan/l2cu_v03/l2cu_cati_household_data_82.csv,household-round,ln_7,57,1488,1488,1488
uzbekistan,L2CU 2018-2025,data/interim/unpacked/uzbekistan/l2cu_v03/l2cu_cati_household_data_82.csv,household-round,ln_7,58,1486,1486,1486
uzbekistan,L2CU 2018-2025,data/interim/unpacked/uzbekistan/l2cu_v03/l2cu_cati_household_data_82.csv,household-round,ln_7,59,1484,1484,1484
uzbekistan,L2CU 2018-2025,data/interim/unpacked/uzbekistan/l2cu_v03/l2cu_cati_household_data_82.csv,household-round,ln_7,60,1451,1451,1451
uzbekistan,L2CU 2018-2025,data/interim/unpacked/uzbekistan/l2cu_v03/l2cu_cati_household_data_82.csv,household-round,ln_7,61,1439,1439,1439
uzbekistan,L2CU 2018-2025,data/interim/unpacked/uzbekistan/l2cu_v03/l2cu_cati_household_data_82.csv,household-round,ln_7,62,1429,1429,1429
uzbekistan,L2CU 2018-2025,data/interim/unpacked/uzbekistan/l2cu_v03/l2cu_cati_household_data_82.csv,household-round,ln_7,63,1423,1423,1423
uzbekistan,L2CU 2018-2025,data/interim/unpacked/uzbekistan/l2cu_v03/l2cu_cati_household_data_82.csv,household-round,ln_7,64,1400,1400,1400
uzbekistan,L2CU 2018-2025,data/interim/unpacked/uzbekistan/l2cu_v03/l2cu_cati_household_data_82.csv,household-round,ln_7,65,1383,1383,1383
uzbekistan,L2CU 2018-2025,data/interim/unpacked/uzbekistan/l2cu_v03/l2cu_cati_household_data_82.csv,household-round,ln_7,66,1378,1378,1378
uzbekistan,L2CU 2018-2025,data/interim/unpacked/uzbekistan/l2cu_v03/l2cu_cati_household_data_82.csv,household-round,ln_7,67,1412,1412,1412
uzbekistan,L2CU 2018-2025,data/interim/unpacked/uzbekistan/l2cu_v03/l2cu_cati_household_data_82.csv,household-round,ln_7,68,1406,1406,1406
uzbekistan,L2CU 2018-2025,data/interim/unpacked/uzbekistan/l2cu_v03/l2cu_cati_household_data_82.csv,household-round,ln_7,69,1399,1399,1399
uzbekistan,L2CU 2018-2025,data/interim/unpacked/uzbekistan/l2cu_v03/l2cu_cati_household_data_82.csv,household-round,ln_7,70,1373,1373,1373
uzbekistan,L2CU 2018-2025,data/interim/unpacked/uzbekistan/l2cu_v03/l2cu_cati_household_data_82.csv,household-round,ln_7,71,1357,1357,1357
uzbekistan,L2CU 2018-2025,data/interim/unpacked/uzbekistan/l2cu_v03/l2cu_cati_household_data_82.csv,household-round,ln_7,72,1320,1320,1320
uzbekistan,L2CU 2018-2025,data/interim/unpacked/uzbekistan/l2cu_v03/l2cu_cati_household_data_82.csv,household-round,ln_7,73,1289,1289,1289
uzbekistan,L2CU 2018-2025,data/interim/unpacked/uzbekistan/l2cu_v03/l2cu_cati_household_data_82.csv,household-round,ln_7,74,1278,1278,1278
uzbekistan,L2CU 2018-2025,data/interim/unpacked/uzbekistan/l2cu_v03/l2cu_cati_household_data_82.csv,household-round,ln_7,75,1275,1275,1275
uzbekistan,L2CU 2018-2025,data/interim/unpacked/uzbekistan/l2cu_v03/l2cu_cati_household_data_82.csv,household-round,ln_7,76,1564,1564,1564
uzbekistan,L2CU 2018-2025,data/interim/unpacked/uzbekistan/l2cu_v03/l2cu_cati_household_data_82.csv,household-round,ln_7,77,1538,1538,1538
uzbekistan,L2CU 2018-2025,data/interim/unpacked/uzbekistan/l2cu_v03/l2cu_cati_household_data_82.csv,household-round,ln_7,78,1514,1514,1514
uzbekistan,L2CU 2018-2025,data/interim/unpacked/uzbekistan/l2cu_v03/l2cu_cati_household_data_82.csv,household-round,ln_7,79,1492,1492,1492
uzbekistan,L2CU 2018-2025,data/interim/unpacked/uzbekistan/l2cu_v03/l2cu_cati_household_data_82.csv,household-round,ln_7,80,1478,1478,1478
uzbekistan,L2CU 2018-2025,data/interim/unpacked/uzbekistan/l2cu_v03/l2cu_cati_household_data_82.csv,household-round,ln_7,81,1464,1464,1464
uzbekistan,L2CU 2018-2025,data/interim/unpacked/uzbekistan/l2cu_v03/l2cu_cati_household_data_82.csv,household-round,ln_7,82,1463,1463,1463
uzbekistan,L2CU 2018-2025,data/interim/unpacked/uzbekistan/l2cu_v03/l2cu_cati_household_data_82.csv,household-round,ln_8,1,1504,0,0
uzbekistan,L2CU 2018-2025,data/interim/unpacked/uzbekistan/l2cu_v03/l2cu_cati_household_data_82.csv,household-round,ln_8,2,1507,0,0
uzbekistan,L2CU 2018-2025,data/interim/unpacked/uzbekistan/l2cu_v03/l2cu_cati_household_data_82.csv,household-round,ln_8,3,1520,0,0
uzbekistan,L2CU 2018-2025,data/interim/unpacked/uzbekistan/l2cu_v03/l2cu_cati_household_data_82.csv,household-round,ln_8,4,1520,0,0
uzbekistan,L2CU 2018-2025,data/interim/unpacked/uzbekistan/l2cu_v03/l2cu_cati_household_data_82.csv,household-round,ln_8,5,1524,0,0
uzbekistan,L2CU 2018-2025,data/interim/unpacked/uzbekistan/l2cu_v03/l2cu_cati_household_data_82.csv,household-round,ln_8,6,1524,0,0
uzbekistan,L2CU 2018-2025,data/interim/unpacked/uzbekistan/l2cu_v03/l2cu_cati_household_data_82.csv,household-round,ln_8,7,1524,0,0
uzbekistan,L2CU 2018-2025,data/interim/unpacked/uzbekistan/l2cu_v03/l2cu_cati_household_data_82.csv,household-round,ln_8,8,1523,0,0
uzbekistan,L2CU 2018-2025,data/interim/unpacked/uzbekistan/l2cu_v03/l2cu_cati_household_data_82.csv,household-round,ln_8,9,1522,0,0
uzbekistan,L2CU 2018-2025,data/interim/unpacked/uzbekistan/l2cu_v03/l2cu_cati_household_data_82.csv,household-round,ln_8,10,1525,0,0
uzbekistan,L2CU 2018-2025,data/interim/unpacked/uzbekistan/l2cu_v03/l2cu_cati_household_data_82.csv,household-round,ln_8,11,1523,0,0
uzbekistan,L2CU 2018-2025,data/interim/unpacked/uzbekistan/l2cu_v03/l2cu_cati_household_data_82.csv,household-round,ln_8,12,1521,0,0
uzbekistan,L2CU 2018-2025,data/interim/unpacked/uzbekistan/l2cu_v03/l2cu_cati_household_data_82.csv,household-round,ln_8,13,1507,0,0
uzbekistan,L2CU 2018-2025,data/interim/unpacked/uzbekistan/l2cu_v03/l2cu_cati_household_data_82.csv,household-round,ln_8,14,1519,0,0
uzbekistan,L2CU 2018-2025,data/interim/unpacked/uzbekistan/l2cu_v03/l2cu_cati_household_data_82.csv,household-round,ln_8,15,1523,0,0
uzbekistan,L2CU 2018-2025,data/interim/unpacked/uzbekistan/l2cu_v03/l2cu_cati_household_data_82.csv,household-round,ln_8,16,1521,0,0
uzbekistan,L2CU 2018-2025,data/interim/unpacked/uzbekistan/l2cu_v03/l2cu_cati_household_data_82.csv,household-round,ln_8,17,1521,0,0
uzbekistan,L2CU 2018-2025,data/interim/unpacked/uzbekistan/l2cu_v03/l2cu_cati_household_data_82.csv,household-round,ln_8,18,1522,0,0
uzbekistan,L2CU 2018-2025,data/interim/unpacked/uzbekistan/l2cu_v03/l2cu_cati_household_data_82.csv,household-round,ln_8,19,1522,0,0
uzbekistan,L2CU 2018-2025,data/interim/unpacked/uzbekistan/l2cu_v03/l2cu_cati_household_data_82.csv,household-round,ln_8,20,1521,0,0
uzbekistan,L2CU 2018-2025,data/interim/unpacked/uzbekistan/l2cu_v03/l2cu_cati_household_data_82.csv,household-round,ln_8,21,1521,0,0
uzbekistan,L2CU 2018-2025,data/interim/unpacked/uzbekistan/l2cu_v03/l2cu_cati_household_data_82.csv,household-round,ln_8,22,1520,0,0
uzbekistan,L2CU 2018-2025,data/interim/unpacked/uzbekistan/l2cu_v03/l2cu_cati_household_data_82.csv,household-round,ln_8,23,1517,0,0
uzbekistan,L2CU 2018-2025,data/interim/unpacked/uzbekistan/l2cu_v03/l2cu_cati_household_data_82.csv,household-round,ln_8,24,1516,0,0
uzbekistan,L2CU 2018-2025,data/interim/unpacked/uzbekistan/l2cu_v03/l2cu_cati_household_data_82.csv,household-round,ln_8,25,1516,0,0
uzbekistan,L2CU 2018-2025,data/interim/unpacked/uzbekistan/l2cu_v03/l2cu_cati_household_data_82.csv,household-round,ln_8,26,1514,0,0
uzbekistan,L2CU 2018-2025,data/interim/unpacked/uzbekistan/l2cu_v03/l2cu_cati_household_data_82.csv,household-round,ln_8,27,1514,0,0
uzbekistan,L2CU 2018-2025,data/interim/unpacked/uzbekistan/l2cu_v03/l2cu_cati_household_data_82.csv,household-round,ln_8,28,1513,0,0
uzbekistan,L2CU 2018-2025,data/interim/unpacked/uzbekistan/l2cu_v03/l2cu_cati_household_data_82.csv,household-round,ln_8,29,1512,0,0
uzbekistan,L2CU 2018-2025,data/interim/unpacked/uzbekistan/l2cu_v03/l2cu_cati_household_data_82.csv,household-round,ln_8,30,1510,0,0
uzbekistan,L2CU 2018-2025,data/interim/unpacked/uzbekistan/l2cu_v03/l2cu_cati_household_data_82.csv,household-round,ln_8,31,1512,0,0
uzbekistan,L2CU 2018-2025,data/interim/unpacked/uzbekistan/l2cu_v03/l2cu_cati_household_data_82.csv,household-round,ln_8,32,1511,0,0
uzbekistan,L2CU 2018-2025,data/interim/unpacked/uzbekistan/l2cu_v03/l2cu_cati_household_data_82.csv,household-round,ln_8,33,1511,0,0
uzbekistan,L2CU 2018-2025,data/interim/unpacked/uzbekistan/l2cu_v03/l2cu_cati_household_data_82.csv,household-round,ln_8,34,1511,0,0
uzbekistan,L2CU 2018-2025,data/interim/unpacked/uzbekistan/l2cu_v03/l2cu_cati_household_data_82.csv,household-round,ln_8,35,1511,0,0
uzbekistan,L2CU 2018-2025,data/interim/unpacked/uzbekistan/l2cu_v03/l2cu_cati_household_data_82.csv,household-round,ln_8,36,1511,0,0
uzbekistan,L2CU 2018-2025,data/interim/unpacked/uzbekistan/l2cu_v03/l2cu_cati_household_data_82.csv,household-round,ln_8,37,1510,0,0
uzbekistan,L2CU 2018-2025,data/interim/unpacked/uzbekistan/l2cu_v03/l2cu_cati_household_data_82.csv,household-round,ln_8,38,1509,0,0
uzbekistan,L2CU 2018-2025,data/interim/unpacked/uzbekistan/l2cu_v03/l2cu_cati_household_data_82.csv,household-round,ln_8,39,1508,0,0
uzbekistan,L2CU 2018-2025,data/interim/unpacked/uzbekistan/l2cu_v03/l2cu_cati_household_data_82.csv,household-round,ln_8,40,1507,0,0
uzbekistan,L2CU 2018-2025,data/interim/unpacked/uzbekistan/l2cu_v03/l2cu_cati_household_data_82.csv,household-round,ln_8,41,1505,0,0
uzbekistan,L2CU 2018-2025,data/interim/unpacked/uzbekistan/l2cu_v03/l2cu_cati_household_data_82.csv,household-round,ln_8,42,1507,0,0
uzbekistan,L2CU 2018-2025,data/interim/unpacked/uzbekistan/l2cu_v03/l2cu_cati_household_data_82.csv,household-round,ln_8,43,1508,0,0
uzbekistan,L2CU 2018-2025,data/interim/unpacked/uzbekistan/l2cu_v03/l2cu_cati_household_data_82.csv,household-round,ln_8,44,1508,0,0
uzbekistan,L2CU 2018-2025,data/interim/unpacked/uzbekistan/l2cu_v03/l2cu_cati_household_data_82.csv,household-round,ln_8,45,1508,0,0
uzbekistan,L2CU 2018-2025,data/interim/unpacked/uzbekistan/l2cu_v03/l2cu_cati_household_data_82.csv,household-round,ln_8,46,1507,0,0
uzbekistan,L2CU 2018-2025,data/interim/unpacked/uzbekistan/l2cu_v03/l2cu_cati_household_data_82.csv,household-round,ln_8,47,1504,0,0
uzbekistan,L2CU 2018-2025,data/interim/unpacked/uzbekistan/l2cu_v03/l2cu_cati_household_data_82.csv,household-round,ln_8,48,1499,0,0
uzbekistan,L2CU 2018-2025,data/interim/unpacked/uzbekistan/l2cu_v03/l2cu_cati_household_data_82.csv,household-round,ln_8,49,1498,1498,1498
uzbekistan,L2CU 2018-2025,data/interim/unpacked/uzbekistan/l2cu_v03/l2cu_cati_household_data_82.csv,household-round,ln_8,50,1495,1495,1495
uzbekistan,L2CU 2018-2025,data/interim/unpacked/uzbekistan/l2cu_v03/l2cu_cati_household_data_82.csv,household-round,ln_8,51,1494,1494,1494
uzbekistan,L2CU 2018-2025,data/interim/unpacked/uzbekistan/l2cu_v03/l2cu_cati_household_data_82.csv,household-round,ln_8,52,1494,1494,1494
uzbekistan,L2CU 2018-2025,data/interim/unpacked/uzbekistan/l2cu_v03/l2cu_cati_household_data_82.csv,household-round,ln_8,53,1491,1491,1491
uzbekistan,L2CU 2018-2025,data/interim/unpacked/uzbekistan/l2cu_v03/l2cu_cati_household_data_82.csv,household-round,ln_8,54,1491,1491,1491
uzbekistan,L2CU 2018-2025,data/interim/unpacked/uzbekistan/l2cu_v03/l2cu_cati_household_data_82.csv,household-round,ln_8,55,1490,1490,1490
uzbekistan,L2CU 2018-2025,data/interim/unpacked/uzbekistan/l2cu_v03/l2cu_cati_household_data_82.csv,household-round,ln_8,56,1489,1489,1489
uzbekistan,L2CU 2018-2025,data/interim/unpacked/uzbekistan/l2cu_v03/l2cu_cati_household_data_82.csv,household-round,ln_8,57,1488,1488,1488
uzbekistan,L2CU 2018-2025,data/interim/unpacked/uzbekistan/l2cu_v03/l2cu_cati_household_data_82.csv,household-round,ln_8,58,1486,1486,1486
uzbekistan,L2CU 2018-2025,data/interim/unpacked/uzbekistan/l2cu_v03/l2cu_cati_household_data_82.csv,household-round,ln_8,59,1484,1484,1484
uzbekistan,L2CU 2018-2025,data/interim/unpacked/uzbekistan/l2cu_v03/l2cu_cati_household_data_82.csv,household-round,ln_8,60,1451,1451,1451
uzbekistan,L2CU 2018-2025,data/interim/unpacked/uzbekistan/l2cu_v03/l2cu_cati_household_data_82.csv,household-round,ln_8,61,1439,1439,1439
uzbekistan,L2CU 2018-2025,data/interim/unpacked/uzbekistan/l2cu_v03/l2cu_cati_household_data_82.csv,household-round,ln_8,62,1429,1429,1429
uzbekistan,L2CU 2018-2025,data/interim/unpacked/uzbekistan/l2cu_v03/l2cu_cati_household_data_82.csv,household-round,ln_8,63,1423,1423,1423
uzbekistan,L2CU 2018-2025,data/interim/unpacked/uzbekistan/l2cu_v03/l2cu_cati_household_data_82.csv,household-round,ln_8,64,1400,1400,1400
uzbekistan,L2CU 2018-2025,data/interim/unpacked/uzbekistan/l2cu_v03/l2cu_cati_household_data_82.csv,household-round,ln_8,65,1383,1383,1383
uzbekistan,L2CU 2018-2025,data/interim/unpacked/uzbekistan/l2cu_v03/l2cu_cati_household_data_82.csv,household-round,ln_8,66,1378,1378,1378
uzbekistan,L2CU 2018-2025,data/interim/unpacked/uzbekistan/l2cu_v03/l2cu_cati_household_data_82.csv,household-round,ln_8,67,1412,1412,1412
uzbekistan,L2CU 2018-2025,data/interim/unpacked/uzbekistan/l2cu_v03/l2cu_cati_household_data_82.csv,household-round,ln_8,68,1406,1406,1406
uzbekistan,L2CU 2018-2025,data/interim/unpacked/uzbekistan/l2cu_v03/l2cu_cati_household_data_82.csv,household-round,ln_8,69,1399,1399,1399
uzbekistan,L2CU 2018-2025,data/interim/unpacked/uzbekistan/l2cu_v03/l2cu_cati_household_data_82.csv,household-round,ln_8,70,1373,1373,1373
uzbekistan,L2CU 2018-2025,data/interim/unpacked/uzbekistan/l2cu_v03/l2cu_cati_household_data_82.csv,household-round,ln_8,71,1357,1357,1357
uzbekistan,L2CU 2018-2025,data/interim/unpacked/uzbekistan/l2cu_v03/l2cu_cati_household_data_82.csv,household-round,ln_8,72,1320,1320,1320
uzbekistan,L2CU 2018-2025,data/interim/unpacked/uzbekistan/l2cu_v03/l2cu_cati_household_data_82.csv,household-round,ln_8,73,1289,1289,1289
uzbekistan,L2CU 2018-2025,data/interim/unpacked/uzbekistan/l2cu_v03/l2cu_cati_household_data_82.csv,household-round,ln_8,74,1278,1278,1278
uzbekistan,L2CU 2018-2025,data/interim/unpacked/uzbekistan/l2cu_v03/l2cu_cati_household_data_82.csv,household-round,ln_8,75,1275,1275,1275
uzbekistan,L2CU 2018-2025,data/interim/unpacked/uzbekistan/l2cu_v03/l2cu_cati_household_data_82.csv,household-round,ln_8,76,1564,1564,1564
uzbekistan,L2CU 2018-2025,data/interim/unpacked/uzbekistan/l2cu_v03/l2cu_cati_household_data_82.csv,household-round,ln_8,77,1538,1538,1538
uzbekistan,L2CU 2018-2025,data/interim/unpacked/uzbekistan/l2cu_v03/l2cu_cati_household_data_82.csv,household-round,ln_8,78,1514,1514,1514
uzbekistan,L2CU 2018-2025,data/interim/unpacked/uzbekistan/l2cu_v03/l2cu_cati_household_data_82.csv,household-round,ln_8,79,1492,1492,1492
uzbekistan,L2CU 2018-2025,data/interim/unpacked/uzbekistan/l2cu_v03/l2cu_cati_household_data_82.csv,household-round,ln_8,80,1478,1478,1478
uzbekistan,L2CU 2018-2025,data/interim/unpacked/uzbekistan/l2cu_v03/l2cu_cati_household_data_82.csv,household-round,ln_8,81,1464,1464,1464
uzbekistan,L2CU 2018-2025,data/interim/unpacked/uzbekistan/l2cu_v03/l2cu_cati_household_data_82.csv,household-round,ln_8,82,1463,1463,1463
uzbekistan,L2CU 2018-2025,data/interim/unpacked/uzbekistan/l2cu_v03/l2cu_cati_individual_data_82.csv,individual/migrant roster,round,1,7792,7792,7792
uzbekistan,L2CU 2018-2025,data/interim/unpacked/uzbekistan/l2cu_v03/l2cu_cati_individual_data_82.csv,individual/migrant roster,round,2,7919,7919,7919
uzbekistan,L2CU 2018-2025,data/interim/unpacked/uzbekistan/l2cu_v03/l2cu_cati_individual_data_82.csv,individual/migrant roster,round,3,7988,7988,7988
uzbekistan,L2CU 2018-2025,data/interim/unpacked/uzbekistan/l2cu_v03/l2cu_cati_individual_data_82.csv,individual/migrant roster,round,4,7990,7990,7990
uzbekistan,L2CU 2018-2025,data/interim/unpacked/uzbekistan/l2cu_v03/l2cu_cati_individual_data_82.csv,individual/migrant roster,round,5,7959,7959,7959
uzbekistan,L2CU 2018-2025,data/interim/unpacked/uzbekistan/l2cu_v03/l2cu_cati_individual_data_82.csv,individual/migrant roster,round,6,7976,7976,7976
uzbekistan,L2CU 2018-2025,data/interim/unpacked/uzbekistan/l2cu_v03/l2cu_cati_individual_data_82.csv,individual/migrant roster,round,7,7967,7967,7967
uzbekistan,L2CU 2018-2025,data/interim/unpacked/uzbekistan/l2cu_v03/l2cu_cati_individual_data_82.csv,individual/migrant roster,round,8,7981,7981,7981
uzbekistan,L2CU 2018-2025,data/interim/unpacked/uzbekistan/l2cu_v03/l2cu_cati_individual_data_82.csv,individual/migrant roster,round,9,7957,7957,7957
uzbekistan,L2CU 2018-2025,data/interim/unpacked/uzbekistan/l2cu_v03/l2cu_cati_individual_data_82.csv,individual/migrant roster,round,10,7995,7995,7995
uzbekistan,L2CU 2018-2025,data/interim/unpacked/uzbekistan/l2cu_v03/l2cu_cati_individual_data_82.csv,individual/migrant roster,round,11,7986,7986,7986
uzbekistan,L2CU 2018-2025,data/interim/unpacked/uzbekistan/l2cu_v03/l2cu_cati_individual_data_82.csv,individual/migrant roster,round,12,7986,7986,7986
uzbekistan,L2CU 2018-2025,data/interim/unpacked/uzbekistan/l2cu_v03/l2cu_cati_individual_data_82.csv,individual/migrant roster,round,13,7931,7931,7931
uzbekistan,L2CU 2018-2025,data/interim/unpacked/uzbekistan/l2cu_v03/l2cu_cati_individual_data_82.csv,individual/migrant roster,round,14,7987,7987,7987
uzbekistan,L2CU 2018-2025,data/interim/unpacked/uzbekistan/l2cu_v03/l2cu_cati_individual_data_82.csv,individual/migrant roster,round,15,8015,8015,8015
uzbekistan,L2CU 2018-2025,data/interim/unpacked/uzbekistan/l2cu_v03/l2cu_cati_individual_data_82.csv,individual/migrant roster,round,16,8010,8010,8010
uzbekistan,L2CU 2018-2025,data/interim/unpacked/uzbekistan/l2cu_v03/l2cu_cati_individual_data_82.csv,individual/migrant roster,round,17,8013,8013,8013
uzbekistan,L2CU 2018-2025,data/interim/unpacked/uzbekistan/l2cu_v03/l2cu_cati_individual_data_82.csv,individual/migrant roster,round,18,8003,8003,8003
uzbekistan,L2CU 2018-2025,data/interim/unpacked/uzbekistan/l2cu_v03/l2cu_cati_individual_data_82.csv,individual/migrant roster,round,19,7988,7988,7988
uzbekistan,L2CU 2018-2025,data/interim/unpacked/uzbekistan/l2cu_v03/l2cu_cati_individual_data_82.csv,individual/migrant roster,round,20,7980,7980,7980
uzbekistan,L2CU 2018-2025,data/interim/unpacked/uzbekistan/l2cu_v03/l2cu_cati_individual_data_82.csv,individual/migrant roster,round,21,7977,7977,7977
uzbekistan,L2CU 2018-2025,data/interim/unpacked/uzbekistan/l2cu_v03/l2cu_cati_individual_data_82.csv,individual/migrant roster,round,22,7968,7968,7968
uzbekistan,L2CU 2018-2025,data/interim/unpacked/uzbekistan/l2cu_v03/l2cu_cati_individual_data_82.csv,individual/migrant roster,round,23,7979,7979,7979
uzbekistan,L2CU 2018-2025,data/interim/unpacked/uzbekistan/l2cu_v03/l2cu_cati_individual_data_82.csv,individual/migrant roster,round,24,7989,7989,7989
uzbekistan,L2CU 2018-2025,data/interim/unpacked/uzbekistan/l2cu_v03/l2cu_cati_individual_data_82.csv,individual/migrant roster,round,25,8003,8003,8003
uzbekistan,L2CU 2018-2025,data/interim/unpacked/uzbekistan/l2cu_v03/l2cu_cati_individual_data_82.csv,individual/migrant roster,round,26,8023,8023,8023
uzbekistan,L2CU 2018-2025,data/interim/unpacked/uzbekistan/l2cu_v03/l2cu_cati_individual_data_82.csv,individual/migrant roster,round,27,7944,7944,7944
uzbekistan,L2CU 2018-2025,data/interim/unpacked/uzbekistan/l2cu_v03/l2cu_cati_individual_data_82.csv,individual/migrant roster,round,28,7887,7887,7887
uzbekistan,L2CU 2018-2025,data/interim/unpacked/uzbekistan/l2cu_v03/l2cu_cati_individual_data_82.csv,individual/migrant roster,round,29,7866,7866,7866
uzbekistan,L2CU 2018-2025,data/interim/unpacked/uzbekistan/l2cu_v03/l2cu_cati_individual_data_82.csv,individual/migrant roster,round,30,7862,7862,7862
uzbekistan,L2CU 2018-2025,data/interim/unpacked/uzbekistan/l2cu_v03/l2cu_cati_individual_data_82.csv,individual/migrant roster,round,31,7853,7853,7853
uzbekistan,L2CU 2018-2025,data/interim/unpacked/uzbekistan/l2cu_v03/l2cu_cati_individual_data_82.csv,individual/migrant roster,round,32,7824,7824,7824
uzbekistan,L2CU 2018-2025,data/interim/unpacked/uzbekistan/l2cu_v03/l2cu_cati_individual_data_82.csv,individual/migrant roster,round,33,7821,7821,7821
uzbekistan,L2CU 2018-2025,data/interim/unpacked/uzbekistan/l2cu_v03/l2cu_cati_individual_data_82.csv,individual/migrant roster,round,34,7831,7831,7831
uzbekistan,L2CU 2018-2025,data/interim/unpacked/uzbekistan/l2cu_v03/l2cu_cati_individual_data_82.csv,individual/migrant roster,round,35,7835,7835,7835
uzbekistan,L2CU 2018-2025,data/interim/unpacked/uzbekistan/l2cu_v03/l2cu_cati_individual_data_82.csv,individual/migrant roster,round,36,7832,7832,7832
uzbekistan,L2CU 2018-2025,data/interim/unpacked/uzbekistan/l2cu_v03/l2cu_cati_individual_data_82.csv,individual/migrant roster,round,37,7827,7827,7827
uzbekistan,L2CU 2018-2025,data/interim/unpacked/uzbekistan/l2cu_v03/l2cu_cati_individual_data_82.csv,individual/migrant roster,round,38,7808,7808,7808
uzbekistan,L2CU 2018-2025,data/interim/unpacked/uzbekistan/l2cu_v03/l2cu_cati_individual_data_82.csv,individual/migrant roster,round,39,7800,7800,7800
uzbekistan,L2CU 2018-2025,data/interim/unpacked/uzbekistan/l2cu_v03/l2cu_cati_individual_data_82.csv,individual/migrant roster,round,40,7813,7813,7813
uzbekistan,L2CU 2018-2025,data/interim/unpacked/uzbekistan/l2cu_v03/l2cu_cati_individual_data_82.csv,individual/migrant roster,round,41,7802,7802,7802
uzbekistan,L2CU 2018-2025,data/interim/unpacked/uzbekistan/l2cu_v03/l2cu_cati_individual_data_82.csv,individual/migrant roster,round,42,7826,7826,7826
uzbekistan,L2CU 2018-2025,data/interim/unpacked/uzbekistan/l2cu_v03/l2cu_cati_individual_data_82.csv,individual/migrant roster,round,43,7833,7833,7833
uzbekistan,L2CU 2018-2025,data/interim/unpacked/uzbekistan/l2cu_v03/l2cu_cati_individual_data_82.csv,individual/migrant roster,round,44,7821,7821,7821
uzbekistan,L2CU 2018-2025,data/interim/unpacked/uzbekistan/l2cu_v03/l2cu_cati_individual_data_82.csv,individual/migrant roster,round,45,7813,7813,7813
uzbekistan,L2CU 2018-2025,data/interim/unpacked/uzbekistan/l2cu_v03/l2cu_cati_individual_data_82.csv,individual/migrant roster,round,46,7791,7791,7791
uzbekistan,L2CU 2018-2025,data/interim/unpacked/uzbekistan/l2cu_v03/l2cu_cati_individual_data_82.csv,individual/migrant roster,round,47,7783,7783,7783
uzbekistan,L2CU 2018-2025,data/interim/unpacked/uzbekistan/l2cu_v03/l2cu_cati_individual_data_82.csv,individual/migrant roster,round,48,7811,7811,7811
uzbekistan,L2CU 2018-2025,data/interim/unpacked/uzbekistan/l2cu_v03/l2cu_cati_individual_data_82.csv,individual/migrant roster,round,49,7818,7818,7818
uzbekistan,L2CU 2018-2025,data/interim/unpacked/uzbekistan/l2cu_v03/l2cu_cati_individual_data_82.csv,individual/migrant roster,round,50,7834,7834,7834
uzbekistan,L2CU 2018-2025,data/interim/unpacked/uzbekistan/l2cu_v03/l2cu_cati_individual_data_82.csv,individual/migrant roster,round,51,7841,7841,7841
uzbekistan,L2CU 2018-2025,data/interim/unpacked/uzbekistan/l2cu_v03/l2cu_cati_individual_data_82.csv,individual/migrant roster,round,52,7821,7821,7821
uzbekistan,L2CU 2018-2025,data/interim/unpacked/uzbekistan/l2cu_v03/l2cu_cati_individual_data_82.csv,individual/migrant roster,round,53,7788,7788,7788
uzbekistan,L2CU 2018-2025,data/interim/unpacked/uzbekistan/l2cu_v03/l2cu_cati_individual_data_82.csv,individual/migrant roster,round,54,7799,7799,7799
uzbekistan,L2CU 2018-2025,data/interim/unpacked/uzbekistan/l2cu_v03/l2cu_cati_individual_data_82.csv,individual/migrant roster,round,55,7776,7776,7776
uzbekistan,L2CU 2018-2025,data/interim/unpacked/uzbekistan/l2cu_v03/l2cu_cati_individual_data_82.csv,individual/migrant roster,round,56,7757,7757,7757
uzbekistan,L2CU 2018-2025,data/interim/unpacked/uzbekistan/l2cu_v03/l2cu_cati_individual_data_82.csv,individual/migrant roster,round,57,7733,7733,7733
uzbekistan,L2CU 2018-2025,data/interim/unpacked/uzbekistan/l2cu_v03/l2cu_cati_individual_data_82.csv,individual/migrant roster,round,58,7735,7735,7735
uzbekistan,L2CU 2018-2025,data/interim/unpacked/uzbekistan/l2cu_v03/l2cu_cati_individual_data_82.csv,individual/migrant roster,round,59,7851,7851,7851
uzbekistan,L2CU 2018-2025,data/interim/unpacked/uzbekistan/l2cu_v03/l2cu_cati_individual_data_82.csv,individual/migrant roster,round,60,7401,7401,7401
uzbekistan,L2CU 2018-2025,data/interim/unpacked/uzbekistan/l2cu_v03/l2cu_cati_individual_data_82.csv,individual/migrant roster,round,61,7399,7399,7399
uzbekistan,L2CU 2018-2025,data/interim/unpacked/uzbekistan/l2cu_v03/l2cu_cati_individual_data_82.csv,individual/migrant roster,round,62,7361,7361,7361
uzbekistan,L2CU 2018-2025,data/interim/unpacked/uzbekistan/l2cu_v03/l2cu_cati_individual_data_82.csv,individual/migrant roster,round,63,7348,7348,7348
uzbekistan,L2CU 2018-2025,data/interim/unpacked/uzbekistan/l2cu_v03/l2cu_cati_individual_data_82.csv,individual/migrant roster,round,64,7248,7248,7248
uzbekistan,L2CU 2018-2025,data/interim/unpacked/uzbekistan/l2cu_v03/l2cu_cati_individual_data_82.csv,individual/migrant roster,round,65,7168,7168,7168
uzbekistan,L2CU 2018-2025,data/interim/unpacked/uzbekistan/l2cu_v03/l2cu_cati_individual_data_82.csv,individual/migrant roster,round,66,7124,7124,7124
uzbekistan,L2CU 2018-2025,data/interim/unpacked/uzbekistan/l2cu_v03/l2cu_cati_individual_data_82.csv,individual/migrant roster,round,67,7295,7295,7295
uzbekistan,L2CU 2018-2025,data/interim/unpacked/uzbekistan/l2cu_v03/l2cu_cati_individual_data_82.csv,individual/migrant roster,round,68,7266,7266,7266
uzbekistan,L2CU 2018-2025,data/interim/unpacked/uzbekistan/l2cu_v03/l2cu_cati_individual_data_82.csv,individual/migrant roster,round,69,7217,7217,7217
uzbekistan,L2CU 2018-2025,data/interim/unpacked/uzbekistan/l2cu_v03/l2cu_cati_individual_data_82.csv,individual/migrant roster,round,70,7113,7113,7113
uzbekistan,L2CU 2018-2025,data/interim/unpacked/uzbekistan/l2cu_v03/l2cu_cati_individual_data_82.csv,individual/migrant roster,round,71,7028,7028,7028
uzbekistan,L2CU 2018-2025,data/interim/unpacked/uzbekistan/l2cu_v03/l2cu_cati_individual_data_82.csv,individual/migrant roster,round,72,6859,6859,6859
uzbekistan,L2CU 2018-2025,data/interim/unpacked/uzbekistan/l2cu_v03/l2cu_cati_individual_data_82.csv,individual/migrant roster,round,73,6751,6751,6751
uzbekistan,L2CU 2018-2025,data/interim/unpacked/uzbekistan/l2cu_v03/l2cu_cati_individual_data_82.csv,individual/migrant roster,round,74,6690,6690,6690
uzbekistan,L2CU 2018-2025,data/interim/unpacked/uzbekistan/l2cu_v03/l2cu_cati_individual_data_82.csv,individual/migrant roster,round,75,6678,6678,6678
uzbekistan,L2CU 2018-2025,data/interim/unpacked/uzbekistan/l2cu_v03/l2cu_cati_individual_data_82.csv,individual/migrant roster,round,76,8340,8340,8340
uzbekistan,L2CU 2018-2025,data/interim/unpacked/uzbekistan/l2cu_v03/l2cu_cati_individual_data_82.csv,individual/migrant roster,round,77,8121,8121,8121
uzbekistan,L2CU 2018-2025,data/interim/unpacked/uzbekistan/l2cu_v03/l2cu_cati_individual_data_82.csv,individual/migrant roster,round,78,8012,8012,8012
uzbekistan,L2CU 2018-2025,data/interim/unpacked/uzbekistan/l2cu_v03/l2cu_cati_individual_data_82.csv,individual/migrant roster,round,79,7891,7891,7891
uzbekistan,L2CU 2018-2025,data/interim/unpacked/uzbekistan/l2cu_v03/l2cu_cati_individual_data_82.csv,individual/migrant roster,round,80,7868,7868,7868
uzbekistan,L2CU 2018-2025,data/interim/unpacked/uzbekistan/l2cu_v03/l2cu_cati_individual_data_82.csv,individual/migrant roster,round,81,7795,7795,7795
uzbekistan,L2CU 2018-2025,data/interim/unpacked/uzbekistan/l2cu_v03/l2cu_cati_individual_data_82.csv,individual/migrant roster,round,82,7779,7779,7779
uzbekistan,L2CU 2018-2025,data/interim/unpacked/uzbekistan/l2cu_v03/l2cu_cati_individual_data_82.csv,individual/migrant roster,hhid,1,7792,7792,7792
uzbekistan,L2CU 2018-2025,data/interim/unpacked/uzbekistan/l2cu_v03/l2cu_cati_individual_data_82.csv,individual/migrant roster,hhid,2,7919,7919,7919
uzbekistan,L2CU 2018-2025,data/interim/unpacked/uzbekistan/l2cu_v03/l2cu_cati_individual_data_82.csv,individual/migrant roster,hhid,3,7988,7988,7988
uzbekistan,L2CU 2018-2025,data/interim/unpacked/uzbekistan/l2cu_v03/l2cu_cati_individual_data_82.csv,individual/migrant roster,hhid,4,7990,7990,7990
uzbekistan,L2CU 2018-2025,data/interim/unpacked/uzbekistan/l2cu_v03/l2cu_cati_individual_data_82.csv,individual/migrant roster,hhid,5,7959,7959,7959
uzbekistan,L2CU 2018-2025,data/interim/unpacked/uzbekistan/l2cu_v03/l2cu_cati_individual_data_82.csv,individual/migrant roster,hhid,6,7976,7976,7976
uzbekistan,L2CU 2018-2025,data/interim/unpacked/uzbekistan/l2cu_v03/l2cu_cati_individual_data_82.csv,individual/migrant roster,hhid,7,7967,7967,7967
uzbekistan,L2CU 2018-2025,data/interim/unpacked/uzbekistan/l2cu_v03/l2cu_cati_individual_data_82.csv,individual/migrant roster,hhid,8,7981,7981,7981
uzbekistan,L2CU 2018-2025,data/interim/unpacked/uzbekistan/l2cu_v03/l2cu_cati_individual_data_82.csv,individual/migrant roster,hhid,9,7957,7957,7957
uzbekistan,L2CU 2018-2025,data/interim/unpacked/uzbekistan/l2cu_v03/l2cu_cati_individual_data_82.csv,individual/migrant roster,hhid,10,7995,7995,7995
uzbekistan,L2CU 2018-2025,data/interim/unpacked/uzbekistan/l2cu_v03/l2cu_cati_individual_data_82.csv,individual/migrant roster,hhid,11,7986,7986,7986
uzbekistan,L2CU 2018-2025,data/interim/unpacked/uzbekistan/l2cu_v03/l2cu_cati_individual_data_82.csv,individual/migrant roster,hhid,12,7986,7986,7986
uzbekistan,L2CU 2018-2025,data/interim/unpacked/uzbekistan/l2cu_v03/l2cu_cati_individual_data_82.csv,individual/migrant roster,hhid,13,7931,7931,7931
uzbekistan,L2CU 2018-2025,data/interim/unpacked/uzbekistan/l2cu_v03/l2cu_cati_individual_data_82.csv,individual/migrant roster,hhid,14,7987,7987,7987
uzbekistan,L2CU 2018-2025,data/interim/unpacked/uzbekistan/l2cu_v03/l2cu_cati_individual_data_82.csv,individual/migrant roster,hhid,15,8015,8015,8015
uzbekistan,L2CU 2018-2025,data/interim/unpacked/uzbekistan/l2cu_v03/l2cu_cati_individual_data_82.csv,individual/migrant roster,hhid,16,8010,8010,8010
uzbekistan,L2CU 2018-2025,data/interim/unpacked/uzbekistan/l2cu_v03/l2cu_cati_individual_data_82.csv,individual/migrant roster,hhid,17,8013,8013,8013
uzbekistan,L2CU 2018-2025,data/interim/unpacked/uzbekistan/l2cu_v03/l2cu_cati_individual_data_82.csv,individual/migrant roster,hhid,18,8003,8003,8003
uzbekistan,L2CU 2018-2025,data/interim/unpacked/uzbekistan/l2cu_v03/l2cu_cati_individual_data_82.csv,individual/migrant roster,hhid,19,7988,7988,7988
uzbekistan,L2CU 2018-2025,data/interim/unpacked/uzbekistan/l2cu_v03/l2cu_cati_individual_data_82.csv,individual/migrant roster,hhid,20,7980,7980,7980
uzbekistan,L2CU 2018-2025,data/interim/unpacked/uzbekistan/l2cu_v03/l2cu_cati_individual_data_82.csv,individual/migrant roster,hhid,21,7977,7977,7977
uzbekistan,L2CU 2018-2025,data/interim/unpacked/uzbekistan/l2cu_v03/l2cu_cati_individual_data_82.csv,individual/migrant roster,hhid,22,7968,7968,7968
uzbekistan,L2CU 2018-2025,data/interim/unpacked/uzbekistan/l2cu_v03/l2cu_cati_individual_data_82.csv,individual/migrant roster,hhid,23,7979,7979,7979
uzbekistan,L2CU 2018-2025,data/interim/unpacked/uzbekistan/l2cu_v03/l2cu_cati_individual_data_82.csv,individual/migrant roster,hhid,24,7989,7989,7989
uzbekistan,L2CU 2018-2025,data/interim/unpacked/uzbekistan/l2cu_v03/l2cu_cati_individual_data_82.csv,individual/migrant roster,hhid,25,8003,8003,8003
uzbekistan,L2CU 2018-2025,data/interim/unpacked/uzbekistan/l2cu_v03/l2cu_cati_individual_data_82.csv,individual/migrant roster,hhid,26,8023,8023,8023
uzbekistan,L2CU 2018-2025,data/interim/unpacked/uzbekistan/l2cu_v03/l2cu_cati_individual_data_82.csv,individual/migrant roster,hhid,27,7944,7944,7944
uzbekistan,L2CU 2018-2025,data/interim/unpacked/uzbekistan/l2cu_v03/l2cu_cati_individual_data_82.csv,individual/migrant roster,hhid,28,7887,7887,7887
uzbekistan,L2CU 2018-2025,data/interim/unpacked/uzbekistan/l2cu_v03/l2cu_cati_individual_data_82.csv,individual/migrant roster,hhid,29,7866,7866,7866
uzbekistan,L2CU 2018-2025,data/interim/unpacked/uzbekistan/l2cu_v03/l2cu_cati_individual_data_82.csv,individual/migrant roster,hhid,30,7862,7862,7862
uzbekistan,L2CU 2018-2025,data/interim/unpacked/uzbekistan/l2cu_v03/l2cu_cati_individual_data_82.csv,individual/migrant roster,hhid,31,7853,7853,7853
uzbekistan,L2CU 2018-2025,data/interim/unpacked/uzbekistan/l2cu_v03/l2cu_cati_individual_data_82.csv,individual/migrant roster,hhid,32,7824,7824,7824
uzbekistan,L2CU 2018-2025,data/interim/unpacked/uzbekistan/l2cu_v03/l2cu_cati_individual_data_82.csv,individual/migrant roster,hhid,33,7821,7821,7821
uzbekistan,L2CU 2018-2025,data/interim/unpacked/uzbekistan/l2cu_v03/l2cu_cati_individual_data_82.csv,individual/migrant roster,hhid,34,7831,7831,7831
uzbekistan,L2CU 2018-2025,data/interim/unpacked/uzbekistan/l2cu_v03/l2cu_cati_individual_data_82.csv,individual/migrant roster,hhid,35,7835,7835,7835
uzbekistan,L2CU 2018-2025,data/interim/unpacked/uzbekistan/l2cu_v03/l2cu_cati_individual_data_82.csv,individual/migrant roster,hhid,36,7832,7832,7832
uzbekistan,L2CU 2018-2025,data/interim/unpacked/uzbekistan/l2cu_v03/l2cu_cati_individual_data_82.csv,individual/migrant roster,hhid,37,7827,7827,7827
uzbekistan,L2CU 2018-2025,data/interim/unpacked/uzbekistan/l2cu_v03/l2cu_cati_individual_data_82.csv,individual/migrant roster,hhid,38,7808,7808,7808
uzbekistan,L2CU 2018-2025,data/interim/unpacked/uzbekistan/l2cu_v03/l2cu_cati_individual_data_82.csv,individual/migrant roster,hhid,39,7800,7800,7800
uzbekistan,L2CU 2018-2025,data/interim/unpacked/uzbekistan/l2cu_v03/l2cu_cati_individual_data_82.csv,individual/migrant roster,hhid,40,7813,7813,7813
uzbekistan,L2CU 2018-2025,data/interim/unpacked/uzbekistan/l2cu_v03/l2cu_cati_individual_data_82.csv,individual/migrant roster,hhid,41,7802,7802,7802
uzbekistan,L2CU 2018-2025,data/interim/unpacked/uzbekistan/l2cu_v03/l2cu_cati_individual_data_82.csv,individual/migrant roster,hhid,42,7826,7826,7826
uzbekistan,L2CU 2018-2025,data/interim/unpacked/uzbekistan/l2cu_v03/l2cu_cati_individual_data_82.csv,individual/migrant roster,hhid,43,7833,7833,7833
uzbekistan,L2CU 2018-2025,data/interim/unpacked/uzbekistan/l2cu_v03/l2cu_cati_individual_data_82.csv,individual/migrant roster,hhid,44,7821,7821,7821
uzbekistan,L2CU 2018-2025,data/interim/unpacked/uzbekistan/l2cu_v03/l2cu_cati_individual_data_82.csv,individual/migrant roster,hhid,45,7813,7813,7813
uzbekistan,L2CU 2018-2025,data/interim/unpacked/uzbekistan/l2cu_v03/l2cu_cati_individual_data_82.csv,individual/migrant roster,hhid,46,7791,7791,7791
uzbekistan,L2CU 2018-2025,data/interim/unpacked/uzbekistan/l2cu_v03/l2cu_cati_individual_data_82.csv,individual/migrant roster,hhid,47,7783,7783,7783
uzbekistan,L2CU 2018-2025,data/interim/unpacked/uzbekistan/l2cu_v03/l2cu_cati_individual_data_82.csv,individual/migrant roster,hhid,48,7811,7811,7811
uzbekistan,L2CU 2018-2025,data/interim/unpacked/uzbekistan/l2cu_v03/l2cu_cati_individual_data_82.csv,individual/migrant roster,hhid,49,7818,7818,7818
uzbekistan,L2CU 2018-2025,data/interim/unpacked/uzbekistan/l2cu_v03/l2cu_cati_individual_data_82.csv,individual/migrant roster,hhid,50,7834,7834,7834
uzbekistan,L2CU 2018-2025,data/interim/unpacked/uzbekistan/l2cu_v03/l2cu_cati_individual_data_82.csv,individual/migrant roster,hhid,51,7841,7841,7841
uzbekistan,L2CU 2018-2025,data/interim/unpacked/uzbekistan/l2cu_v03/l2cu_cati_individual_data_82.csv,individual/migrant roster,hhid,52,7821,7821,7821
uzbekistan,L2CU 2018-2025,data/interim/unpacked/uzbekistan/l2cu_v03/l2cu_cati_individual_data_82.csv,individual/migrant roster,hhid,53,7788,7788,7788
uzbekistan,L2CU 2018-2025,data/interim/unpacked/uzbekistan/l2cu_v03/l2cu_cati_individual_data_82.csv,individual/migrant roster,hhid,54,7799,7799,7799
uzbekistan,L2CU 2018-2025,data/interim/unpacked/uzbekistan/l2cu_v03/l2cu_cati_individual_data_82.csv,individual/migrant roster,hhid,55,7776,7776,7776
uzbekistan,L2CU 2018-2025,data/interim/unpacked/uzbekistan/l2cu_v03/l2cu_cati_individual_data_82.csv,individual/migrant roster,hhid,56,7757,7757,7757
uzbekistan,L2CU 2018-2025,data/interim/unpacked/uzbekistan/l2cu_v03/l2cu_cati_individual_data_82.csv,individual/migrant roster,hhid,57,7733,7733,7733
uzbekistan,L2CU 2018-2025,data/interim/unpacked/uzbekistan/l2cu_v03/l2cu_cati_individual_data_82.csv,individual/migrant roster,hhid,58,7735,7735,7735
uzbekistan,L2CU 2018-2025,data/interim/unpacked/uzbekistan/l2cu_v03/l2cu_cati_individual_data_82.csv,individual/migrant roster,hhid,59,7851,7851,7851
uzbekistan,L2CU 2018-2025,data/interim/unpacked/uzbekistan/l2cu_v03/l2cu_cati_individual_data_82.csv,individual/migrant roster,hhid,60,7401,7401,7401
uzbekistan,L2CU 2018-2025,data/interim/unpacked/uzbekistan/l2cu_v03/l2cu_cati_individual_data_82.csv,individual/migrant roster,hhid,61,7399,7399,7399
uzbekistan,L2CU 2018-2025,data/interim/unpacked/uzbekistan/l2cu_v03/l2cu_cati_individual_data_82.csv,individual/migrant roster,hhid,62,7361,7361,7361
uzbekistan,L2CU 2018-2025,data/interim/unpacked/uzbekistan/l2cu_v03/l2cu_cati_individual_data_82.csv,individual/migrant roster,hhid,63,7348,7348,7348
uzbekistan,L2CU 2018-2025,data/interim/unpacked/uzbekistan/l2cu_v03/l2cu_cati_individual_data_82.csv,individual/migrant roster,hhid,64,7248,7248,7248
uzbekistan,L2CU 2018-2025,data/interim/unpacked/uzbekistan/l2cu_v03/l2cu_cati_individual_data_82.csv,individual/migrant roster,hhid,65,7168,7168,7168
uzbekistan,L2CU 2018-2025,data/interim/unpacked/uzbekistan/l2cu_v03/l2cu_cati_individual_data_82.csv,individual/migrant roster,hhid,66,7124,7124,7124
uzbekistan,L2CU 2018-2025,data/interim/unpacked/uzbekistan/l2cu_v03/l2cu_cati_individual_data_82.csv,individual/migrant roster,hhid,67,7295,7295,7295
uzbekistan,L2CU 2018-2025,data/interim/unpacked/uzbekistan/l2cu_v03/l2cu_cati_individual_data_82.csv,individual/migrant roster,hhid,68,7266,7266,7266
uzbekistan,L2CU 2018-2025,data/interim/unpacked/uzbekistan/l2cu_v03/l2cu_cati_individual_data_82.csv,individual/migrant roster,hhid,69,7217,7217,7217
uzbekistan,L2CU 2018-2025,data/interim/unpacked/uzbekistan/l2cu_v03/l2cu_cati_individual_data_82.csv,individual/migrant roster,hhid,70,7113,7113,7113
uzbekistan,L2CU 2018-2025,data/interim/unpacked/uzbekistan/l2cu_v03/l2cu_cati_individual_data_82.csv,individual/migrant roster,hhid,71,7028,7028,7028
uzbekistan,L2CU 2018-2025,data/interim/unpacked/uzbekistan/l2cu_v03/l2cu_cati_individual_data_82.csv,individual/migrant roster,hhid,72,6859,6859,6859
uzbekistan,L2CU 2018-2025,data/interim/unpacked/uzbekistan/l2cu_v03/l2cu_cati_individual_data_82.csv,individual/migrant roster,hhid,73,6751,6751,6751
uzbekistan,L2CU 2018-2025,data/interim/unpacked/uzbekistan/l2cu_v03/l2cu_cati_individual_data_82.csv,individual/migrant roster,hhid,74,6690,6690,6690
uzbekistan,L2CU 2018-2025,data/interim/unpacked/uzbekistan/l2cu_v03/l2cu_cati_individual_data_82.csv,individual/migrant roster,hhid,75,6678,6678,6678
uzbekistan,L2CU 2018-2025,data/interim/unpacked/uzbekistan/l2cu_v03/l2cu_cati_individual_data_82.csv,individual/migrant roster,hhid,76,8340,8340,8340
uzbekistan,L2CU 2018-2025,data/interim/unpacked/uzbekistan/l2cu_v03/l2cu_cati_individual_data_82.csv,individual/migrant roster,hhid,77,8121,8121,8121
uzbekistan,L2CU 2018-2025,data/interim/unpacked/uzbekistan/l2cu_v03/l2cu_cati_individual_data_82.csv,individual/migrant roster,hhid,78,8012,8012,8012
uzbekistan,L2CU 2018-2025,data/interim/unpacked/uzbekistan/l2cu_v03/l2cu_cati_individual_data_82.csv,individual/migrant roster,hhid,79,7891,7891,7891
uzbekistan,L2CU 2018-2025,data/interim/unpacked/uzbekistan/l2cu_v03/l2cu_cati_individual_data_82.csv,individual/migrant roster,hhid,80,7868,7868,7868
uzbekistan,L2CU 2018-2025,data/interim/unpacked/uzbekistan/l2cu_v03/l2cu_cati_individual_data_82.csv,individual/migrant roster,hhid,81,7795,7795,7795
uzbekistan,L2CU 2018-2025,data/interim/unpacked/uzbekistan/l2cu_v03/l2cu_cati_individual_data_82.csv,individual/migrant roster,hhid,82,7779,7779,7779
uzbekistan,L2CU 2018-2025,data/interim/unpacked/uzbekistan/l2cu_v03/l2cu_cati_individual_data_82.csv,individual/migrant roster,fmid,1,7792,7792,7792
uzbekistan,L2CU 2018-2025,data/interim/unpacked/uzbekistan/l2cu_v03/l2cu_cati_individual_data_82.csv,individual/migrant roster,fmid,2,7919,7919,7919
uzbekistan,L2CU 2018-2025,data/interim/unpacked/uzbekistan/l2cu_v03/l2cu_cati_individual_data_82.csv,individual/migrant roster,fmid,3,7988,7988,7988
uzbekistan,L2CU 2018-2025,data/interim/unpacked/uzbekistan/l2cu_v03/l2cu_cati_individual_data_82.csv,individual/migrant roster,fmid,4,7990,7990,7990
uzbekistan,L2CU 2018-2025,data/interim/unpacked/uzbekistan/l2cu_v03/l2cu_cati_individual_data_82.csv,individual/migrant roster,fmid,5,7959,7959,7959
uzbekistan,L2CU 2018-2025,data/interim/unpacked/uzbekistan/l2cu_v03/l2cu_cati_individual_data_82.csv,individual/migrant roster,fmid,6,7976,7976,7976
uzbekistan,L2CU 2018-2025,data/interim/unpacked/uzbekistan/l2cu_v03/l2cu_cati_individual_data_82.csv,individual/migrant roster,fmid,7,7967,7967,7967
uzbekistan,L2CU 2018-2025,data/interim/unpacked/uzbekistan/l2cu_v03/l2cu_cati_individual_data_82.csv,individual/migrant roster,fmid,8,7981,7981,7981
uzbekistan,L2CU 2018-2025,data/interim/unpacked/uzbekistan/l2cu_v03/l2cu_cati_individual_data_82.csv,individual/migrant roster,fmid,9,7957,7957,7957
uzbekistan,L2CU 2018-2025,data/interim/unpacked/uzbekistan/l2cu_v03/l2cu_cati_individual_data_82.csv,individual/migrant roster,fmid,10,7995,7995,7995
uzbekistan,L2CU 2018-2025,data/interim/unpacked/uzbekistan/l2cu_v03/l2cu_cati_individual_data_82.csv,individual/migrant roster,fmid,11,7986,7986,7986
uzbekistan,L2CU 2018-2025,data/interim/unpacked/uzbekistan/l2cu_v03/l2cu_cati_individual_data_82.csv,individual/migrant roster,fmid,12,7986,7986,7986
uzbekistan,L2CU 2018-2025,data/interim/unpacked/uzbekistan/l2cu_v03/l2cu_cati_individual_data_82.csv,individual/migrant roster,fmid,13,7931,7931,7931
uzbekistan,L2CU 2018-2025,data/interim/unpacked/uzbekistan/l2cu_v03/l2cu_cati_individual_data_82.csv,individual/migrant roster,fmid,14,7987,7987,7987
uzbekistan,L2CU 2018-2025,data/interim/unpacked/uzbekistan/l2cu_v03/l2cu_cati_individual_data_82.csv,individual/migrant roster,fmid,15,8015,8015,8015
uzbekistan,L2CU 2018-2025,data/interim/unpacked/uzbekistan/l2cu_v03/l2cu_cati_individual_data_82.csv,individual/migrant roster,fmid,16,8010,8010,8010
uzbekistan,L2CU 2018-2025,data/interim/unpacked/uzbekistan/l2cu_v03/l2cu_cati_individual_data_82.csv,individual/migrant roster,fmid,17,8013,8013,8013
uzbekistan,L2CU 2018-2025,data/interim/unpacked/uzbekistan/l2cu_v03/l2cu_cati_individual_data_82.csv,individual/migrant roster,fmid,18,8003,8003,8003
uzbekistan,L2CU 2018-2025,data/interim/unpacked/uzbekistan/l2cu_v03/l2cu_cati_individual_data_82.csv,individual/migrant roster,fmid,19,7988,7988,7988
uzbekistan,L2CU 2018-2025,data/interim/unpacked/uzbekistan/l2cu_v03/l2cu_cati_individual_data_82.csv,individual/migrant roster,fmid,20,7980,7980,7980
uzbekistan,L2CU 2018-2025,data/interim/unpacked/uzbekistan/l2cu_v03/l2cu_cati_individual_data_82.csv,individual/migrant roster,fmid,21,7977,7977,7977
uzbekistan,L2CU 2018-2025,data/interim/unpacked/uzbekistan/l2cu_v03/l2cu_cati_individual_data_82.csv,individual/migrant roster,fmid,22,7968,7968,7968
uzbekistan,L2CU 2018-2025,data/interim/unpacked/uzbekistan/l2cu_v03/l2cu_cati_individual_data_82.csv,individual/migrant roster,fmid,23,7979,7979,7979
uzbekistan,L2CU 2018-2025,data/interim/unpacked/uzbekistan/l2cu_v03/l2cu_cati_individual_data_82.csv,individual/migrant roster,fmid,24,7989,7989,7989
uzbekistan,L2CU 2018-2025,data/interim/unpacked/uzbekistan/l2cu_v03/l2cu_cati_individual_data_82.csv,individual/migrant roster,fmid,25,8003,8003,8003
uzbekistan,L2CU 2018-2025,data/interim/unpacked/uzbekistan/l2cu_v03/l2cu_cati_individual_data_82.csv,individual/migrant roster,fmid,26,8023,8023,8023
uzbekistan,L2CU 2018-2025,data/interim/unpacked/uzbekistan/l2cu_v03/l2cu_cati_individual_data_82.csv,individual/migrant roster,fmid,27,7944,7944,7944
uzbekistan,L2CU 2018-2025,data/interim/unpacked/uzbekistan/l2cu_v03/l2cu_cati_individual_data_82.csv,individual/migrant roster,fmid,28,7887,7887,7887
uzbekistan,L2CU 2018-2025,data/interim/unpacked/uzbekistan/l2cu_v03/l2cu_cati_individual_data_82.csv,individual/migrant roster,fmid,29,7866,7866,7866
uzbekistan,L2CU 2018-2025,data/interim/unpacked/uzbekistan/l2cu_v03/l2cu_cati_individual_data_82.csv,individual/migrant roster,fmid,30,7862,7862,7862
uzbekistan,L2CU 2018-2025,data/interim/unpacked/uzbekistan/l2cu_v03/l2cu_cati_individual_data_82.csv,individual/migrant roster,fmid,31,7853,7853,7853
uzbekistan,L2CU 2018-2025,data/interim/unpacked/uzbekistan/l2cu_v03/l2cu_cati_individual_data_82.csv,individual/migrant roster,fmid,32,7824,7824,7824
uzbekistan,L2CU 2018-2025,data/interim/unpacked/uzbekistan/l2cu_v03/l2cu_cati_individual_data_82.csv,individual/migrant roster,fmid,33,7821,7821,7821
uzbekistan,L2CU 2018-2025,data/interim/unpacked/uzbekistan/l2cu_v03/l2cu_cati_individual_data_82.csv,individual/migrant roster,fmid,34,7831,7831,7831
uzbekistan,L2CU 2018-2025,data/interim/unpacked/uzbekistan/l2cu_v03/l2cu_cati_individual_data_82.csv,individual/migrant roster,fmid,35,7835,7835,7835
uzbekistan,L2CU 2018-2025,data/interim/unpacked/uzbekistan/l2cu_v03/l2cu_cati_individual_data_82.csv,individual/migrant roster,fmid,36,7832,7832,7832
uzbekistan,L2CU 2018-2025,data/interim/unpacked/uzbekistan/l2cu_v03/l2cu_cati_individual_data_82.csv,individual/migrant roster,fmid,37,7827,7827,7827
uzbekistan,L2CU 2018-2025,data/interim/unpacked/uzbekistan/l2cu_v03/l2cu_cati_individual_data_82.csv,individual/migrant roster,fmid,38,7808,7808,7808
uzbekistan,L2CU 2018-2025,data/interim/unpacked/uzbekistan/l2cu_v03/l2cu_cati_individual_data_82.csv,individual/migrant roster,fmid,39,7800,7800,7800
uzbekistan,L2CU 2018-2025,data/interim/unpacked/uzbekistan/l2cu_v03/l2cu_cati_individual_data_82.csv,individual/migrant roster,fmid,40,7813,7813,7813
uzbekistan,L2CU 2018-2025,data/interim/unpacked/uzbekistan/l2cu_v03/l2cu_cati_individual_data_82.csv,individual/migrant roster,fmid,41,7802,7802,7802
uzbekistan,L2CU 2018-2025,data/interim/unpacked/uzbekistan/l2cu_v03/l2cu_cati_individual_data_82.csv,individual/migrant roster,fmid,42,7826,7826,7826
uzbekistan,L2CU 2018-2025,data/interim/unpacked/uzbekistan/l2cu_v03/l2cu_cati_individual_data_82.csv,individual/migrant roster,fmid,43,7833,7833,7833
uzbekistan,L2CU 2018-2025,data/interim/unpacked/uzbekistan/l2cu_v03/l2cu_cati_individual_data_82.csv,individual/migrant roster,fmid,44,7821,7821,7821
uzbekistan,L2CU 2018-2025,data/interim/unpacked/uzbekistan/l2cu_v03/l2cu_cati_individual_data_82.csv,individual/migrant roster,fmid,45,7813,7813,7813
uzbekistan,L2CU 2018-2025,data/interim/unpacked/uzbekistan/l2cu_v03/l2cu_cati_individual_data_82.csv,individual/migrant roster,fmid,46,7791,7791,7791
uzbekistan,L2CU 2018-2025,data/interim/unpacked/uzbekistan/l2cu_v03/l2cu_cati_individual_data_82.csv,individual/migrant roster,fmid,47,7783,7783,7783
uzbekistan,L2CU 2018-2025,data/interim/unpacked/uzbekistan/l2cu_v03/l2cu_cati_individual_data_82.csv,individual/migrant roster,fmid,48,7811,7811,7811
uzbekistan,L2CU 2018-2025,data/interim/unpacked/uzbekistan/l2cu_v03/l2cu_cati_individual_data_82.csv,individual/migrant roster,fmid,49,7818,7818,7818
uzbekistan,L2CU 2018-2025,data/interim/unpacked/uzbekistan/l2cu_v03/l2cu_cati_individual_data_82.csv,individual/migrant roster,fmid,50,7834,7834,7834
uzbekistan,L2CU 2018-2025,data/interim/unpacked/uzbekistan/l2cu_v03/l2cu_cati_individual_data_82.csv,individual/migrant roster,fmid,51,7841,7841,7841
uzbekistan,L2CU 2018-2025,data/interim/unpacked/uzbekistan/l2cu_v03/l2cu_cati_individual_data_82.csv,individual/migrant roster,fmid,52,7821,7821,7821
uzbekistan,L2CU 2018-2025,data/interim/unpacked/uzbekistan/l2cu_v03/l2cu_cati_individual_data_82.csv,individual/migrant roster,fmid,53,7788,7788,7788
uzbekistan,L2CU 2018-2025,data/interim/unpacked/uzbekistan/l2cu_v03/l2cu_cati_individual_data_82.csv,individual/migrant roster,fmid,54,7799,7799,7799
uzbekistan,L2CU 2018-2025,data/interim/unpacked/uzbekistan/l2cu_v03/l2cu_cati_individual_data_82.csv,individual/migrant roster,fmid,55,7776,7776,7776
uzbekistan,L2CU 2018-2025,data/interim/unpacked/uzbekistan/l2cu_v03/l2cu_cati_individual_data_82.csv,individual/migrant roster,fmid,56,7757,7757,7757
uzbekistan,L2CU 2018-2025,data/interim/unpacked/uzbekistan/l2cu_v03/l2cu_cati_individual_data_82.csv,individual/migrant roster,fmid,57,7733,7733,7733
uzbekistan,L2CU 2018-2025,data/interim/unpacked/uzbekistan/l2cu_v03/l2cu_cati_individual_data_82.csv,individual/migrant roster,fmid,58,7735,7735,7735
uzbekistan,L2CU 2018-2025,data/interim/unpacked/uzbekistan/l2cu_v03/l2cu_cati_individual_data_82.csv,individual/migrant roster,fmid,59,7851,7851,7851
uzbekistan,L2CU 2018-2025,data/interim/unpacked/uzbekistan/l2cu_v03/l2cu_cati_individual_data_82.csv,individual/migrant roster,fmid,60,7401,7401,7401
uzbekistan,L2CU 2018-2025,data/interim/unpacked/uzbekistan/l2cu_v03/l2cu_cati_individual_data_82.csv,individual/migrant roster,fmid,61,7399,7399,7399
uzbekistan,L2CU 2018-2025,data/interim/unpacked/uzbekistan/l2cu_v03/l2cu_cati_individual_data_82.csv,individual/migrant roster,fmid,62,7361,7361,7361
uzbekistan,L2CU 2018-2025,data/interim/unpacked/uzbekistan/l2cu_v03/l2cu_cati_individual_data_82.csv,individual/migrant roster,fmid,63,7348,7348,7348
uzbekistan,L2CU 2018-2025,data/interim/unpacked/uzbekistan/l2cu_v03/l2cu_cati_individual_data_82.csv,individual/migrant roster,fmid,64,7248,7248,7248
uzbekistan,L2CU 2018-2025,data/interim/unpacked/uzbekistan/l2cu_v03/l2cu_cati_individual_data_82.csv,individual/migrant roster,fmid,65,7168,7168,7168
uzbekistan,L2CU 2018-2025,data/interim/unpacked/uzbekistan/l2cu_v03/l2cu_cati_individual_data_82.csv,individual/migrant roster,fmid,66,7124,7124,7124
uzbekistan,L2CU 2018-2025,data/interim/unpacked/uzbekistan/l2cu_v03/l2cu_cati_individual_data_82.csv,individual/migrant roster,fmid,67,7295,7295,7295
uzbekistan,L2CU 2018-2025,data/interim/unpacked/uzbekistan/l2cu_v03/l2cu_cati_individual_data_82.csv,individual/migrant roster,fmid,68,7266,7266,7266
uzbekistan,L2CU 2018-2025,data/interim/unpacked/uzbekistan/l2cu_v03/l2cu_cati_individual_data_82.csv,individual/migrant roster,fmid,69,7217,7217,7217
uzbekistan,L2CU 2018-2025,data/interim/unpacked/uzbekistan/l2cu_v03/l2cu_cati_individual_data_82.csv,individual/migrant roster,fmid,70,7113,7113,7113
uzbekistan,L2CU 2018-2025,data/interim/unpacked/uzbekistan/l2cu_v03/l2cu_cati_individual_data_82.csv,individual/migrant roster,fmid,71,7028,7028,7028
uzbekistan,L2CU 2018-2025,data/interim/unpacked/uzbekistan/l2cu_v03/l2cu_cati_individual_data_82.csv,individual/migrant roster,fmid,72,6859,6859,6859
uzbekistan,L2CU 2018-2025,data/interim/unpacked/uzbekistan/l2cu_v03/l2cu_cati_individual_data_82.csv,individual/migrant roster,fmid,73,6751,6751,6751
uzbekistan,L2CU 2018-2025,data/interim/unpacked/uzbekistan/l2cu_v03/l2cu_cati_individual_data_82.csv,individual/migrant roster,fmid,74,6690,6690,6690
uzbekistan,L2CU 2018-2025,data/interim/unpacked/uzbekistan/l2cu_v03/l2cu_cati_individual_data_82.csv,individual/migrant roster,fmid,75,6678,6678,6678
uzbekistan,L2CU 2018-2025,data/interim/unpacked/uzbekistan/l2cu_v03/l2cu_cati_individual_data_82.csv,individual/migrant roster,fmid,76,8340,8340,8340
uzbekistan,L2CU 2018-2025,data/interim/unpacked/uzbekistan/l2cu_v03/l2cu_cati_individual_data_82.csv,individual/migrant roster,fmid,77,8121,8121,8121
uzbekistan,L2CU 2018-2025,data/interim/unpacked/uzbekistan/l2cu_v03/l2cu_cati_individual_data_82.csv,individual/migrant roster,fmid,78,8012,8012,8012
uzbekistan,L2CU 2018-2025,data/interim/unpacked/uzbekistan/l2cu_v03/l2cu_cati_individual_data_82.csv,individual/migrant roster,fmid,79,7891,7891,7891
uzbekistan,L2CU 2018-2025,data/interim/unpacked/uzbekistan/l2cu_v03/l2cu_cati_individual_data_82.csv,individual/migrant roster,fmid,80,7868,7868,7868
uzbekistan,L2CU 2018-2025,data/interim/unpacked/uzbekistan/l2cu_v03/l2cu_cati_individual_data_82.csv,individual/migrant roster,fmid,81,7795,7795,7795
uzbekistan,L2CU 2018-2025,data/interim/unpacked/uzbekistan/l2cu_v03/l2cu_cati_individual_data_82.csv,individual/migrant roster,fmid,82,7779,7779,7779
uzbekistan,L2CU 2018-2025,data/interim/unpacked/uzbekistan/l2cu_v03/l2cu_cati_individual_data_82.csv,individual/migrant roster,mig_living_hh,1,7792,7792,7792
uzbekistan,L2CU 2018-2025,data/interim/unpacked/uzbekistan/l2cu_v03/l2cu_cati_individual_data_82.csv,individual/migrant roster,mig_living_hh,2,7919,7919,7919
uzbekistan,L2CU 2018-2025,data/interim/unpacked/uzbekistan/l2cu_v03/l2cu_cati_individual_data_82.csv,individual/migrant roster,mig_living_hh,3,7988,7988,7988
uzbekistan,L2CU 2018-2025,data/interim/unpacked/uzbekistan/l2cu_v03/l2cu_cati_individual_data_82.csv,individual/migrant roster,mig_living_hh,4,7990,7990,7990
uzbekistan,L2CU 2018-2025,data/interim/unpacked/uzbekistan/l2cu_v03/l2cu_cati_individual_data_82.csv,individual/migrant roster,mig_living_hh,5,7959,7959,7959
uzbekistan,L2CU 2018-2025,data/interim/unpacked/uzbekistan/l2cu_v03/l2cu_cati_individual_data_82.csv,individual/migrant roster,mig_living_hh,6,7976,7976,7976
uzbekistan,L2CU 2018-2025,data/interim/unpacked/uzbekistan/l2cu_v03/l2cu_cati_individual_data_82.csv,individual/migrant roster,mig_living_hh,7,7967,7967,7967
uzbekistan,L2CU 2018-2025,data/interim/unpacked/uzbekistan/l2cu_v03/l2cu_cati_individual_data_82.csv,individual/migrant roster,mig_living_hh,8,7981,7981,7981
uzbekistan,L2CU 2018-2025,data/interim/unpacked/uzbekistan/l2cu_v03/l2cu_cati_individual_data_82.csv,individual/migrant roster,mig_living_hh,9,7957,7957,7957
uzbekistan,L2CU 2018-2025,data/interim/unpacked/uzbekistan/l2cu_v03/l2cu_cati_individual_data_82.csv,individual/migrant roster,mig_living_hh,10,7995,7995,7995
uzbekistan,L2CU 2018-2025,data/interim/unpacked/uzbekistan/l2cu_v03/l2cu_cati_individual_data_82.csv,individual/migrant roster,mig_living_hh,11,7986,7986,7986
uzbekistan,L2CU 2018-2025,data/interim/unpacked/uzbekistan/l2cu_v03/l2cu_cati_individual_data_82.csv,individual/migrant roster,mig_living_hh,12,7986,7986,7986
uzbekistan,L2CU 2018-2025,data/interim/unpacked/uzbekistan/l2cu_v03/l2cu_cati_individual_data_82.csv,individual/migrant roster,mig_living_hh,13,7931,7931,7931
uzbekistan,L2CU 2018-2025,data/interim/unpacked/uzbekistan/l2cu_v03/l2cu_cati_individual_data_82.csv,individual/migrant roster,mig_living_hh,14,7987,7987,7987
uzbekistan,L2CU 2018-2025,data/interim/unpacked/uzbekistan/l2cu_v03/l2cu_cati_individual_data_82.csv,individual/migrant roster,mig_living_hh,15,8015,8015,8015
uzbekistan,L2CU 2018-2025,data/interim/unpacked/uzbekistan/l2cu_v03/l2cu_cati_individual_data_82.csv,individual/migrant roster,mig_living_hh,16,8010,8010,8010
uzbekistan,L2CU 2018-2025,data/interim/unpacked/uzbekistan/l2cu_v03/l2cu_cati_individual_data_82.csv,individual/migrant roster,mig_living_hh,17,8013,8013,8013
uzbekistan,L2CU 2018-2025,data/interim/unpacked/uzbekistan/l2cu_v03/l2cu_cati_individual_data_82.csv,individual/migrant roster,mig_living_hh,18,8003,8003,8003
uzbekistan,L2CU 2018-2025,data/interim/unpacked/uzbekistan/l2cu_v03/l2cu_cati_individual_data_82.csv,individual/migrant roster,mig_living_hh,19,7988,7988,7988
uzbekistan,L2CU 2018-2025,data/interim/unpacked/uzbekistan/l2cu_v03/l2cu_cati_individual_data_82.csv,individual/migrant roster,mig_living_hh,20,7980,7980,7980
uzbekistan,L2CU 2018-2025,data/interim/unpacked/uzbekistan/l2cu_v03/l2cu_cati_individual_data_82.csv,individual/migrant roster,mig_living_hh,21,7977,7977,7977
uzbekistan,L2CU 2018-2025,data/interim/unpacked/uzbekistan/l2cu_v03/l2cu_cati_individual_data_82.csv,individual/migrant roster,mig_living_hh,22,7968,7968,7968
uzbekistan,L2CU 2018-2025,data/interim/unpacked/uzbekistan/l2cu_v03/l2cu_cati_individual_data_82.csv,individual/migrant roster,mig_living_hh,23,7979,7979,7979
uzbekistan,L2CU 2018-2025,data/interim/unpacked/uzbekistan/l2cu_v03/l2cu_cati_individual_data_82.csv,individual/migrant roster,mig_living_hh,24,7989,7989,7989
uzbekistan,L2CU 2018-2025,data/interim/unpacked/uzbekistan/l2cu_v03/l2cu_cati_individual_data_82.csv,individual/migrant roster,mig_living_hh,25,8003,8003,8003
uzbekistan,L2CU 2018-2025,data/interim/unpacked/uzbekistan/l2cu_v03/l2cu_cati_individual_data_82.csv,individual/migrant roster,mig_living_hh,26,8023,8023,8023
uzbekistan,L2CU 2018-2025,data/interim/unpacked/uzbekistan/l2cu_v03/l2cu_cati_individual_data_82.csv,individual/migrant roster,mig_living_hh,27,7944,7944,7944
uzbekistan,L2CU 2018-2025,data/interim/unpacked/uzbekistan/l2cu_v03/l2cu_cati_individual_data_82.csv,individual/migrant roster,mig_living_hh,28,7887,7887,7887
uzbekistan,L2CU 2018-2025,data/interim/unpacked/uzbekistan/l2cu_v03/l2cu_cati_individual_data_82.csv,individual/migrant roster,mig_living_hh,29,7866,7866,7866
uzbekistan,L2CU 2018-2025,data/interim/unpacked/uzbekistan/l2cu_v03/l2cu_cati_individual_data_82.csv,individual/migrant roster,mig_living_hh,30,7862,7862,7862
uzbekistan,L2CU 2018-2025,data/interim/unpacked/uzbekistan/l2cu_v03/l2cu_cati_individual_data_82.csv,individual/migrant roster,mig_living_hh,31,7853,7853,7853
uzbekistan,L2CU 2018-2025,data/interim/unpacked/uzbekistan/l2cu_v03/l2cu_cati_individual_data_82.csv,individual/migrant roster,mig_living_hh,32,7824,7824,7824
uzbekistan,L2CU 2018-2025,data/interim/unpacked/uzbekistan/l2cu_v03/l2cu_cati_individual_data_82.csv,individual/migrant roster,mig_living_hh,33,7821,7821,7821
uzbekistan,L2CU 2018-2025,data/interim/unpacked/uzbekistan/l2cu_v03/l2cu_cati_individual_data_82.csv,individual/migrant roster,mig_living_hh,34,7831,7831,7831
uzbekistan,L2CU 2018-2025,data/interim/unpacked/uzbekistan/l2cu_v03/l2cu_cati_individual_data_82.csv,individual/migrant roster,mig_living_hh,35,7835,7835,7835
uzbekistan,L2CU 2018-2025,data/interim/unpacked/uzbekistan/l2cu_v03/l2cu_cati_individual_data_82.csv,individual/migrant roster,mig_living_hh,36,7832,7832,7832
uzbekistan,L2CU 2018-2025,data/interim/unpacked/uzbekistan/l2cu_v03/l2cu_cati_individual_data_82.csv,individual/migrant roster,mig_living_hh,37,7827,7827,7827
uzbekistan,L2CU 2018-2025,data/interim/unpacked/uzbekistan/l2cu_v03/l2cu_cati_individual_data_82.csv,individual/migrant roster,mig_living_hh,38,7808,7808,7808
uzbekistan,L2CU 2018-2025,data/interim/unpacked/uzbekistan/l2cu_v03/l2cu_cati_individual_data_82.csv,individual/migrant roster,mig_living_hh,39,7800,7800,7800
uzbekistan,L2CU 2018-2025,data/interim/unpacked/uzbekistan/l2cu_v03/l2cu_cati_individual_data_82.csv,individual/migrant roster,mig_living_hh,40,7813,7813,7813
uzbekistan,L2CU 2018-2025,data/interim/unpacked/uzbekistan/l2cu_v03/l2cu_cati_individual_data_82.csv,individual/migrant roster,mig_living_hh,41,7802,7802,7802
uzbekistan,L2CU 2018-2025,data/interim/unpacked/uzbekistan/l2cu_v03/l2cu_cati_individual_data_82.csv,individual/migrant roster,mig_living_hh,42,7826,7826,7826
uzbekistan,L2CU 2018-2025,data/interim/unpacked/uzbekistan/l2cu_v03/l2cu_cati_individual_data_82.csv,individual/migrant roster,mig_living_hh,43,7833,7833,7833
uzbekistan,L2CU 2018-2025,data/interim/unpacked/uzbekistan/l2cu_v03/l2cu_cati_individual_data_82.csv,individual/migrant roster,mig_living_hh,44,7821,7821,7821
uzbekistan,L2CU 2018-2025,data/interim/unpacked/uzbekistan/l2cu_v03/l2cu_cati_individual_data_82.csv,individual/migrant roster,mig_living_hh,45,7813,7813,7813
uzbekistan,L2CU 2018-2025,data/interim/unpacked/uzbekistan/l2cu_v03/l2cu_cati_individual_data_82.csv,individual/migrant roster,mig_living_hh,46,7791,7791,7791
uzbekistan,L2CU 2018-2025,data/interim/unpacked/uzbekistan/l2cu_v03/l2cu_cati_individual_data_82.csv,individual/migrant roster,mig_living_hh,47,7783,7783,7783
uzbekistan,L2CU 2018-2025,data/interim/unpacked/uzbekistan/l2cu_v03/l2cu_cati_individual_data_82.csv,individual/migrant roster,mig_living_hh,48,7811,7811,7811
uzbekistan,L2CU 2018-2025,data/interim/unpacked/uzbekistan/l2cu_v03/l2cu_cati_individual_data_82.csv,individual/migrant roster,mig_living_hh,49,7818,7818,7818
uzbekistan,L2CU 2018-2025,data/interim/unpacked/uzbekistan/l2cu_v03/l2cu_cati_individual_data_82.csv,individual/migrant roster,mig_living_hh,50,7834,7834,7834
uzbekistan,L2CU 2018-2025,data/interim/unpacked/uzbekistan/l2cu_v03/l2cu_cati_individual_data_82.csv,individual/migrant roster,mig_living_hh,51,7841,7841,7841
uzbekistan,L2CU 2018-2025,data/interim/unpacked/uzbekistan/l2cu_v03/l2cu_cati_individual_data_82.csv,individual/migrant roster,mig_living_hh,52,7821,7821,7821
uzbekistan,L2CU 2018-2025,data/interim/unpacked/uzbekistan/l2cu_v03/l2cu_cati_individual_data_82.csv,individual/migrant roster,mig_living_hh,53,7788,7788,7788
uzbekistan,L2CU 2018-2025,data/interim/unpacked/uzbekistan/l2cu_v03/l2cu_cati_individual_data_82.csv,individual/migrant roster,mig_living_hh,54,7799,7799,7799
uzbekistan,L2CU 2018-2025,data/interim/unpacked/uzbekistan/l2cu_v03/l2cu_cati_individual_data_82.csv,individual/migrant roster,mig_living_hh,55,7776,7776,7776
uzbekistan,L2CU 2018-2025,data/interim/unpacked/uzbekistan/l2cu_v03/l2cu_cati_individual_data_82.csv,individual/migrant roster,mig_living_hh,56,7757,7757,7757
uzbekistan,L2CU 2018-2025,data/interim/unpacked/uzbekistan/l2cu_v03/l2cu_cati_individual_data_82.csv,individual/migrant roster,mig_living_hh,57,7733,7733,7733
uzbekistan,L2CU 2018-2025,data/interim/unpacked/uzbekistan/l2cu_v03/l2cu_cati_individual_data_82.csv,individual/migrant roster,mig_living_hh,58,7735,7735,7735
uzbekistan,L2CU 2018-2025,data/interim/unpacked/uzbekistan/l2cu_v03/l2cu_cati_individual_data_82.csv,individual/migrant roster,mig_living_hh,59,7851,7851,7851
uzbekistan,L2CU 2018-2025,data/interim/unpacked/uzbekistan/l2cu_v03/l2cu_cati_individual_data_82.csv,individual/migrant roster,mig_living_hh,60,7401,7401,7401
uzbekistan,L2CU 2018-2025,data/interim/unpacked/uzbekistan/l2cu_v03/l2cu_cati_individual_data_82.csv,individual/migrant roster,mig_living_hh,61,7399,7399,7399
uzbekistan,L2CU 2018-2025,data/interim/unpacked/uzbekistan/l2cu_v03/l2cu_cati_individual_data_82.csv,individual/migrant roster,mig_living_hh,62,7361,7361,7361
uzbekistan,L2CU 2018-2025,data/interim/unpacked/uzbekistan/l2cu_v03/l2cu_cati_individual_data_82.csv,individual/migrant roster,mig_living_hh,63,7348,7348,7348
uzbekistan,L2CU 2018-2025,data/interim/unpacked/uzbekistan/l2cu_v03/l2cu_cati_individual_data_82.csv,individual/migrant roster,mig_living_hh,64,7248,7248,7248
uzbekistan,L2CU 2018-2025,data/interim/unpacked/uzbekistan/l2cu_v03/l2cu_cati_individual_data_82.csv,individual/migrant roster,mig_living_hh,65,7168,7168,7168
uzbekistan,L2CU 2018-2025,data/interim/unpacked/uzbekistan/l2cu_v03/l2cu_cati_individual_data_82.csv,individual/migrant roster,mig_living_hh,66,7124,7124,7124
uzbekistan,L2CU 2018-2025,data/interim/unpacked/uzbekistan/l2cu_v03/l2cu_cati_individual_data_82.csv,individual/migrant roster,mig_living_hh,67,7295,7295,7295
uzbekistan,L2CU 2018-2025,data/interim/unpacked/uzbekistan/l2cu_v03/l2cu_cati_individual_data_82.csv,individual/migrant roster,mig_living_hh,68,7266,7266,7266
uzbekistan,L2CU 2018-2025,data/interim/unpacked/uzbekistan/l2cu_v03/l2cu_cati_individual_data_82.csv,individual/migrant roster,mig_living_hh,69,7217,7217,7217
uzbekistan,L2CU 2018-2025,data/interim/unpacked/uzbekistan/l2cu_v03/l2cu_cati_individual_data_82.csv,individual/migrant roster,mig_living_hh,70,7113,7113,7113
uzbekistan,L2CU 2018-2025,data/interim/unpacked/uzbekistan/l2cu_v03/l2cu_cati_individual_data_82.csv,individual/migrant roster,mig_living_hh,71,7028,7028,7028
uzbekistan,L2CU 2018-2025,data/interim/unpacked/uzbekistan/l2cu_v03/l2cu_cati_individual_data_82.csv,individual/migrant roster,mig_living_hh,72,6859,6859,6859
uzbekistan,L2CU 2018-2025,data/interim/unpacked/uzbekistan/l2cu_v03/l2cu_cati_individual_data_82.csv,individual/migrant roster,mig_living_hh,73,6751,6751,6751
uzbekistan,L2CU 2018-2025,data/interim/unpacked/uzbekistan/l2cu_v03/l2cu_cati_individual_data_82.csv,individual/migrant roster,mig_living_hh,74,6690,6690,6690
uzbekistan,L2CU 2018-2025,data/interim/unpacked/uzbekistan/l2cu_v03/l2cu_cati_individual_data_82.csv,individual/migrant roster,mig_living_hh,75,6678,6678,6678
uzbekistan,L2CU 2018-2025,data/interim/unpacked/uzbekistan/l2cu_v03/l2cu_cati_individual_data_82.csv,individual/migrant roster,mig_living_hh,76,8340,8340,8340
uzbekistan,L2CU 2018-2025,data/interim/unpacked/uzbekistan/l2cu_v03/l2cu_cati_individual_data_82.csv,individual/migrant roster,mig_living_hh,77,8121,8121,8121
uzbekistan,L2CU 2018-2025,data/interim/unpacked/uzbekistan/l2cu_v03/l2cu_cati_individual_data_82.csv,individual/migrant roster,mig_living_hh,78,8012,8012,8012
uzbekistan,L2CU 2018-2025,data/interim/unpacked/uzbekistan/l2cu_v03/l2cu_cati_individual_data_82.csv,individual/migrant roster,mig_living_hh,79,7891,7891,7891
uzbekistan,L2CU 2018-2025,data/interim/unpacked/uzbekistan/l2cu_v03/l2cu_cati_individual_data_82.csv,individual/migrant roster,mig_living_hh,80,7868,7868,7868
uzbekistan,L2CU 2018-2025,data/interim/unpacked/uzbekistan/l2cu_v03/l2cu_cati_individual_data_82.csv,individual/migrant roster,mig_living_hh,81,7795,7795,7795
uzbekistan,L2CU 2018-2025,data/interim/unpacked/uzbekistan/l2cu_v03/l2cu_cati_individual_data_82.csv,individual/migrant roster,mig_living_hh,82,7779,7779,7779
uzbekistan,L2CU 2018-2025,data/interim/unpacked/uzbekistan/l2cu_v03/l2cu_cati_individual_data_82.csv,individual/migrant roster,mig_living_remittance,1,7792,291,291
uzbekistan,L2CU 2018-2025,data/interim/unpacked/uzbekistan/l2cu_v03/l2cu_cati_individual_data_82.csv,individual/migrant roster,mig_living_remittance,2,7919,292,292
uzbekistan,L2CU 2018-2025,data/interim/unpacked/uzbekistan/l2cu_v03/l2cu_cati_individual_data_82.csv,individual/migrant roster,mig_living_remittance,3,7988,253,253
uzbekistan,L2CU 2018-2025,data/interim/unpacked/uzbekistan/l2cu_v03/l2cu_cati_individual_data_82.csv,individual/migrant roster,mig_living_remittance,4,7990,224,224
uzbekistan,L2CU 2018-2025,data/interim/unpacked/uzbekistan/l2cu_v03/l2cu_cati_individual_data_82.csv,individual/migrant roster,mig_living_remittance,5,7959,198,198
uzbekistan,L2CU 2018-2025,data/interim/unpacked/uzbekistan/l2cu_v03/l2cu_cati_individual_data_82.csv,individual/migrant roster,mig_living_remittance,6,7976,220,220
uzbekistan,L2CU 2018-2025,data/interim/unpacked/uzbekistan/l2cu_v03/l2cu_cati_individual_data_82.csv,individual/migrant roster,mig_living_remittance,7,7967,231,231
uzbekistan,L2CU 2018-2025,data/interim/unpacked/uzbekistan/l2cu_v03/l2cu_cati_individual_data_82.csv,individual/migrant roster,mig_living_remittance,8,7981,272,272
uzbekistan,L2CU 2018-2025,data/interim/unpacked/uzbekistan/l2cu_v03/l2cu_cati_individual_data_82.csv,individual/migrant roster,mig_living_remittance,9,7957,304,304
uzbekistan,L2CU 2018-2025,data/interim/unpacked/uzbekistan/l2cu_v03/l2cu_cati_individual_data_82.csv,individual/migrant roster,mig_living_remittance,10,7995,300,300
uzbekistan,L2CU 2018-2025,data/interim/unpacked/uzbekistan/l2cu_v03/l2cu_cati_individual_data_82.csv,individual/migrant roster,mig_living_remittance,11,7986,290,290
uzbekistan,L2CU 2018-2025,data/interim/unpacked/uzbekistan/l2cu_v03/l2cu_cati_individual_data_82.csv,individual/migrant roster,mig_living_remittance,12,7986,300,300
uzbekistan,L2CU 2018-2025,data/interim/unpacked/uzbekistan/l2cu_v03/l2cu_cati_individual_data_82.csv,individual/migrant roster,mig_living_remittance,13,7931,279,279
uzbekistan,L2CU 2018-2025,data/interim/unpacked/uzbekistan/l2cu_v03/l2cu_cati_individual_data_82.csv,individual/migrant roster,mig_living_remittance,14,7987,253,253
uzbekistan,L2CU 2018-2025,data/interim/unpacked/uzbekistan/l2cu_v03/l2cu_cati_individual_data_82.csv,individual/migrant roster,mig_living_remittance,15,8015,206,206
uzbekistan,L2CU 2018-2025,data/interim/unpacked/uzbekistan/l2cu_v03/l2cu_cati_individual_data_82.csv,individual/migrant roster,mig_living_remittance,16,8010,197,197
uzbekistan,L2CU 2018-2025,data/interim/unpacked/uzbekistan/l2cu_v03/l2cu_cati_individual_data_82.csv,individual/migrant roster,mig_living_remittance,17,8013,174,174
uzbekistan,L2CU 2018-2025,data/interim/unpacked/uzbekistan/l2cu_v03/l2cu_cati_individual_data_82.csv,individual/migrant roster,mig_living_remittance,18,8003,198,198
uzbekistan,L2CU 2018-2025,data/interim/unpacked/uzbekistan/l2cu_v03/l2cu_cati_individual_data_82.csv,individual/migrant roster,mig_living_remittance,19,7988,223,223
uzbekistan,L2CU 2018-2025,data/interim/unpacked/uzbekistan/l2cu_v03/l2cu_cati_individual_data_82.csv,individual/migrant roster,mig_living_remittance,20,7980,212,212
uzbekistan,L2CU 2018-2025,data/interim/unpacked/uzbekistan/l2cu_v03/l2cu_cati_individual_data_82.csv,individual/migrant roster,mig_living_remittance,21,7977,222,222
uzbekistan,L2CU 2018-2025,data/interim/unpacked/uzbekistan/l2cu_v03/l2cu_cati_individual_data_82.csv,individual/migrant roster,mig_living_remittance,22,7968,219,219
uzbekistan,L2CU 2018-2025,data/interim/unpacked/uzbekistan/l2cu_v03/l2cu_cati_individual_data_82.csv,individual/migrant roster,mig_living_remittance,23,7979,212,212
uzbekistan,L2CU 2018-2025,data/interim/unpacked/uzbekistan/l2cu_v03/l2cu_cati_individual_data_82.csv,individual/migrant roster,mig_living_remittance,24,7989,216,216
uzbekistan,L2CU 2018-2025,data/interim/unpacked/uzbekistan/l2cu_v03/l2cu_cati_individual_data_82.csv,individual/migrant roster,mig_living_remittance,25,8003,201,201
uzbekistan,L2CU 2018-2025,data/interim/unpacked/uzbekistan/l2cu_v03/l2cu_cati_individual_data_82.csv,individual/migrant roster,mig_living_remittance,26,8023,186,186
uzbekistan,L2CU 2018-2025,data/interim/unpacked/uzbekistan/l2cu_v03/l2cu_cati_individual_data_82.csv,individual/migrant roster,mig_living_remittance,27,7944,153,153
uzbekistan,L2CU 2018-2025,data/interim/unpacked/uzbekistan/l2cu_v03/l2cu_cati_individual_data_82.csv,individual/migrant roster,mig_living_remittance,28,7887,160,160
uzbekistan,L2CU 2018-2025,data/interim/unpacked/uzbekistan/l2cu_v03/l2cu_cati_individual_data_82.csv,individual/migrant roster,mig_living_remittance,29,7866,159,159
uzbekistan,L2CU 2018-2025,data/interim/unpacked/uzbekistan/l2cu_v03/l2cu_cati_individual_data_82.csv,individual/migrant roster,mig_living_remittance,30,7862,158,158
uzbekistan,L2CU 2018-2025,data/interim/unpacked/uzbekistan/l2cu_v03/l2cu_cati_individual_data_82.csv,individual/migrant roster,mig_living_remittance,31,7853,168,168
uzbekistan,L2CU 2018-2025,data/interim/unpacked/uzbekistan/l2cu_v03/l2cu_cati_individual_data_82.csv,individual/migrant roster,mig_living_remittance,32,7824,185,185
uzbekistan,L2CU 2018-2025,data/interim/unpacked/uzbekistan/l2cu_v03/l2cu_cati_individual_data_82.csv,individual/migrant roster,mig_living_remittance,33,7821,213,213
uzbekistan,L2CU 2018-2025,data/interim/unpacked/uzbekistan/l2cu_v03/l2cu_cati_individual_data_82.csv,individual/migrant roster,mig_living_remittance,34,7831,224,224
uzbekistan,L2CU 2018-2025,data/interim/unpacked/uzbekistan/l2cu_v03/l2cu_cati_individual_data_82.csv,individual/migrant roster,mig_living_remittance,35,7835,245,245
uzbekistan,L2CU 2018-2025,data/interim/unpacked/uzbekistan/l2cu_v03/l2cu_cati_individual_data_82.csv,individual/migrant roster,mig_living_remittance,36,7832,249,249
uzbekistan,L2CU 2018-2025,data/interim/unpacked/uzbekistan/l2cu_v03/l2cu_cati_individual_data_82.csv,individual/migrant roster,mig_living_remittance,37,7827,272,272
uzbekistan,L2CU 2018-2025,data/interim/unpacked/uzbekistan/l2cu_v03/l2cu_cati_individual_data_82.csv,individual/migrant roster,mig_living_remittance,38,7808,259,259
uzbekistan,L2CU 2018-2025,data/interim/unpacked/uzbekistan/l2cu_v03/l2cu_cati_individual_data_82.csv,individual/migrant roster,mig_living_remittance,39,7800,250,250
uzbekistan,L2CU 2018-2025,data/interim/unpacked/uzbekistan/l2cu_v03/l2cu_cati_individual_data_82.csv,individual/migrant roster,mig_living_remittance,40,7813,261,261
uzbekistan,L2CU 2018-2025,data/interim/unpacked/uzbekistan/l2cu_v03/l2cu_cati_individual_data_82.csv,individual/migrant roster,mig_living_remittance,41,7802,251,251
uzbekistan,L2CU 2018-2025,data/interim/unpacked/uzbekistan/l2cu_v03/l2cu_cati_individual_data_82.csv,individual/migrant roster,mig_living_remittance,42,7826,246,246
uzbekistan,L2CU 2018-2025,data/interim/unpacked/uzbekistan/l2cu_v03/l2cu_cati_individual_data_82.csv,individual/migrant roster,mig_living_remittance,43,7833,243,243
uzbekistan,L2CU 2018-2025,data/interim/unpacked/uzbekistan/l2cu_v03/l2cu_cati_individual_data_82.csv,individual/migrant roster,mig_living_remittance,44,7821,272,272
uzbekistan,L2CU 2018-2025,data/interim/unpacked/uzbekistan/l2cu_v03/l2cu_cati_individual_data_82.csv,individual/migrant roster,mig_living_remittance,45,7813,285,285
uzbekistan,L2CU 2018-2025,data/interim/unpacked/uzbekistan/l2cu_v03/l2cu_cati_individual_data_82.csv,individual/migrant roster,mig_living_remittance,46,7791,311,311
uzbekistan,L2CU 2018-2025,data/interim/unpacked/uzbekistan/l2cu_v03/l2cu_cati_individual_data_82.csv,individual/migrant roster,mig_living_remittance,47,7783,307,307
uzbekistan,L2CU 2018-2025,data/interim/unpacked/uzbekistan/l2cu_v03/l2cu_cati_individual_data_82.csv,individual/migrant roster,mig_living_remittance,48,7811,299,299
uzbekistan,L2CU 2018-2025,data/interim/unpacked/uzbekistan/l2cu_v03/l2cu_cati_individual_data_82.csv,individual/migrant roster,mig_living_remittance,49,7818,310,310
uzbekistan,L2CU 2018-2025,data/interim/unpacked/uzbekistan/l2cu_v03/l2cu_cati_individual_data_82.csv,individual/migrant roster,mig_living_remittance,50,7834,258,258
uzbekistan,L2CU 2018-2025,data/interim/unpacked/uzbekistan/l2cu_v03/l2cu_cati_individual_data_82.csv,individual/migrant roster,mig_living_remittance,51,7841,238,238
uzbekistan,L2CU 2018-2025,data/interim/unpacked/uzbekistan/l2cu_v03/l2cu_cati_individual_data_82.csv,individual/migrant roster,mig_living_remittance,52,7821,216,216
uzbekistan,L2CU 2018-2025,data/interim/unpacked/uzbekistan/l2cu_v03/l2cu_cati_individual_data_82.csv,individual/migrant roster,mig_living_remittance,53,7788,198,198
uzbekistan,L2CU 2018-2025,data/interim/unpacked/uzbekistan/l2cu_v03/l2cu_cati_individual_data_82.csv,individual/migrant roster,mig_living_remittance,54,7799,230,230
uzbekistan,L2CU 2018-2025,data/interim/unpacked/uzbekistan/l2cu_v03/l2cu_cati_individual_data_82.csv,individual/migrant roster,mig_living_remittance,55,7776,264,264
uzbekistan,L2CU 2018-2025,data/interim/unpacked/uzbekistan/l2cu_v03/l2cu_cati_individual_data_82.csv,individual/migrant roster,mig_living_remittance,56,7757,280,280
uzbekistan,L2CU 2018-2025,data/interim/unpacked/uzbekistan/l2cu_v03/l2cu_cati_individual_data_82.csv,individual/migrant roster,mig_living_remittance,57,7733,309,309
uzbekistan,L2CU 2018-2025,data/interim/unpacked/uzbekistan/l2cu_v03/l2cu_cati_individual_data_82.csv,individual/migrant roster,mig_living_remittance,58,7735,333,333
uzbekistan,L2CU 2018-2025,data/interim/unpacked/uzbekistan/l2cu_v03/l2cu_cati_individual_data_82.csv,individual/migrant roster,mig_living_remittance,59,7851,328,328
uzbekistan,L2CU 2018-2025,data/interim/unpacked/uzbekistan/l2cu_v03/l2cu_cati_individual_data_82.csv,individual/migrant roster,mig_living_remittance,60,7401,323,323
uzbekistan,L2CU 2018-2025,data/interim/unpacked/uzbekistan/l2cu_v03/l2cu_cati_individual_data_82.csv,individual/migrant roster,mig_living_remittance,61,7399,290,290
uzbekistan,L2CU 2018-2025,data/interim/unpacked/uzbekistan/l2cu_v03/l2cu_cati_individual_data_82.csv,individual/migrant roster,mig_living_remittance,62,7361,267,267
uzbekistan,L2CU 2018-2025,data/interim/unpacked/uzbekistan/l2cu_v03/l2cu_cati_individual_data_82.csv,individual/migrant roster,mig_living_remittance,63,7348,252,252
uzbekistan,L2CU 2018-2025,data/interim/unpacked/uzbekistan/l2cu_v03/l2cu_cati_individual_data_82.csv,individual/migrant roster,mig_living_remittance,64,7248,224,224
uzbekistan,L2CU 2018-2025,data/interim/unpacked/uzbekistan/l2cu_v03/l2cu_cati_individual_data_82.csv,individual/migrant roster,mig_living_remittance,65,7168,190,190
uzbekistan,L2CU 2018-2025,data/interim/unpacked/uzbekistan/l2cu_v03/l2cu_cati_individual_data_82.csv,individual/migrant roster,mig_living_remittance,66,7124,209,209
uzbekistan,L2CU 2018-2025,data/interim/unpacked/uzbekistan/l2cu_v03/l2cu_cati_individual_data_82.csv,individual/migrant roster,mig_living_remittance,67,7295,231,231
uzbekistan,L2CU 2018-2025,data/interim/unpacked/uzbekistan/l2cu_v03/l2cu_cati_individual_data_82.csv,individual/migrant roster,mig_living_remittance,68,7266,240,240
uzbekistan,L2CU 2018-2025,data/interim/unpacked/uzbekistan/l2cu_v03/l2cu_cati_individual_data_82.csv,individual/migrant roster,mig_living_remittance,69,7217,255,255
uzbekistan,L2CU 2018-2025,data/interim/unpacked/uzbekistan/l2cu_v03/l2cu_cati_individual_data_82.csv,individual/migrant roster,mig_living_remittance,70,7113,246,246
uzbekistan,L2CU 2018-2025,data/interim/unpacked/uzbekistan/l2cu_v03/l2cu_cati_individual_data_82.csv,individual/migrant roster,mig_living_remittance,71,7028,260,260
uzbekistan,L2CU 2018-2025,data/interim/unpacked/uzbekistan/l2cu_v03/l2cu_cati_individual_data_82.csv,individual/migrant roster,mig_living_remittance,72,6859,259,259
uzbekistan,L2CU 2018-2025,data/interim/unpacked/uzbekistan/l2cu_v03/l2cu_cati_individual_data_82.csv,individual/migrant roster,mig_living_remittance,73,6751,247,247
uzbekistan,L2CU 2018-2025,data/interim/unpacked/uzbekistan/l2cu_v03/l2cu_cati_individual_data_82.csv,individual/migrant roster,mig_living_remittance,74,6690,218,218
uzbekistan,L2CU 2018-2025,data/interim/unpacked/uzbekistan/l2cu_v03/l2cu_cati_individual_data_82.csv,individual/migrant roster,mig_living_remittance,75,6678,206,206
uzbekistan,L2CU 2018-2025,data/interim/unpacked/uzbekistan/l2cu_v03/l2cu_cati_individual_data_82.csv,individual/migrant roster,mig_living_remittance,76,8340,219,219
uzbekistan,L2CU 2018-2025,data/interim/unpacked/uzbekistan/l2cu_v03/l2cu_cati_individual_data_82.csv,individual/migrant roster,mig_living_remittance,77,8121,195,195
uzbekistan,L2CU 2018-2025,data/interim/unpacked/uzbekistan/l2cu_v03/l2cu_cati_individual_data_82.csv,individual/migrant roster,mig_living_remittance,78,8012,253,253
uzbekistan,L2CU 2018-2025,data/interim/unpacked/uzbekistan/l2cu_v03/l2cu_cati_individual_data_82.csv,individual/migrant roster,mig_living_remittance,79,7891,278,278
uzbekistan,L2CU 2018-2025,data/interim/unpacked/uzbekistan/l2cu_v03/l2cu_cati_individual_data_82.csv,individual/migrant roster,mig_living_remittance,80,7868,297,297
uzbekistan,L2CU 2018-2025,data/interim/unpacked/uzbekistan/l2cu_v03/l2cu_cati_individual_data_82.csv,individual/migrant roster,mig_living_remittance,81,7795,319,319
uzbekistan,L2CU 2018-2025,data/interim/unpacked/uzbekistan/l2cu_v03/l2cu_cati_individual_data_82.csv,individual/migrant roster,mig_living_remittance,82,7779,293,293
uzbekistan,L2CU 2018-2025,data/interim/unpacked/uzbekistan/l2cu_v03/l2cu_cati_individual_data_82.csv,individual/migrant roster,mig_living_remittance_amount,1,7792,151,151
uzbekistan,L2CU 2018-2025,data/interim/unpacked/uzbekistan/l2cu_v03/l2cu_cati_individual_data_82.csv,individual/migrant roster,mig_living_remittance_amount,2,7919,137,137
uzbekistan,L2CU 2018-2025,data/interim/unpacked/uzbekistan/l2cu_v03/l2cu_cati_individual_data_82.csv,individual/migrant roster,mig_living_remittance_amount,3,7988,102,102
uzbekistan,L2CU 2018-2025,data/interim/unpacked/uzbekistan/l2cu_v03/l2cu_cati_individual_data_82.csv,individual/migrant roster,mig_living_remittance_amount,4,7990,94,94
uzbekistan,L2CU 2018-2025,data/interim/unpacked/uzbekistan/l2cu_v03/l2cu_cati_individual_data_82.csv,individual/migrant roster,mig_living_remittance_amount,5,7959,75,75
uzbekistan,L2CU 2018-2025,data/interim/unpacked/uzbekistan/l2cu_v03/l2cu_cati_individual_data_82.csv,individual/migrant roster,mig_living_remittance_amount,6,7976,66,66
uzbekistan,L2CU 2018-2025,data/interim/unpacked/uzbekistan/l2cu_v03/l2cu_cati_individual_data_82.csv,individual/migrant roster,mig_living_remittance_amount,7,7967,71,71
uzbekistan,L2CU 2018-2025,data/interim/unpacked/uzbekistan/l2cu_v03/l2cu_cati_individual_data_82.csv,individual/migrant roster,mig_living_remittance_amount,8,7981,77,77
uzbekistan,L2CU 2018-2025,data/interim/unpacked/uzbekistan/l2cu_v03/l2cu_cati_individual_data_82.csv,individual/migrant roster,mig_living_remittance_amount,9,7957,105,105
uzbekistan,L2CU 2018-2025,data/interim/unpacked/uzbekistan/l2cu_v03/l2cu_cati_individual_data_82.csv,individual/migrant roster,mig_living_remittance_amount,10,7995,113,113
uzbekistan,L2CU 2018-2025,data/interim/unpacked/uzbekistan/l2cu_v03/l2cu_cati_individual_data_82.csv,individual/migrant roster,mig_living_remittance_amount,11,7986,136,136
uzbekistan,L2CU 2018-2025,data/interim/unpacked/uzbekistan/l2cu_v03/l2cu_cati_individual_data_82.csv,individual/migrant roster,mig_living_remittance_amount,12,7986,147,147
uzbekistan,L2CU 2018-2025,data/interim/unpacked/uzbekistan/l2cu_v03/l2cu_cati_individual_data_82.csv,individual/migrant roster,mig_living_remittance_amount,13,7931,134,134
uzbekistan,L2CU 2018-2025,data/interim/unpacked/uzbekistan/l2cu_v03/l2cu_cati_individual_data_82.csv,individual/migrant roster,mig_living_remittance_amount,14,7987,109,109
uzbekistan,L2CU 2018-2025,data/interim/unpacked/uzbekistan/l2cu_v03/l2cu_cati_individual_data_82.csv,individual/migrant roster,mig_living_remittance_amount,15,8015,92,92
uzbekistan,L2CU 2018-2025,data/interim/unpacked/uzbekistan/l2cu_v03/l2cu_cati_individual_data_82.csv,individual/migrant roster,mig_living_remittance_amount,16,8010,84,84
uzbekistan,L2CU 2018-2025,data/interim/unpacked/uzbekistan/l2cu_v03/l2cu_cati_individual_data_82.csv,individual/migrant roster,mig_living_remittance_amount,17,8013,65,65
uzbekistan,L2CU 2018-2025,data/interim/unpacked/uzbekistan/l2cu_v03/l2cu_cati_individual_data_82.csv,individual/migrant roster,mig_living_remittance_amount,18,8003,78,78
uzbekistan,L2CU 2018-2025,data/interim/unpacked/uzbekistan/l2cu_v03/l2cu_cati_individual_data_82.csv,individual/migrant roster,mig_living_remittance_amount,19,7988,81,81
uzbekistan,L2CU 2018-2025,data/interim/unpacked/uzbekistan/l2cu_v03/l2cu_cati_individual_data_82.csv,individual/migrant roster,mig_living_remittance_amount,20,7980,39,39
uzbekistan,L2CU 2018-2025,data/interim/unpacked/uzbekistan/l2cu_v03/l2cu_cati_individual_data_82.csv,individual/migrant roster,mig_living_remittance_amount,21,7977,59,59
uzbekistan,L2CU 2018-2025,data/interim/unpacked/uzbekistan/l2cu_v03/l2cu_cati_individual_data_82.csv,individual/migrant roster,mig_living_remittance_amount,22,7968,72,72
uzbekistan,L2CU 2018-2025,data/interim/unpacked/uzbekistan/l2cu_v03/l2cu_cati_individual_data_82.csv,individual/migrant roster,mig_living_remittance_amount,23,7979,70,70
uzbekistan,L2CU 2018-2025,data/interim/unpacked/uzbekistan/l2cu_v03/l2cu_cati_individual_data_82.csv,individual/migrant roster,mig_living_remittance_amount,24,7989,82,82
uzbekistan,L2CU 2018-2025,data/interim/unpacked/uzbekistan/l2cu_v03/l2cu_cati_individual_data_82.csv,individual/migrant roster,mig_living_remittance_amount,25,8003,93,93
uzbekistan,L2CU 2018-2025,data/interim/unpacked/uzbekistan/l2cu_v03/l2cu_cati_individual_data_82.csv,individual/migrant roster,mig_living_remittance_amount,26,8023,85,85
uzbekistan,L2CU 2018-2025,data/interim/unpacked/uzbekistan/l2cu_v03/l2cu_cati_individual_data_82.csv,individual/migrant roster,mig_living_remittance_amount,27,7944,63,63
uzbekistan,L2CU 2018-2025,data/interim/unpacked/uzbekistan/l2cu_v03/l2cu_cati_individual_data_82.csv,individual/migrant roster,mig_living_remittance_amount,28,7887,69,69
uzbekistan,L2CU 2018-2025,data/interim/unpacked/uzbekistan/l2cu_v03/l2cu_cati_individual_data_82.csv,individual/migrant roster,mig_living_remittance_amount,29,7866,78,78
uzbekistan,L2CU 2018-2025,data/interim/unpacked/uzbekistan/l2cu_v03/l2cu_cati_individual_data_82.csv,individual/migrant roster,mig_living_remittance_amount,30,7862,66,66
uzbekistan,L2CU 2018-2025,data/interim/unpacked/uzbekistan/l2cu_v03/l2cu_cati_individual_data_82.csv,individual/migrant roster,mig_living_remittance_amount,31,7853,67,67
uzbekistan,L2CU 2018-2025,data/interim/unpacked/uzbekistan/l2cu_v03/l2cu_cati_individual_data_82.csv,individual/migrant roster,mig_living_remittance_amount,32,7824,77,77
uzbekistan,L2CU 2018-2025,data/interim/unpacked/uzbekistan/l2cu_v03/l2cu_cati_individual_data_82.csv,individual/migrant roster,mig_living_remittance_amount,33,7821,70,69
uzbekistan,L2CU 2018-2025,data/interim/unpacked/uzbekistan/l2cu_v03/l2cu_cati_individual_data_82.csv,individual/migrant roster,mig_living_remittance_amount,34,7831,90,90
uzbekistan,L2CU 2018-2025,data/interim/unpacked/uzbekistan/l2cu_v03/l2cu_cati_individual_data_82.csv,individual/migrant roster,mig_living_remittance_amount,35,7835,108,108
uzbekistan,L2CU 2018-2025,data/interim/unpacked/uzbekistan/l2cu_v03/l2cu_cati_individual_data_82.csv,individual/migrant roster,mig_living_remittance_amount,36,7832,110,110
uzbekistan,L2CU 2018-2025,data/interim/unpacked/uzbekistan/l2cu_v03/l2cu_cati_individual_data_82.csv,individual/migrant roster,mig_living_remittance_amount,37,7827,129,129
uzbekistan,L2CU 2018-2025,data/interim/unpacked/uzbekistan/l2cu_v03/l2cu_cati_individual_data_82.csv,individual/migrant roster,mig_living_remittance_amount,38,7808,130,130
uzbekistan,L2CU 2018-2025,data/interim/unpacked/uzbekistan/l2cu_v03/l2cu_cati_individual_data_82.csv,individual/migrant roster,mig_living_remittance_amount,39,7800,118,118
uzbekistan,L2CU 2018-2025,data/interim/unpacked/uzbekistan/l2cu_v03/l2cu_cati_individual_data_82.csv,individual/migrant roster,mig_living_remittance_amount,40,7813,121,121
uzbekistan,L2CU 2018-2025,data/interim/unpacked/uzbekistan/l2cu_v03/l2cu_cati_individual_data_82.csv,individual/migrant roster,mig_living_remittance_amount,41,7802,119,119
uzbekistan,L2CU 2018-2025,data/interim/unpacked/uzbekistan/l2cu_v03/l2cu_cati_individual_data_82.csv,individual/migrant roster,mig_living_remittance_amount,42,7826,93,93
uzbekistan,L2CU 2018-2025,data/interim/unpacked/uzbekistan/l2cu_v03/l2cu_cati_individual_data_82.csv,individual/migrant roster,mig_living_remittance_amount,43,7833,43,43
uzbekistan,L2CU 2018-2025,data/interim/unpacked/uzbekistan/l2cu_v03/l2cu_cati_individual_data_82.csv,individual/migrant roster,mig_living_remittance_amount,44,7821,75,75
uzbekistan,L2CU 2018-2025,data/interim/unpacked/uzbekistan/l2cu_v03/l2cu_cati_individual_data_82.csv,individual/migrant roster,mig_living_remittance_amount,45,7813,107,107
uzbekistan,L2CU 2018-2025,data/interim/unpacked/uzbekistan/l2cu_v03/l2cu_cati_individual_data_82.csv,individual/migrant roster,mig_living_remittance_amount,46,7791,141,141
uzbekistan,L2CU 2018-2025,data/interim/unpacked/uzbekistan/l2cu_v03/l2cu_cati_individual_data_82.csv,individual/migrant roster,mig_living_remittance_amount,47,7783,149,149
uzbekistan,L2CU 2018-2025,data/interim/unpacked/uzbekistan/l2cu_v03/l2cu_cati_individual_data_82.csv,individual/migrant roster,mig_living_remittance_amount,48,7811,131,131
uzbekistan,L2CU 2018-2025,data/interim/unpacked/uzbekistan/l2cu_v03/l2cu_cati_individual_data_82.csv,individual/migrant roster,mig_living_remittance_amount,49,7818,153,153
uzbekistan,L2CU 2018-2025,data/interim/unpacked/uzbekistan/l2cu_v03/l2cu_cati_individual_data_82.csv,individual/migrant roster,mig_living_remittance_amount,50,7834,108,108
uzbekistan,L2CU 2018-2025,data/interim/unpacked/uzbekistan/l2cu_v03/l2cu_cati_individual_data_82.csv,individual/migrant roster,mig_living_remittance_amount,51,7841,106,106
uzbekistan,L2CU 2018-2025,data/interim/unpacked/uzbekistan/l2cu_v03/l2cu_cati_individual_data_82.csv,individual/migrant roster,mig_living_remittance_amount,52,7821,89,89
uzbekistan,L2CU 2018-2025,data/interim/unpacked/uzbekistan/l2cu_v03/l2cu_cati_individual_data_82.csv,individual/migrant roster,mig_living_remittance_amount,53,7788,80,80
uzbekistan,L2CU 2018-2025,data/interim/unpacked/uzbekistan/l2cu_v03/l2cu_cati_individual_data_82.csv,individual/migrant roster,mig_living_remittance_amount,54,7799,98,98
uzbekistan,L2CU 2018-2025,data/interim/unpacked/uzbekistan/l2cu_v03/l2cu_cati_individual_data_82.csv,individual/migrant roster,mig_living_remittance_amount,55,7776,80,80
uzbekistan,L2CU 2018-2025,data/interim/unpacked/uzbekistan/l2cu_v03/l2cu_cati_individual_data_82.csv,individual/migrant roster,mig_living_remittance_amount,56,7757,96,96
uzbekistan,L2CU 2018-2025,data/interim/unpacked/uzbekistan/l2cu_v03/l2cu_cati_individual_data_82.csv,individual/migrant roster,mig_living_remittance_amount,57,7733,120,120
uzbekistan,L2CU 2018-2025,data/interim/unpacked/uzbekistan/l2cu_v03/l2cu_cati_individual_data_82.csv,individual/migrant roster,mig_living_remittance_amount,58,7735,141,141
uzbekistan,L2CU 2018-2025,data/interim/unpacked/uzbekistan/l2cu_v03/l2cu_cati_individual_data_82.csv,individual/migrant roster,mig_living_remittance_amount,59,7851,139,139
uzbekistan,L2CU 2018-2025,data/interim/unpacked/uzbekistan/l2cu_v03/l2cu_cati_individual_data_82.csv,individual/migrant roster,mig_living_remittance_amount,60,7401,118,118
uzbekistan,L2CU 2018-2025,data/interim/unpacked/uzbekistan/l2cu_v03/l2cu_cati_individual_data_82.csv,individual/migrant roster,mig_living_remittance_amount,61,7399,104,104
uzbekistan,L2CU 2018-2025,data/interim/unpacked/uzbekistan/l2cu_v03/l2cu_cati_individual_data_82.csv,individual/migrant roster,mig_living_remittance_amount,62,7361,102,102
uzbekistan,L2CU 2018-2025,data/interim/unpacked/uzbekistan/l2cu_v03/l2cu_cati_individual_data_82.csv,individual/migrant roster,mig_living_remittance_amount,63,7348,114,114
uzbekistan,L2CU 2018-2025,data/interim/unpacked/uzbekistan/l2cu_v03/l2cu_cati_individual_data_82.csv,individual/migrant roster,mig_living_remittance_amount,64,7248,90,90
uzbekistan,L2CU 2018-2025,data/interim/unpacked/uzbekistan/l2cu_v03/l2cu_cati_individual_data_82.csv,individual/migrant roster,mig_living_remittance_amount,65,7168,77,77
uzbekistan,L2CU 2018-2025,data/interim/unpacked/uzbekistan/l2cu_v03/l2cu_cati_individual_data_82.csv,individual/migrant roster,mig_living_remittance_amount,66,7124,75,75
uzbekistan,L2CU 2018-2025,data/interim/unpacked/uzbekistan/l2cu_v03/l2cu_cati_individual_data_82.csv,individual/migrant roster,mig_living_remittance_amount,67,7295,76,76
uzbekistan,L2CU 2018-2025,data/interim/unpacked/uzbekistan/l2cu_v03/l2cu_cati_individual_data_82.csv,individual/migrant roster,mig_living_remittance_amount,68,7266,79,79
uzbekistan,L2CU 2018-2025,data/interim/unpacked/uzbekistan/l2cu_v03/l2cu_cati_individual_data_82.csv,individual/migrant roster,mig_living_remittance_amount,69,7217,94,94
uzbekistan,L2CU 2018-2025,data/interim/unpacked/uzbekistan/l2cu_v03/l2cu_cati_individual_data_82.csv,individual/migrant roster,mig_living_remittance_amount,70,7113,102,102
uzbekistan,L2CU 2018-2025,data/interim/unpacked/uzbekistan/l2cu_v03/l2cu_cati_individual_data_82.csv,individual/migrant roster,mig_living_remittance_amount,71,7028,125,125
uzbekistan,L2CU 2018-2025,data/interim/unpacked/uzbekistan/l2cu_v03/l2cu_cati_individual_data_82.csv,individual/migrant roster,mig_living_remittance_amount,72,6859,124,124
uzbekistan,L2CU 2018-2025,data/interim/unpacked/uzbekistan/l2cu_v03/l2cu_cati_individual_data_82.csv,individual/migrant roster,mig_living_remittance_amount,73,6751,122,122
uzbekistan,L2CU 2018-2025,data/interim/unpacked/uzbekistan/l2cu_v03/l2cu_cati_individual_data_82.csv,individual/migrant roster,mig_living_remittance_amount,74,6690,95,95
uzbekistan,L2CU 2018-2025,data/interim/unpacked/uzbekistan/l2cu_v03/l2cu_cati_individual_data_82.csv,individual/migrant roster,mig_living_remittance_amount,75,6678,85,85
uzbekistan,L2CU 2018-2025,data/interim/unpacked/uzbekistan/l2cu_v03/l2cu_cati_individual_data_82.csv,individual/migrant roster,mig_living_remittance_amount,76,8340,83,83
uzbekistan,L2CU 2018-2025,data/interim/unpacked/uzbekistan/l2cu_v03/l2cu_cati_individual_data_82.csv,individual/migrant roster,mig_living_remittance_amount,77,8121,72,72
uzbekistan,L2CU 2018-2025,data/interim/unpacked/uzbekistan/l2cu_v03/l2cu_cati_individual_data_82.csv,individual/migrant roster,mig_living_remittance_amount,78,8012,106,106
uzbekistan,L2CU 2018-2025,data/interim/unpacked/uzbekistan/l2cu_v03/l2cu_cati_individual_data_82.csv,individual/migrant roster,mig_living_remittance_amount,79,7891,114,114
uzbekistan,L2CU 2018-2025,data/interim/unpacked/uzbekistan/l2cu_v03/l2cu_cati_individual_data_82.csv,individual/migrant roster,mig_living_remittance_amount,80,7868,115,115
uzbekistan,L2CU 2018-2025,data/interim/unpacked/uzbekistan/l2cu_v03/l2cu_cati_individual_data_82.csv,individual/migrant roster,mig_living_remittance_amount,81,7795,119,119
uzbekistan,L2CU 2018-2025,data/interim/unpacked/uzbekistan/l2cu_v03/l2cu_cati_individual_data_82.csv,individual/migrant roster,mig_living_remittance_amount,82,7779,124,124
uzbekistan,L2CU 2018-2025,data/interim/unpacked/uzbekistan/l2cu_v03/l2cu_cati_individual_data_82.csv,individual/migrant roster,mig_living_remittance_currency,1,7792,151,151
uzbekistan,L2CU 2018-2025,data/interim/unpacked/uzbekistan/l2cu_v03/l2cu_cati_individual_data_82.csv,individual/migrant roster,mig_living_remittance_currency,2,7919,137,137
uzbekistan,L2CU 2018-2025,data/interim/unpacked/uzbekistan/l2cu_v03/l2cu_cati_individual_data_82.csv,individual/migrant roster,mig_living_remittance_currency,3,7988,102,102
uzbekistan,L2CU 2018-2025,data/interim/unpacked/uzbekistan/l2cu_v03/l2cu_cati_individual_data_82.csv,individual/migrant roster,mig_living_remittance_currency,4,7990,94,94
uzbekistan,L2CU 2018-2025,data/interim/unpacked/uzbekistan/l2cu_v03/l2cu_cati_individual_data_82.csv,individual/migrant roster,mig_living_remittance_currency,5,7959,75,75
uzbekistan,L2CU 2018-2025,data/interim/unpacked/uzbekistan/l2cu_v03/l2cu_cati_individual_data_82.csv,individual/migrant roster,mig_living_remittance_currency,6,7976,66,66
uzbekistan,L2CU 2018-2025,data/interim/unpacked/uzbekistan/l2cu_v03/l2cu_cati_individual_data_82.csv,individual/migrant roster,mig_living_remittance_currency,7,7967,71,71
uzbekistan,L2CU 2018-2025,data/interim/unpacked/uzbekistan/l2cu_v03/l2cu_cati_individual_data_82.csv,individual/migrant roster,mig_living_remittance_currency,8,7981,77,77
uzbekistan,L2CU 2018-2025,data/interim/unpacked/uzbekistan/l2cu_v03/l2cu_cati_individual_data_82.csv,individual/migrant roster,mig_living_remittance_currency,9,7957,105,105
uzbekistan,L2CU 2018-2025,data/interim/unpacked/uzbekistan/l2cu_v03/l2cu_cati_individual_data_82.csv,individual/migrant roster,mig_living_remittance_currency,10,7995,113,113
uzbekistan,L2CU 2018-2025,data/interim/unpacked/uzbekistan/l2cu_v03/l2cu_cati_individual_data_82.csv,individual/migrant roster,mig_living_remittance_currency,11,7986,136,136
uzbekistan,L2CU 2018-2025,data/interim/unpacked/uzbekistan/l2cu_v03/l2cu_cati_individual_data_82.csv,individual/migrant roster,mig_living_remittance_currency,12,7986,147,147
uzbekistan,L2CU 2018-2025,data/interim/unpacked/uzbekistan/l2cu_v03/l2cu_cati_individual_data_82.csv,individual/migrant roster,mig_living_remittance_currency,13,7931,134,134
uzbekistan,L2CU 2018-2025,data/interim/unpacked/uzbekistan/l2cu_v03/l2cu_cati_individual_data_82.csv,individual/migrant roster,mig_living_remittance_currency,14,7987,109,109
uzbekistan,L2CU 2018-2025,data/interim/unpacked/uzbekistan/l2cu_v03/l2cu_cati_individual_data_82.csv,individual/migrant roster,mig_living_remittance_currency,15,8015,92,92
uzbekistan,L2CU 2018-2025,data/interim/unpacked/uzbekistan/l2cu_v03/l2cu_cati_individual_data_82.csv,individual/migrant roster,mig_living_remittance_currency,16,8010,84,84
uzbekistan,L2CU 2018-2025,data/interim/unpacked/uzbekistan/l2cu_v03/l2cu_cati_individual_data_82.csv,individual/migrant roster,mig_living_remittance_currency,17,8013,65,65
uzbekistan,L2CU 2018-2025,data/interim/unpacked/uzbekistan/l2cu_v03/l2cu_cati_individual_data_82.csv,individual/migrant roster,mig_living_remittance_currency,18,8003,78,78
uzbekistan,L2CU 2018-2025,data/interim/unpacked/uzbekistan/l2cu_v03/l2cu_cati_individual_data_82.csv,individual/migrant roster,mig_living_remittance_currency,19,7988,81,81
uzbekistan,L2CU 2018-2025,data/interim/unpacked/uzbekistan/l2cu_v03/l2cu_cati_individual_data_82.csv,individual/migrant roster,mig_living_remittance_currency,20,7980,39,39
uzbekistan,L2CU 2018-2025,data/interim/unpacked/uzbekistan/l2cu_v03/l2cu_cati_individual_data_82.csv,individual/migrant roster,mig_living_remittance_currency,21,7977,59,59
uzbekistan,L2CU 2018-2025,data/interim/unpacked/uzbekistan/l2cu_v03/l2cu_cati_individual_data_82.csv,individual/migrant roster,mig_living_remittance_currency,22,7968,72,72
uzbekistan,L2CU 2018-2025,data/interim/unpacked/uzbekistan/l2cu_v03/l2cu_cati_individual_data_82.csv,individual/migrant roster,mig_living_remittance_currency,23,7979,70,70
uzbekistan,L2CU 2018-2025,data/interim/unpacked/uzbekistan/l2cu_v03/l2cu_cati_individual_data_82.csv,individual/migrant roster,mig_living_remittance_currency,24,7989,82,82
uzbekistan,L2CU 2018-2025,data/interim/unpacked/uzbekistan/l2cu_v03/l2cu_cati_individual_data_82.csv,individual/migrant roster,mig_living_remittance_currency,25,8003,93,93
uzbekistan,L2CU 2018-2025,data/interim/unpacked/uzbekistan/l2cu_v03/l2cu_cati_individual_data_82.csv,individual/migrant roster,mig_living_remittance_currency,26,8023,85,85
uzbekistan,L2CU 2018-2025,data/interim/unpacked/uzbekistan/l2cu_v03/l2cu_cati_individual_data_82.csv,individual/migrant roster,mig_living_remittance_currency,27,7944,63,63
uzbekistan,L2CU 2018-2025,data/interim/unpacked/uzbekistan/l2cu_v03/l2cu_cati_individual_data_82.csv,individual/migrant roster,mig_living_remittance_currency,28,7887,69,69
uzbekistan,L2CU 2018-2025,data/interim/unpacked/uzbekistan/l2cu_v03/l2cu_cati_individual_data_82.csv,individual/migrant roster,mig_living_remittance_currency,29,7866,78,78
uzbekistan,L2CU 2018-2025,data/interim/unpacked/uzbekistan/l2cu_v03/l2cu_cati_individual_data_82.csv,individual/migrant roster,mig_living_remittance_currency,30,7862,66,66
uzbekistan,L2CU 2018-2025,data/interim/unpacked/uzbekistan/l2cu_v03/l2cu_cati_individual_data_82.csv,individual/migrant roster,mig_living_remittance_currency,31,7853,67,67
uzbekistan,L2CU 2018-2025,data/interim/unpacked/uzbekistan/l2cu_v03/l2cu_cati_individual_data_82.csv,individual/migrant roster,mig_living_remittance_currency,32,7824,77,77
uzbekistan,L2CU 2018-2025,data/interim/unpacked/uzbekistan/l2cu_v03/l2cu_cati_individual_data_82.csv,individual/migrant roster,mig_living_remittance_currency,33,7821,70,70
uzbekistan,L2CU 2018-2025,data/interim/unpacked/uzbekistan/l2cu_v03/l2cu_cati_individual_data_82.csv,individual/migrant roster,mig_living_remittance_currency,34,7831,90,90
uzbekistan,L2CU 2018-2025,data/interim/unpacked/uzbekistan/l2cu_v03/l2cu_cati_individual_data_82.csv,individual/migrant roster,mig_living_remittance_currency,35,7835,108,108
uzbekistan,L2CU 2018-2025,data/interim/unpacked/uzbekistan/l2cu_v03/l2cu_cati_individual_data_82.csv,individual/migrant roster,mig_living_remittance_currency,36,7832,110,110
uzbekistan,L2CU 2018-2025,data/interim/unpacked/uzbekistan/l2cu_v03/l2cu_cati_individual_data_82.csv,individual/migrant roster,mig_living_remittance_currency,37,7827,129,129
uzbekistan,L2CU 2018-2025,data/interim/unpacked/uzbekistan/l2cu_v03/l2cu_cati_individual_data_82.csv,individual/migrant roster,mig_living_remittance_currency,38,7808,130,130
uzbekistan,L2CU 2018-2025,data/interim/unpacked/uzbekistan/l2cu_v03/l2cu_cati_individual_data_82.csv,individual/migrant roster,mig_living_remittance_currency,39,7800,118,118
uzbekistan,L2CU 2018-2025,data/interim/unpacked/uzbekistan/l2cu_v03/l2cu_cati_individual_data_82.csv,individual/migrant roster,mig_living_remittance_currency,40,7813,121,121
uzbekistan,L2CU 2018-2025,data/interim/unpacked/uzbekistan/l2cu_v03/l2cu_cati_individual_data_82.csv,individual/migrant roster,mig_living_remittance_currency,41,7802,119,119
uzbekistan,L2CU 2018-2025,data/interim/unpacked/uzbekistan/l2cu_v03/l2cu_cati_individual_data_82.csv,individual/migrant roster,mig_living_remittance_currency,42,7826,93,93
uzbekistan,L2CU 2018-2025,data/interim/unpacked/uzbekistan/l2cu_v03/l2cu_cati_individual_data_82.csv,individual/migrant roster,mig_living_remittance_currency,43,7833,43,43
uzbekistan,L2CU 2018-2025,data/interim/unpacked/uzbekistan/l2cu_v03/l2cu_cati_individual_data_82.csv,individual/migrant roster,mig_living_remittance_currency,44,7821,75,75
uzbekistan,L2CU 2018-2025,data/interim/unpacked/uzbekistan/l2cu_v03/l2cu_cati_individual_data_82.csv,individual/migrant roster,mig_living_remittance_currency,45,7813,107,107
uzbekistan,L2CU 2018-2025,data/interim/unpacked/uzbekistan/l2cu_v03/l2cu_cati_individual_data_82.csv,individual/migrant roster,mig_living_remittance_currency,46,7791,141,141
uzbekistan,L2CU 2018-2025,data/interim/unpacked/uzbekistan/l2cu_v03/l2cu_cati_individual_data_82.csv,individual/migrant roster,mig_living_remittance_currency,47,7783,149,149
uzbekistan,L2CU 2018-2025,data/interim/unpacked/uzbekistan/l2cu_v03/l2cu_cati_individual_data_82.csv,individual/migrant roster,mig_living_remittance_currency,48,7811,131,131
uzbekistan,L2CU 2018-2025,data/interim/unpacked/uzbekistan/l2cu_v03/l2cu_cati_individual_data_82.csv,individual/migrant roster,mig_living_remittance_currency,49,7818,153,153
uzbekistan,L2CU 2018-2025,data/interim/unpacked/uzbekistan/l2cu_v03/l2cu_cati_individual_data_82.csv,individual/migrant roster,mig_living_remittance_currency,50,7834,108,108
uzbekistan,L2CU 2018-2025,data/interim/unpacked/uzbekistan/l2cu_v03/l2cu_cati_individual_data_82.csv,individual/migrant roster,mig_living_remittance_currency,51,7841,106,106
uzbekistan,L2CU 2018-2025,data/interim/unpacked/uzbekistan/l2cu_v03/l2cu_cati_individual_data_82.csv,individual/migrant roster,mig_living_remittance_currency,52,7821,89,89
uzbekistan,L2CU 2018-2025,data/interim/unpacked/uzbekistan/l2cu_v03/l2cu_cati_individual_data_82.csv,individual/migrant roster,mig_living_remittance_currency,53,7788,80,80
uzbekistan,L2CU 2018-2025,data/interim/unpacked/uzbekistan/l2cu_v03/l2cu_cati_individual_data_82.csv,individual/migrant roster,mig_living_remittance_currency,54,7799,98,98
uzbekistan,L2CU 2018-2025,data/interim/unpacked/uzbekistan/l2cu_v03/l2cu_cati_individual_data_82.csv,individual/migrant roster,mig_living_remittance_currency,55,7776,80,80
uzbekistan,L2CU 2018-2025,data/interim/unpacked/uzbekistan/l2cu_v03/l2cu_cati_individual_data_82.csv,individual/migrant roster,mig_living_remittance_currency,56,7757,96,96
uzbekistan,L2CU 2018-2025,data/interim/unpacked/uzbekistan/l2cu_v03/l2cu_cati_individual_data_82.csv,individual/migrant roster,mig_living_remittance_currency,57,7733,120,120
uzbekistan,L2CU 2018-2025,data/interim/unpacked/uzbekistan/l2cu_v03/l2cu_cati_individual_data_82.csv,individual/migrant roster,mig_living_remittance_currency,58,7735,141,141
uzbekistan,L2CU 2018-2025,data/interim/unpacked/uzbekistan/l2cu_v03/l2cu_cati_individual_data_82.csv,individual/migrant roster,mig_living_remittance_currency,59,7851,139,139
uzbekistan,L2CU 2018-2025,data/interim/unpacked/uzbekistan/l2cu_v03/l2cu_cati_individual_data_82.csv,individual/migrant roster,mig_living_remittance_currency,60,7401,118,118
uzbekistan,L2CU 2018-2025,data/interim/unpacked/uzbekistan/l2cu_v03/l2cu_cati_individual_data_82.csv,individual/migrant roster,mig_living_remittance_currency,61,7399,104,104
uzbekistan,L2CU 2018-2025,data/interim/unpacked/uzbekistan/l2cu_v03/l2cu_cati_individual_data_82.csv,individual/migrant roster,mig_living_remittance_currency,62,7361,102,102
uzbekistan,L2CU 2018-2025,data/interim/unpacked/uzbekistan/l2cu_v03/l2cu_cati_individual_data_82.csv,individual/migrant roster,mig_living_remittance_currency,63,7348,114,114
uzbekistan,L2CU 2018-2025,data/interim/unpacked/uzbekistan/l2cu_v03/l2cu_cati_individual_data_82.csv,individual/migrant roster,mig_living_remittance_currency,64,7248,90,90
uzbekistan,L2CU 2018-2025,data/interim/unpacked/uzbekistan/l2cu_v03/l2cu_cati_individual_data_82.csv,individual/migrant roster,mig_living_remittance_currency,65,7168,77,77
uzbekistan,L2CU 2018-2025,data/interim/unpacked/uzbekistan/l2cu_v03/l2cu_cati_individual_data_82.csv,individual/migrant roster,mig_living_remittance_currency,66,7124,75,75
uzbekistan,L2CU 2018-2025,data/interim/unpacked/uzbekistan/l2cu_v03/l2cu_cati_individual_data_82.csv,individual/migrant roster,mig_living_remittance_currency,67,7295,76,76
uzbekistan,L2CU 2018-2025,data/interim/unpacked/uzbekistan/l2cu_v03/l2cu_cati_individual_data_82.csv,individual/migrant roster,mig_living_remittance_currency,68,7266,79,79
uzbekistan,L2CU 2018-2025,data/interim/unpacked/uzbekistan/l2cu_v03/l2cu_cati_individual_data_82.csv,individual/migrant roster,mig_living_remittance_currency,69,7217,94,94
uzbekistan,L2CU 2018-2025,data/interim/unpacked/uzbekistan/l2cu_v03/l2cu_cati_individual_data_82.csv,individual/migrant roster,mig_living_remittance_currency,70,7113,102,102
uzbekistan,L2CU 2018-2025,data/interim/unpacked/uzbekistan/l2cu_v03/l2cu_cati_individual_data_82.csv,individual/migrant roster,mig_living_remittance_currency,71,7028,125,125
uzbekistan,L2CU 2018-2025,data/interim/unpacked/uzbekistan/l2cu_v03/l2cu_cati_individual_data_82.csv,individual/migrant roster,mig_living_remittance_currency,72,6859,124,124
uzbekistan,L2CU 2018-2025,data/interim/unpacked/uzbekistan/l2cu_v03/l2cu_cati_individual_data_82.csv,individual/migrant roster,mig_living_remittance_currency,73,6751,122,122
uzbekistan,L2CU 2018-2025,data/interim/unpacked/uzbekistan/l2cu_v03/l2cu_cati_individual_data_82.csv,individual/migrant roster,mig_living_remittance_currency,74,6690,95,95
uzbekistan,L2CU 2018-2025,data/interim/unpacked/uzbekistan/l2cu_v03/l2cu_cati_individual_data_82.csv,individual/migrant roster,mig_living_remittance_currency,75,6678,85,85
uzbekistan,L2CU 2018-2025,data/interim/unpacked/uzbekistan/l2cu_v03/l2cu_cati_individual_data_82.csv,individual/migrant roster,mig_living_remittance_currency,76,8340,83,83
uzbekistan,L2CU 2018-2025,data/interim/unpacked/uzbekistan/l2cu_v03/l2cu_cati_individual_data_82.csv,individual/migrant roster,mig_living_remittance_currency,77,8121,72,72
uzbekistan,L2CU 2018-2025,data/interim/unpacked/uzbekistan/l2cu_v03/l2cu_cati_individual_data_82.csv,individual/migrant roster,mig_living_remittance_currency,78,8012,106,106
uzbekistan,L2CU 2018-2025,data/interim/unpacked/uzbekistan/l2cu_v03/l2cu_cati_individual_data_82.csv,individual/migrant roster,mig_living_remittance_currency,79,7891,114,114
uzbekistan,L2CU 2018-2025,data/interim/unpacked/uzbekistan/l2cu_v03/l2cu_cati_individual_data_82.csv,individual/migrant roster,mig_living_remittance_currency,80,7868,115,115
uzbekistan,L2CU 2018-2025,data/interim/unpacked/uzbekistan/l2cu_v03/l2cu_cati_individual_data_82.csv,individual/migrant roster,mig_living_remittance_currency,81,7795,119,119
uzbekistan,L2CU 2018-2025,data/interim/unpacked/uzbekistan/l2cu_v03/l2cu_cati_individual_data_82.csv,individual/migrant roster,mig_living_remittance_currency,82,7779,124,124
uzbekistan,L2CU 2018-2025,data/interim/unpacked/uzbekistan/l2cu_v03/l2cu_cati_individual_data_82.csv,individual/migrant roster,remittance_hh,1,7792,7792,7792
uzbekistan,L2CU 2018-2025,data/interim/unpacked/uzbekistan/l2cu_v03/l2cu_cati_individual_data_82.csv,individual/migrant roster,remittance_hh,2,7919,7919,7919
uzbekistan,L2CU 2018-2025,data/interim/unpacked/uzbekistan/l2cu_v03/l2cu_cati_individual_data_82.csv,individual/migrant roster,remittance_hh,3,7988,7988,7988
uzbekistan,L2CU 2018-2025,data/interim/unpacked/uzbekistan/l2cu_v03/l2cu_cati_individual_data_82.csv,individual/migrant roster,remittance_hh,4,7990,7990,7990
uzbekistan,L2CU 2018-2025,data/interim/unpacked/uzbekistan/l2cu_v03/l2cu_cati_individual_data_82.csv,individual/migrant roster,remittance_hh,5,7959,7959,7959
uzbekistan,L2CU 2018-2025,data/interim/unpacked/uzbekistan/l2cu_v03/l2cu_cati_individual_data_82.csv,individual/migrant roster,remittance_hh,6,7976,7976,7976
uzbekistan,L2CU 2018-2025,data/interim/unpacked/uzbekistan/l2cu_v03/l2cu_cati_individual_data_82.csv,individual/migrant roster,remittance_hh,7,7967,7967,7967
uzbekistan,L2CU 2018-2025,data/interim/unpacked/uzbekistan/l2cu_v03/l2cu_cati_individual_data_82.csv,individual/migrant roster,remittance_hh,8,7981,7981,7981
uzbekistan,L2CU 2018-2025,data/interim/unpacked/uzbekistan/l2cu_v03/l2cu_cati_individual_data_82.csv,individual/migrant roster,remittance_hh,9,7957,7957,7957
uzbekistan,L2CU 2018-2025,data/interim/unpacked/uzbekistan/l2cu_v03/l2cu_cati_individual_data_82.csv,individual/migrant roster,remittance_hh,10,7995,7995,7995
uzbekistan,L2CU 2018-2025,data/interim/unpacked/uzbekistan/l2cu_v03/l2cu_cati_individual_data_82.csv,individual/migrant roster,remittance_hh,11,7986,7986,7986
uzbekistan,L2CU 2018-2025,data/interim/unpacked/uzbekistan/l2cu_v03/l2cu_cati_individual_data_82.csv,individual/migrant roster,remittance_hh,12,7986,7986,7986
uzbekistan,L2CU 2018-2025,data/interim/unpacked/uzbekistan/l2cu_v03/l2cu_cati_individual_data_82.csv,individual/migrant roster,remittance_hh,13,7931,7931,7931
uzbekistan,L2CU 2018-2025,data/interim/unpacked/uzbekistan/l2cu_v03/l2cu_cati_individual_data_82.csv,individual/migrant roster,remittance_hh,14,7987,7987,7987
uzbekistan,L2CU 2018-2025,data/interim/unpacked/uzbekistan/l2cu_v03/l2cu_cati_individual_data_82.csv,individual/migrant roster,remittance_hh,15,8015,8015,8015
uzbekistan,L2CU 2018-2025,data/interim/unpacked/uzbekistan/l2cu_v03/l2cu_cati_individual_data_82.csv,individual/migrant roster,remittance_hh,16,8010,8010,8010
uzbekistan,L2CU 2018-2025,data/interim/unpacked/uzbekistan/l2cu_v03/l2cu_cati_individual_data_82.csv,individual/migrant roster,remittance_hh,17,8013,8013,8013
uzbekistan,L2CU 2018-2025,data/interim/unpacked/uzbekistan/l2cu_v03/l2cu_cati_individual_data_82.csv,individual/migrant roster,remittance_hh,18,8003,8003,8003
uzbekistan,L2CU 2018-2025,data/interim/unpacked/uzbekistan/l2cu_v03/l2cu_cati_individual_data_82.csv,individual/migrant roster,remittance_hh,19,7988,7988,7988
uzbekistan,L2CU 2018-2025,data/interim/unpacked/uzbekistan/l2cu_v03/l2cu_cati_individual_data_82.csv,individual/migrant roster,remittance_hh,20,7980,7980,7980
uzbekistan,L2CU 2018-2025,data/interim/unpacked/uzbekistan/l2cu_v03/l2cu_cati_individual_data_82.csv,individual/migrant roster,remittance_hh,21,7977,7977,7977
uzbekistan,L2CU 2018-2025,data/interim/unpacked/uzbekistan/l2cu_v03/l2cu_cati_individual_data_82.csv,individual/migrant roster,remittance_hh,22,7968,7968,7968
uzbekistan,L2CU 2018-2025,data/interim/unpacked/uzbekistan/l2cu_v03/l2cu_cati_individual_data_82.csv,individual/migrant roster,remittance_hh,23,7979,7979,7979
uzbekistan,L2CU 2018-2025,data/interim/unpacked/uzbekistan/l2cu_v03/l2cu_cati_individual_data_82.csv,individual/migrant roster,remittance_hh,24,7989,7989,7989
uzbekistan,L2CU 2018-2025,data/interim/unpacked/uzbekistan/l2cu_v03/l2cu_cati_individual_data_82.csv,individual/migrant roster,remittance_hh,25,8003,8003,8003
uzbekistan,L2CU 2018-2025,data/interim/unpacked/uzbekistan/l2cu_v03/l2cu_cati_individual_data_82.csv,individual/migrant roster,remittance_hh,26,8023,8023,8023
uzbekistan,L2CU 2018-2025,data/interim/unpacked/uzbekistan/l2cu_v03/l2cu_cati_individual_data_82.csv,individual/migrant roster,remittance_hh,27,7944,7944,7944
uzbekistan,L2CU 2018-2025,data/interim/unpacked/uzbekistan/l2cu_v03/l2cu_cati_individual_data_82.csv,individual/migrant roster,remittance_hh,28,7887,7887,7887
uzbekistan,L2CU 2018-2025,data/interim/unpacked/uzbekistan/l2cu_v03/l2cu_cati_individual_data_82.csv,individual/migrant roster,remittance_hh,29,7866,7866,7866
uzbekistan,L2CU 2018-2025,data/interim/unpacked/uzbekistan/l2cu_v03/l2cu_cati_individual_data_82.csv,individual/migrant roster,remittance_hh,30,7862,7862,7862
uzbekistan,L2CU 2018-2025,data/interim/unpacked/uzbekistan/l2cu_v03/l2cu_cati_individual_data_82.csv,individual/migrant roster,remittance_hh,31,7853,7853,7853
uzbekistan,L2CU 2018-2025,data/interim/unpacked/uzbekistan/l2cu_v03/l2cu_cati_individual_data_82.csv,individual/migrant roster,remittance_hh,32,7824,7824,7824
uzbekistan,L2CU 2018-2025,data/interim/unpacked/uzbekistan/l2cu_v03/l2cu_cati_individual_data_82.csv,individual/migrant roster,remittance_hh,33,7821,7821,7821
uzbekistan,L2CU 2018-2025,data/interim/unpacked/uzbekistan/l2cu_v03/l2cu_cati_individual_data_82.csv,individual/migrant roster,remittance_hh,34,7831,7831,7831
uzbekistan,L2CU 2018-2025,data/interim/unpacked/uzbekistan/l2cu_v03/l2cu_cati_individual_data_82.csv,individual/migrant roster,remittance_hh,35,7835,7835,7835
uzbekistan,L2CU 2018-2025,data/interim/unpacked/uzbekistan/l2cu_v03/l2cu_cati_individual_data_82.csv,individual/migrant roster,remittance_hh,36,7832,7832,7832
uzbekistan,L2CU 2018-2025,data/interim/unpacked/uzbekistan/l2cu_v03/l2cu_cati_individual_data_82.csv,individual/migrant roster,remittance_hh,37,7827,7827,7827
uzbekistan,L2CU 2018-2025,data/interim/unpacked/uzbekistan/l2cu_v03/l2cu_cati_individual_data_82.csv,individual/migrant roster,remittance_hh,38,7808,7808,7808
uzbekistan,L2CU 2018-2025,data/interim/unpacked/uzbekistan/l2cu_v03/l2cu_cati_individual_data_82.csv,individual/migrant roster,remittance_hh,39,7800,7800,7800
uzbekistan,L2CU 2018-2025,data/interim/unpacked/uzbekistan/l2cu_v03/l2cu_cati_individual_data_82.csv,individual/migrant roster,remittance_hh,40,7813,7813,7813
uzbekistan,L2CU 2018-2025,data/interim/unpacked/uzbekistan/l2cu_v03/l2cu_cati_individual_data_82.csv,individual/migrant roster,remittance_hh,41,7802,7802,7802
uzbekistan,L2CU 2018-2025,data/interim/unpacked/uzbekistan/l2cu_v03/l2cu_cati_individual_data_82.csv,individual/migrant roster,remittance_hh,42,7826,7826,7826
uzbekistan,L2CU 2018-2025,data/interim/unpacked/uzbekistan/l2cu_v03/l2cu_cati_individual_data_82.csv,individual/migrant roster,remittance_hh,43,7833,7833,7833
uzbekistan,L2CU 2018-2025,data/interim/unpacked/uzbekistan/l2cu_v03/l2cu_cati_individual_data_82.csv,individual/migrant roster,remittance_hh,44,7821,7821,7821
uzbekistan,L2CU 2018-2025,data/interim/unpacked/uzbekistan/l2cu_v03/l2cu_cati_individual_data_82.csv,individual/migrant roster,remittance_hh,45,7813,7813,7813
uzbekistan,L2CU 2018-2025,data/interim/unpacked/uzbekistan/l2cu_v03/l2cu_cati_individual_data_82.csv,individual/migrant roster,remittance_hh,46,7791,7791,7791
uzbekistan,L2CU 2018-2025,data/interim/unpacked/uzbekistan/l2cu_v03/l2cu_cati_individual_data_82.csv,individual/migrant roster,remittance_hh,47,7783,7783,7783
uzbekistan,L2CU 2018-2025,data/interim/unpacked/uzbekistan/l2cu_v03/l2cu_cati_individual_data_82.csv,individual/migrant roster,remittance_hh,48,7811,7811,7811
uzbekistan,L2CU 2018-2025,data/interim/unpacked/uzbekistan/l2cu_v03/l2cu_cati_individual_data_82.csv,individual/migrant roster,remittance_hh,49,7818,7818,7818
uzbekistan,L2CU 2018-2025,data/interim/unpacked/uzbekistan/l2cu_v03/l2cu_cati_individual_data_82.csv,individual/migrant roster,remittance_hh,50,7834,7834,7834
uzbekistan,L2CU 2018-2025,data/interim/unpacked/uzbekistan/l2cu_v03/l2cu_cati_individual_data_82.csv,individual/migrant roster,remittance_hh,51,7841,7841,7841
uzbekistan,L2CU 2018-2025,data/interim/unpacked/uzbekistan/l2cu_v03/l2cu_cati_individual_data_82.csv,individual/migrant roster,remittance_hh,52,7821,7821,7821
uzbekistan,L2CU 2018-2025,data/interim/unpacked/uzbekistan/l2cu_v03/l2cu_cati_individual_data_82.csv,individual/migrant roster,remittance_hh,53,7788,7788,7788
uzbekistan,L2CU 2018-2025,data/interim/unpacked/uzbekistan/l2cu_v03/l2cu_cati_individual_data_82.csv,individual/migrant roster,remittance_hh,54,7799,7799,7799
uzbekistan,L2CU 2018-2025,data/interim/unpacked/uzbekistan/l2cu_v03/l2cu_cati_individual_data_82.csv,individual/migrant roster,remittance_hh,55,7776,7776,7776
uzbekistan,L2CU 2018-2025,data/interim/unpacked/uzbekistan/l2cu_v03/l2cu_cati_individual_data_82.csv,individual/migrant roster,remittance_hh,56,7757,7757,7757
uzbekistan,L2CU 2018-2025,data/interim/unpacked/uzbekistan/l2cu_v03/l2cu_cati_individual_data_82.csv,individual/migrant roster,remittance_hh,57,7733,7733,7733
uzbekistan,L2CU 2018-2025,data/interim/unpacked/uzbekistan/l2cu_v03/l2cu_cati_individual_data_82.csv,individual/migrant roster,remittance_hh,58,7735,7735,7735
uzbekistan,L2CU 2018-2025,data/interim/unpacked/uzbekistan/l2cu_v03/l2cu_cati_individual_data_82.csv,individual/migrant roster,remittance_hh,59,7851,7851,7851
uzbekistan,L2CU 2018-2025,data/interim/unpacked/uzbekistan/l2cu_v03/l2cu_cati_individual_data_82.csv,individual/migrant roster,remittance_hh,60,7401,7401,7401
uzbekistan,L2CU 2018-2025,data/interim/unpacked/uzbekistan/l2cu_v03/l2cu_cati_individual_data_82.csv,individual/migrant roster,remittance_hh,61,7399,7399,7399
uzbekistan,L2CU 2018-2025,data/interim/unpacked/uzbekistan/l2cu_v03/l2cu_cati_individual_data_82.csv,individual/migrant roster,remittance_hh,62,7361,7361,7361
uzbekistan,L2CU 2018-2025,data/interim/unpacked/uzbekistan/l2cu_v03/l2cu_cati_individual_data_82.csv,individual/migrant roster,remittance_hh,63,7348,7348,7348
uzbekistan,L2CU 2018-2025,data/interim/unpacked/uzbekistan/l2cu_v03/l2cu_cati_individual_data_82.csv,individual/migrant roster,remittance_hh,64,7248,7248,7248
uzbekistan,L2CU 2018-2025,data/interim/unpacked/uzbekistan/l2cu_v03/l2cu_cati_individual_data_82.csv,individual/migrant roster,remittance_hh,65,7168,7168,7168
uzbekistan,L2CU 2018-2025,data/interim/unpacked/uzbekistan/l2cu_v03/l2cu_cati_individual_data_82.csv,individual/migrant roster,remittance_hh,66,7124,7124,7124
uzbekistan,L2CU 2018-2025,data/interim/unpacked/uzbekistan/l2cu_v03/l2cu_cati_individual_data_82.csv,individual/migrant roster,remittance_hh,67,7295,7295,7295
uzbekistan,L2CU 2018-2025,data/interim/unpacked/uzbekistan/l2cu_v03/l2cu_cati_individual_data_82.csv,individual/migrant roster,remittance_hh,68,7266,7266,7266
uzbekistan,L2CU 2018-2025,data/interim/unpacked/uzbekistan/l2cu_v03/l2cu_cati_individual_data_82.csv,individual/migrant roster,remittance_hh,69,7217,7217,7217
uzbekistan,L2CU 2018-2025,data/interim/unpacked/uzbekistan/l2cu_v03/l2cu_cati_individual_data_82.csv,individual/migrant roster,remittance_hh,70,7113,7113,7113
uzbekistan,L2CU 2018-2025,data/interim/unpacked/uzbekistan/l2cu_v03/l2cu_cati_individual_data_82.csv,individual/migrant roster,remittance_hh,71,7028,7028,7028
uzbekistan,L2CU 2018-2025,data/interim/unpacked/uzbekistan/l2cu_v03/l2cu_cati_individual_data_82.csv,individual/migrant roster,remittance_hh,72,6859,6859,6859
uzbekistan,L2CU 2018-2025,data/interim/unpacked/uzbekistan/l2cu_v03/l2cu_cati_individual_data_82.csv,individual/migrant roster,remittance_hh,73,6751,6751,6751
uzbekistan,L2CU 2018-2025,data/interim/unpacked/uzbekistan/l2cu_v03/l2cu_cati_individual_data_82.csv,individual/migrant roster,remittance_hh,74,6690,6690,6690
uzbekistan,L2CU 2018-2025,data/interim/unpacked/uzbekistan/l2cu_v03/l2cu_cati_individual_data_82.csv,individual/migrant roster,remittance_hh,75,6678,6678,6678
uzbekistan,L2CU 2018-2025,data/interim/unpacked/uzbekistan/l2cu_v03/l2cu_cati_individual_data_82.csv,individual/migrant roster,remittance_hh,76,8340,8340,8340
uzbekistan,L2CU 2018-2025,data/interim/unpacked/uzbekistan/l2cu_v03/l2cu_cati_individual_data_82.csv,individual/migrant roster,remittance_hh,77,8121,8121,8121
uzbekistan,L2CU 2018-2025,data/interim/unpacked/uzbekistan/l2cu_v03/l2cu_cati_individual_data_82.csv,individual/migrant roster,remittance_hh,78,8012,8012,8012
uzbekistan,L2CU 2018-2025,data/interim/unpacked/uzbekistan/l2cu_v03/l2cu_cati_individual_data_82.csv,individual/migrant roster,remittance_hh,79,7891,7891,7891
uzbekistan,L2CU 2018-2025,data/interim/unpacked/uzbekistan/l2cu_v03/l2cu_cati_individual_data_82.csv,individual/migrant roster,remittance_hh,80,7868,7868,7868
uzbekistan,L2CU 2018-2025,data/interim/unpacked/uzbekistan/l2cu_v03/l2cu_cati_individual_data_82.csv,individual/migrant roster,remittance_hh,81,7795,7795,7795
uzbekistan,L2CU 2018-2025,data/interim/unpacked/uzbekistan/l2cu_v03/l2cu_cati_individual_data_82.csv,individual/migrant roster,remittance_hh,82,7779,7779,7779
uzbekistan,L2CU 2018-2025,data/interim/unpacked/uzbekistan/l2cu_v03/l2cu_cati_individual_data_82.csv,individual/migrant roster,remittance_hh_amount,1,7792,99,99
uzbekistan,L2CU 2018-2025,data/interim/unpacked/uzbekistan/l2cu_v03/l2cu_cati_individual_data_82.csv,individual/migrant roster,remittance_hh_amount,2,7919,39,39
uzbekistan,L2CU 2018-2025,data/interim/unpacked/uzbekistan/l2cu_v03/l2cu_cati_individual_data_82.csv,individual/migrant roster,remittance_hh_amount,3,7988,26,26
uzbekistan,L2CU 2018-2025,data/interim/unpacked/uzbekistan/l2cu_v03/l2cu_cati_individual_data_82.csv,individual/migrant roster,remittance_hh_amount,4,7990,5,5
uzbekistan,L2CU 2018-2025,data/interim/unpacked/uzbekistan/l2cu_v03/l2cu_cati_individual_data_82.csv,individual/migrant roster,remittance_hh_amount,5,7959,33,33
uzbekistan,L2CU 2018-2025,data/interim/unpacked/uzbekistan/l2cu_v03/l2cu_cati_individual_data_82.csv,individual/migrant roster,remittance_hh_amount,6,7976,5,5
uzbekistan,L2CU 2018-2025,data/interim/unpacked/uzbekistan/l2cu_v03/l2cu_cati_individual_data_82.csv,individual/migrant roster,remittance_hh_amount,7,7967,12,1
uzbekistan,L2CU 2018-2025,data/interim/unpacked/uzbekistan/l2cu_v03/l2cu_cati_individual_data_82.csv,individual/migrant roster,remittance_hh_amount,8,7981,0,0
uzbekistan,L2CU 2018-2025,data/interim/unpacked/uzbekistan/l2cu_v03/l2cu_cati_individual_data_82.csv,individual/migrant roster,remittance_hh_amount,9,7957,0,0
uzbekistan,L2CU 2018-2025,data/interim/unpacked/uzbekistan/l2cu_v03/l2cu_cati_individual_data_82.csv,individual/migrant roster,remittance_hh_amount,10,7995,0,0
uzbekistan,L2CU 2018-2025,data/interim/unpacked/uzbekistan/l2cu_v03/l2cu_cati_individual_data_82.csv,individual/migrant roster,remittance_hh_amount,11,7986,0,0
uzbekistan,L2CU 2018-2025,data/interim/unpacked/uzbekistan/l2cu_v03/l2cu_cati_individual_data_82.csv,individual/migrant roster,remittance_hh_amount,12,7986,0,0
uzbekistan,L2CU 2018-2025,data/interim/unpacked/uzbekistan/l2cu_v03/l2cu_cati_individual_data_82.csv,individual/migrant roster,remittance_hh_amount,13,7931,0,0
uzbekistan,L2CU 2018-2025,data/interim/unpacked/uzbekistan/l2cu_v03/l2cu_cati_individual_data_82.csv,individual/migrant roster,remittance_hh_amount,14,7987,0,0
uzbekistan,L2CU 2018-2025,data/interim/unpacked/uzbekistan/l2cu_v03/l2cu_cati_individual_data_82.csv,individual/migrant roster,remittance_hh_amount,15,8015,1,1
uzbekistan,L2CU 2018-2025,data/interim/unpacked/uzbekistan/l2cu_v03/l2cu_cati_individual_data_82.csv,individual/migrant roster,remittance_hh_amount,16,8010,0,0
uzbekistan,L2CU 2018-2025,data/interim/unpacked/uzbekistan/l2cu_v03/l2cu_cati_individual_data_82.csv,individual/migrant roster,remittance_hh_amount,17,8013,0,0
uzbekistan,L2CU 2018-2025,data/interim/unpacked/uzbekistan/l2cu_v03/l2cu_cati_individual_data_82.csv,individual/migrant roster,remittance_hh_amount,18,8003,0,0
uzbekistan,L2CU 2018-2025,data/interim/unpacked/uzbekistan/l2cu_v03/l2cu_cati_individual_data_82.csv,individual/migrant roster,remittance_hh_amount,19,7988,0,0
uzbekistan,L2CU 2018-2025,data/interim/unpacked/uzbekistan/l2cu_v03/l2cu_cati_individual_data_82.csv,individual/migrant roster,remittance_hh_amount,20,7980,0,0
uzbekistan,L2CU 2018-2025,data/interim/unpacked/uzbekistan/l2cu_v03/l2cu_cati_individual_data_82.csv,individual/migrant roster,remittance_hh_amount,21,7977,15,15
uzbekistan,L2CU 2018-2025,data/interim/unpacked/uzbekistan/l2cu_v03/l2cu_cati_individual_data_82.csv,individual/migrant roster,remittance_hh_amount,22,7968,0,0
uzbekistan,L2CU 2018-2025,data/interim/unpacked/uzbekistan/l2cu_v03/l2cu_cati_individual_data_82.csv,individual/migrant roster,remittance_hh_amount,23,7979,22,22
uzbekistan,L2CU 2018-2025,data/interim/unpacked/uzbekistan/l2cu_v03/l2cu_cati_individual_data_82.csv,individual/migrant roster,remittance_hh_amount,24,7989,0,0
uzbekistan,L2CU 2018-2025,data/interim/unpacked/uzbekistan/l2cu_v03/l2cu_cati_individual_data_82.csv,individual/migrant roster,remittance_hh_amount,25,8003,13,13
uzbekistan,L2CU 2018-2025,data/interim/unpacked/uzbekistan/l2cu_v03/l2cu_cati_individual_data_82.csv,individual/migrant roster,remittance_hh_amount,26,8023,15,15
uzbekistan,L2CU 2018-2025,data/interim/unpacked/uzbekistan/l2cu_v03/l2cu_cati_individual_data_82.csv,individual/migrant roster,remittance_hh_amount,27,7944,0,0
uzbekistan,L2CU 2018-2025,data/interim/unpacked/uzbekistan/l2cu_v03/l2cu_cati_individual_data_82.csv,individual/migrant roster,remittance_hh_amount,28,7887,2,2
uzbekistan,L2CU 2018-2025,data/interim/unpacked/uzbekistan/l2cu_v03/l2cu_cati_individual_data_82.csv,individual/migrant roster,remittance_hh_amount,29,7866,16,16
uzbekistan,L2CU 2018-2025,data/interim/unpacked/uzbekistan/l2cu_v03/l2cu_cati_individual_data_82.csv,individual/migrant roster,remittance_hh_amount,30,7862,0,0
uzbekistan,L2CU 2018-2025,data/interim/unpacked/uzbekistan/l2cu_v03/l2cu_cati_individual_data_82.csv,individual/migrant roster,remittance_hh_amount,31,7853,0,0
uzbekistan,L2CU 2018-2025,data/interim/unpacked/uzbekistan/l2cu_v03/l2cu_cati_individual_data_82.csv,individual/migrant roster,remittance_hh_amount,32,7824,0,0
uzbekistan,L2CU 2018-2025,data/interim/unpacked/uzbekistan/l2cu_v03/l2cu_cati_individual_data_82.csv,individual/migrant roster,remittance_hh_amount,33,7821,4,0
uzbekistan,L2CU 2018-2025,data/interim/unpacked/uzbekistan/l2cu_v03/l2cu_cati_individual_data_82.csv,individual/migrant roster,remittance_hh_amount,34,7831,0,0
uzbekistan,L2CU 2018-2025,data/interim/unpacked/uzbekistan/l2cu_v03/l2cu_cati_individual_data_82.csv,individual/migrant roster,remittance_hh_amount,35,7835,0,0
uzbekistan,L2CU 2018-2025,data/interim/unpacked/uzbekistan/l2cu_v03/l2cu_cati_individual_data_82.csv,individual/migrant roster,remittance_hh_amount,36,7832,0,0
uzbekistan,L2CU 2018-2025,data/interim/unpacked/uzbekistan/l2cu_v03/l2cu_cati_individual_data_82.csv,individual/migrant roster,remittance_hh_amount,37,7827,0,0
uzbekistan,L2CU 2018-2025,data/interim/unpacked/uzbekistan/l2cu_v03/l2cu_cati_individual_data_82.csv,individual/migrant roster,remittance_hh_amount,38,7808,0,0
uzbekistan,L2CU 2018-2025,data/interim/unpacked/uzbekistan/l2cu_v03/l2cu_cati_individual_data_82.csv,individual/migrant roster,remittance_hh_amount,39,7800,0,0
uzbekistan,L2CU 2018-2025,data/interim/unpacked/uzbekistan/l2cu_v03/l2cu_cati_individual_data_82.csv,individual/migrant roster,remittance_hh_amount,40,7813,3,3
uzbekistan,L2CU 2018-2025,data/interim/unpacked/uzbekistan/l2cu_v03/l2cu_cati_individual_data_82.csv,individual/migrant roster,remittance_hh_amount,41,7802,0,0
uzbekistan,L2CU 2018-2025,data/interim/unpacked/uzbekistan/l2cu_v03/l2cu_cati_individual_data_82.csv,individual/migrant roster,remittance_hh_amount,42,7826,3,3
uzbekistan,L2CU 2018-2025,data/interim/unpacked/uzbekistan/l2cu_v03/l2cu_cati_individual_data_82.csv,individual/migrant roster,remittance_hh_amount,43,7833,12,12
uzbekistan,L2CU 2018-2025,data/interim/unpacked/uzbekistan/l2cu_v03/l2cu_cati_individual_data_82.csv,individual/migrant roster,remittance_hh_amount,44,7821,0,0
uzbekistan,L2CU 2018-2025,data/interim/unpacked/uzbekistan/l2cu_v03/l2cu_cati_individual_data_82.csv,individual/migrant roster,remittance_hh_amount,45,7813,0,0
uzbekistan,L2CU 2018-2025,data/interim/unpacked/uzbekistan/l2cu_v03/l2cu_cati_individual_data_82.csv,individual/migrant roster,remittance_hh_amount,46,7791,0,0
uzbekistan,L2CU 2018-2025,data/interim/unpacked/uzbekistan/l2cu_v03/l2cu_cati_individual_data_82.csv,individual/migrant roster,remittance_hh_amount,47,7783,0,0
uzbekistan,L2CU 2018-2025,data/interim/unpacked/uzbekistan/l2cu_v03/l2cu_cati_individual_data_82.csv,individual/migrant roster,remittance_hh_amount,48,7811,19,19
uzbekistan,L2CU 2018-2025,data/interim/unpacked/uzbekistan/l2cu_v03/l2cu_cati_individual_data_82.csv,individual/migrant roster,remittance_hh_amount,49,7818,5,5
uzbekistan,L2CU 2018-2025,data/interim/unpacked/uzbekistan/l2cu_v03/l2cu_cati_individual_data_82.csv,individual/migrant roster,remittance_hh_amount,50,7834,0,0
uzbekistan,L2CU 2018-2025,data/interim/unpacked/uzbekistan/l2cu_v03/l2cu_cati_individual_data_82.csv,individual/migrant roster,remittance_hh_amount,51,7841,0,0
uzbekistan,L2CU 2018-2025,data/interim/unpacked/uzbekistan/l2cu_v03/l2cu_cati_individual_data_82.csv,individual/migrant roster,remittance_hh_amount,52,7821,5,5
uzbekistan,L2CU 2018-2025,data/interim/unpacked/uzbekistan/l2cu_v03/l2cu_cati_individual_data_82.csv,individual/migrant roster,remittance_hh_amount,53,7788,0,0
uzbekistan,L2CU 2018-2025,data/interim/unpacked/uzbekistan/l2cu_v03/l2cu_cati_individual_data_82.csv,individual/migrant roster,remittance_hh_amount,54,7799,0,0
uzbekistan,L2CU 2018-2025,data/interim/unpacked/uzbekistan/l2cu_v03/l2cu_cati_individual_data_82.csv,individual/migrant roster,remittance_hh_amount,55,7776,0,0
uzbekistan,L2CU 2018-2025,data/interim/unpacked/uzbekistan/l2cu_v03/l2cu_cati_individual_data_82.csv,individual/migrant roster,remittance_hh_amount,56,7757,0,0
uzbekistan,L2CU 2018-2025,data/interim/unpacked/uzbekistan/l2cu_v03/l2cu_cati_individual_data_82.csv,individual/migrant roster,remittance_hh_amount,57,7733,0,0
uzbekistan,L2CU 2018-2025,data/interim/unpacked/uzbekistan/l2cu_v03/l2cu_cati_individual_data_82.csv,individual/migrant roster,remittance_hh_amount,58,7735,12,12
uzbekistan,L2CU 2018-2025,data/interim/unpacked/uzbekistan/l2cu_v03/l2cu_cati_individual_data_82.csv,individual/migrant roster,remittance_hh_amount,59,7851,0,0
uzbekistan,L2CU 2018-2025,data/interim/unpacked/uzbekistan/l2cu_v03/l2cu_cati_individual_data_82.csv,individual/migrant roster,remittance_hh_amount,60,7401,0,0
uzbekistan,L2CU 2018-2025,data/interim/unpacked/uzbekistan/l2cu_v03/l2cu_cati_individual_data_82.csv,individual/migrant roster,remittance_hh_amount,61,7399,0,0
uzbekistan,L2CU 2018-2025,data/interim/unpacked/uzbekistan/l2cu_v03/l2cu_cati_individual_data_82.csv,individual/migrant roster,remittance_hh_amount,62,7361,0,0
uzbekistan,L2CU 2018-2025,data/interim/unpacked/uzbekistan/l2cu_v03/l2cu_cati_individual_data_82.csv,individual/migrant roster,remittance_hh_amount,63,7348,0,0
uzbekistan,L2CU 2018-2025,data/interim/unpacked/uzbekistan/l2cu_v03/l2cu_cati_individual_data_82.csv,individual/migrant roster,remittance_hh_amount,64,7248,0,0
uzbekistan,L2CU 2018-2025,data/interim/unpacked/uzbekistan/l2cu_v03/l2cu_cati_individual_data_82.csv,individual/migrant roster,remittance_hh_amount,65,7168,0,0
uzbekistan,L2CU 2018-2025,data/interim/unpacked/uzbekistan/l2cu_v03/l2cu_cati_individual_data_82.csv,individual/migrant roster,remittance_hh_amount,66,7124,5,5
uzbekistan,L2CU 2018-2025,data/interim/unpacked/uzbekistan/l2cu_v03/l2cu_cati_individual_data_82.csv,individual/migrant roster,remittance_hh_amount,67,7295,10,10
uzbekistan,L2CU 2018-2025,data/interim/unpacked/uzbekistan/l2cu_v03/l2cu_cati_individual_data_82.csv,individual/migrant roster,remittance_hh_amount,68,7266,0,0
uzbekistan,L2CU 2018-2025,data/interim/unpacked/uzbekistan/l2cu_v03/l2cu_cati_individual_data_82.csv,individual/migrant roster,remittance_hh_amount,69,7217,0,0
uzbekistan,L2CU 2018-2025,data/interim/unpacked/uzbekistan/l2cu_v03/l2cu_cati_individual_data_82.csv,individual/migrant roster,remittance_hh_amount,70,7113,0,0
uzbekistan,L2CU 2018-2025,data/interim/unpacked/uzbekistan/l2cu_v03/l2cu_cati_individual_data_82.csv,individual/migrant roster,remittance_hh_amount,71,7028,2,2
uzbekistan,L2CU 2018-2025,data/interim/unpacked/uzbekistan/l2cu_v03/l2cu_cati_individual_data_82.csv,individual/migrant roster,remittance_hh_amount,72,6859,0,0
uzbekistan,L2CU 2018-2025,data/interim/unpacked/uzbekistan/l2cu_v03/l2cu_cati_individual_data_82.csv,individual/migrant roster,remittance_hh_amount,73,6751,0,0
uzbekistan,L2CU 2018-2025,data/interim/unpacked/uzbekistan/l2cu_v03/l2cu_cati_individual_data_82.csv,individual/migrant roster,remittance_hh_amount,74,6690,0,0
uzbekistan,L2CU 2018-2025,data/interim/unpacked/uzbekistan/l2cu_v03/l2cu_cati_individual_data_82.csv,individual/migrant roster,remittance_hh_amount,75,6678,0,0
uzbekistan,L2CU 2018-2025,data/interim/unpacked/uzbekistan/l2cu_v03/l2cu_cati_individual_data_82.csv,individual/migrant roster,remittance_hh_amount,76,8340,25,25
uzbekistan,L2CU 2018-2025,data/interim/unpacked/uzbekistan/l2cu_v03/l2cu_cati_individual_data_82.csv,individual/migrant roster,remittance_hh_amount,77,8121,0,0
uzbekistan,L2CU 2018-2025,data/interim/unpacked/uzbekistan/l2cu_v03/l2cu_cati_individual_data_82.csv,individual/migrant roster,remittance_hh_amount,78,8012,9,9
uzbekistan,L2CU 2018-2025,data/interim/unpacked/uzbekistan/l2cu_v03/l2cu_cati_individual_data_82.csv,individual/migrant roster,remittance_hh_amount,79,7891,5,5
uzbekistan,L2CU 2018-2025,data/interim/unpacked/uzbekistan/l2cu_v03/l2cu_cati_individual_data_82.csv,individual/migrant roster,remittance_hh_amount,80,7868,5,5
uzbekistan,L2CU 2018-2025,data/interim/unpacked/uzbekistan/l2cu_v03/l2cu_cati_individual_data_82.csv,individual/migrant roster,remittance_hh_amount,81,7795,9,9
uzbekistan,L2CU 2018-2025,data/interim/unpacked/uzbekistan/l2cu_v03/l2cu_cati_individual_data_82.csv,individual/migrant roster,remittance_hh_amount,82,7779,0,0
uzbekistan,L2CU 2018-2025,data/interim/unpacked/uzbekistan/l2cu_v03/l2cu_cati_individual_data_82.csv,individual/migrant roster,remittance_hh_currency,1,7792,99,99
uzbekistan,L2CU 2018-2025,data/interim/unpacked/uzbekistan/l2cu_v03/l2cu_cati_individual_data_82.csv,individual/migrant roster,remittance_hh_currency,2,7919,39,39
uzbekistan,L2CU 2018-2025,data/interim/unpacked/uzbekistan/l2cu_v03/l2cu_cati_individual_data_82.csv,individual/migrant roster,remittance_hh_currency,3,7988,26,26
uzbekistan,L2CU 2018-2025,data/interim/unpacked/uzbekistan/l2cu_v03/l2cu_cati_individual_data_82.csv,individual/migrant roster,remittance_hh_currency,4,7990,5,5
uzbekistan,L2CU 2018-2025,data/interim/unpacked/uzbekistan/l2cu_v03/l2cu_cati_individual_data_82.csv,individual/migrant roster,remittance_hh_currency,5,7959,33,33
uzbekistan,L2CU 2018-2025,data/interim/unpacked/uzbekistan/l2cu_v03/l2cu_cati_individual_data_82.csv,individual/migrant roster,remittance_hh_currency,6,7976,5,5
uzbekistan,L2CU 2018-2025,data/interim/unpacked/uzbekistan/l2cu_v03/l2cu_cati_individual_data_82.csv,individual/migrant roster,remittance_hh_currency,7,7967,12,12
uzbekistan,L2CU 2018-2025,data/interim/unpacked/uzbekistan/l2cu_v03/l2cu_cati_individual_data_82.csv,individual/migrant roster,remittance_hh_currency,8,7981,0,0
uzbekistan,L2CU 2018-2025,data/interim/unpacked/uzbekistan/l2cu_v03/l2cu_cati_individual_data_82.csv,individual/migrant roster,remittance_hh_currency,9,7957,0,0
uzbekistan,L2CU 2018-2025,data/interim/unpacked/uzbekistan/l2cu_v03/l2cu_cati_individual_data_82.csv,individual/migrant roster,remittance_hh_currency,10,7995,0,0
uzbekistan,L2CU 2018-2025,data/interim/unpacked/uzbekistan/l2cu_v03/l2cu_cati_individual_data_82.csv,individual/migrant roster,remittance_hh_currency,11,7986,0,0
uzbekistan,L2CU 2018-2025,data/interim/unpacked/uzbekistan/l2cu_v03/l2cu_cati_individual_data_82.csv,individual/migrant roster,remittance_hh_currency,12,7986,0,0
uzbekistan,L2CU 2018-2025,data/interim/unpacked/uzbekistan/l2cu_v03/l2cu_cati_individual_data_82.csv,individual/migrant roster,remittance_hh_currency,13,7931,0,0
uzbekistan,L2CU 2018-2025,data/interim/unpacked/uzbekistan/l2cu_v03/l2cu_cati_individual_data_82.csv,individual/migrant roster,remittance_hh_currency,14,7987,0,0
uzbekistan,L2CU 2018-2025,data/interim/unpacked/uzbekistan/l2cu_v03/l2cu_cati_individual_data_82.csv,individual/migrant roster,remittance_hh_currency,15,8015,1,1
uzbekistan,L2CU 2018-2025,data/interim/unpacked/uzbekistan/l2cu_v03/l2cu_cati_individual_data_82.csv,individual/migrant roster,remittance_hh_currency,16,8010,0,0
uzbekistan,L2CU 2018-2025,data/interim/unpacked/uzbekistan/l2cu_v03/l2cu_cati_individual_data_82.csv,individual/migrant roster,remittance_hh_currency,17,8013,0,0
uzbekistan,L2CU 2018-2025,data/interim/unpacked/uzbekistan/l2cu_v03/l2cu_cati_individual_data_82.csv,individual/migrant roster,remittance_hh_currency,18,8003,0,0
uzbekistan,L2CU 2018-2025,data/interim/unpacked/uzbekistan/l2cu_v03/l2cu_cati_individual_data_82.csv,individual/migrant roster,remittance_hh_currency,19,7988,0,0
uzbekistan,L2CU 2018-2025,data/interim/unpacked/uzbekistan/l2cu_v03/l2cu_cati_individual_data_82.csv,individual/migrant roster,remittance_hh_currency,20,7980,0,0
uzbekistan,L2CU 2018-2025,data/interim/unpacked/uzbekistan/l2cu_v03/l2cu_cati_individual_data_82.csv,individual/migrant roster,remittance_hh_currency,21,7977,15,15
uzbekistan,L2CU 2018-2025,data/interim/unpacked/uzbekistan/l2cu_v03/l2cu_cati_individual_data_82.csv,individual/migrant roster,remittance_hh_currency,22,7968,0,0
uzbekistan,L2CU 2018-2025,data/interim/unpacked/uzbekistan/l2cu_v03/l2cu_cati_individual_data_82.csv,individual/migrant roster,remittance_hh_currency,23,7979,22,22
uzbekistan,L2CU 2018-2025,data/interim/unpacked/uzbekistan/l2cu_v03/l2cu_cati_individual_data_82.csv,individual/migrant roster,remittance_hh_currency,24,7989,0,0
uzbekistan,L2CU 2018-2025,data/interim/unpacked/uzbekistan/l2cu_v03/l2cu_cati_individual_data_82.csv,individual/migrant roster,remittance_hh_currency,25,8003,13,13
uzbekistan,L2CU 2018-2025,data/interim/unpacked/uzbekistan/l2cu_v03/l2cu_cati_individual_data_82.csv,individual/migrant roster,remittance_hh_currency,26,8023,15,15
uzbekistan,L2CU 2018-2025,data/interim/unpacked/uzbekistan/l2cu_v03/l2cu_cati_individual_data_82.csv,individual/migrant roster,remittance_hh_currency,27,7944,0,0
uzbekistan,L2CU 2018-2025,data/interim/unpacked/uzbekistan/l2cu_v03/l2cu_cati_individual_data_82.csv,individual/migrant roster,remittance_hh_currency,28,7887,2,2
uzbekistan,L2CU 2018-2025,data/interim/unpacked/uzbekistan/l2cu_v03/l2cu_cati_individual_data_82.csv,individual/migrant roster,remittance_hh_currency,29,7866,16,16
uzbekistan,L2CU 2018-2025,data/interim/unpacked/uzbekistan/l2cu_v03/l2cu_cati_individual_data_82.csv,individual/migrant roster,remittance_hh_currency,30,7862,0,0
uzbekistan,L2CU 2018-2025,data/interim/unpacked/uzbekistan/l2cu_v03/l2cu_cati_individual_data_82.csv,individual/migrant roster,remittance_hh_currency,31,7853,0,0
uzbekistan,L2CU 2018-2025,data/interim/unpacked/uzbekistan/l2cu_v03/l2cu_cati_individual_data_82.csv,individual/migrant roster,remittance_hh_currency,32,7824,0,0
uzbekistan,L2CU 2018-2025,data/interim/unpacked/uzbekistan/l2cu_v03/l2cu_cati_individual_data_82.csv,individual/migrant roster,remittance_hh_currency,33,7821,4,4
uzbekistan,L2CU 2018-2025,data/interim/unpacked/uzbekistan/l2cu_v03/l2cu_cati_individual_data_82.csv,individual/migrant roster,remittance_hh_currency,34,7831,0,0
uzbekistan,L2CU 2018-2025,data/interim/unpacked/uzbekistan/l2cu_v03/l2cu_cati_individual_data_82.csv,individual/migrant roster,remittance_hh_currency,35,7835,0,0
uzbekistan,L2CU 2018-2025,data/interim/unpacked/uzbekistan/l2cu_v03/l2cu_cati_individual_data_82.csv,individual/migrant roster,remittance_hh_currency,36,7832,0,0
uzbekistan,L2CU 2018-2025,data/interim/unpacked/uzbekistan/l2cu_v03/l2cu_cati_individual_data_82.csv,individual/migrant roster,remittance_hh_currency,37,7827,0,0
uzbekistan,L2CU 2018-2025,data/interim/unpacked/uzbekistan/l2cu_v03/l2cu_cati_individual_data_82.csv,individual/migrant roster,remittance_hh_currency,38,7808,0,0
uzbekistan,L2CU 2018-2025,data/interim/unpacked/uzbekistan/l2cu_v03/l2cu_cati_individual_data_82.csv,individual/migrant roster,remittance_hh_currency,39,7800,0,0
uzbekistan,L2CU 2018-2025,data/interim/unpacked/uzbekistan/l2cu_v03/l2cu_cati_individual_data_82.csv,individual/migrant roster,remittance_hh_currency,40,7813,3,3
uzbekistan,L2CU 2018-2025,data/interim/unpacked/uzbekistan/l2cu_v03/l2cu_cati_individual_data_82.csv,individual/migrant roster,remittance_hh_currency,41,7802,0,0
uzbekistan,L2CU 2018-2025,data/interim/unpacked/uzbekistan/l2cu_v03/l2cu_cati_individual_data_82.csv,individual/migrant roster,remittance_hh_currency,42,7826,3,3
uzbekistan,L2CU 2018-2025,data/interim/unpacked/uzbekistan/l2cu_v03/l2cu_cati_individual_data_82.csv,individual/migrant roster,remittance_hh_currency,43,7833,12,12
uzbekistan,L2CU 2018-2025,data/interim/unpacked/uzbekistan/l2cu_v03/l2cu_cati_individual_data_82.csv,individual/migrant roster,remittance_hh_currency,44,7821,0,0
uzbekistan,L2CU 2018-2025,data/interim/unpacked/uzbekistan/l2cu_v03/l2cu_cati_individual_data_82.csv,individual/migrant roster,remittance_hh_currency,45,7813,0,0
uzbekistan,L2CU 2018-2025,data/interim/unpacked/uzbekistan/l2cu_v03/l2cu_cati_individual_data_82.csv,individual/migrant roster,remittance_hh_currency,46,7791,0,0
uzbekistan,L2CU 2018-2025,data/interim/unpacked/uzbekistan/l2cu_v03/l2cu_cati_individual_data_82.csv,individual/migrant roster,remittance_hh_currency,47,7783,0,0
uzbekistan,L2CU 2018-2025,data/interim/unpacked/uzbekistan/l2cu_v03/l2cu_cati_individual_data_82.csv,individual/migrant roster,remittance_hh_currency,48,7811,19,19
uzbekistan,L2CU 2018-2025,data/interim/unpacked/uzbekistan/l2cu_v03/l2cu_cati_individual_data_82.csv,individual/migrant roster,remittance_hh_currency,49,7818,5,5
uzbekistan,L2CU 2018-2025,data/interim/unpacked/uzbekistan/l2cu_v03/l2cu_cati_individual_data_82.csv,individual/migrant roster,remittance_hh_currency,50,7834,0,0
uzbekistan,L2CU 2018-2025,data/interim/unpacked/uzbekistan/l2cu_v03/l2cu_cati_individual_data_82.csv,individual/migrant roster,remittance_hh_currency,51,7841,0,0
uzbekistan,L2CU 2018-2025,data/interim/unpacked/uzbekistan/l2cu_v03/l2cu_cati_individual_data_82.csv,individual/migrant roster,remittance_hh_currency,52,7821,5,5
uzbekistan,L2CU 2018-2025,data/interim/unpacked/uzbekistan/l2cu_v03/l2cu_cati_individual_data_82.csv,individual/migrant roster,remittance_hh_currency,53,7788,0,0
uzbekistan,L2CU 2018-2025,data/interim/unpacked/uzbekistan/l2cu_v03/l2cu_cati_individual_data_82.csv,individual/migrant roster,remittance_hh_currency,54,7799,0,0
uzbekistan,L2CU 2018-2025,data/interim/unpacked/uzbekistan/l2cu_v03/l2cu_cati_individual_data_82.csv,individual/migrant roster,remittance_hh_currency,55,7776,0,0
uzbekistan,L2CU 2018-2025,data/interim/unpacked/uzbekistan/l2cu_v03/l2cu_cati_individual_data_82.csv,individual/migrant roster,remittance_hh_currency,56,7757,0,0
uzbekistan,L2CU 2018-2025,data/interim/unpacked/uzbekistan/l2cu_v03/l2cu_cati_individual_data_82.csv,individual/migrant roster,remittance_hh_currency,57,7733,0,0
uzbekistan,L2CU 2018-2025,data/interim/unpacked/uzbekistan/l2cu_v03/l2cu_cati_individual_data_82.csv,individual/migrant roster,remittance_hh_currency,58,7735,12,12
uzbekistan,L2CU 2018-2025,data/interim/unpacked/uzbekistan/l2cu_v03/l2cu_cati_individual_data_82.csv,individual/migrant roster,remittance_hh_currency,59,7851,0,0
uzbekistan,L2CU 2018-2025,data/interim/unpacked/uzbekistan/l2cu_v03/l2cu_cati_individual_data_82.csv,individual/migrant roster,remittance_hh_currency,60,7401,0,0
uzbekistan,L2CU 2018-2025,data/interim/unpacked/uzbekistan/l2cu_v03/l2cu_cati_individual_data_82.csv,individual/migrant roster,remittance_hh_currency,61,7399,0,0
uzbekistan,L2CU 2018-2025,data/interim/unpacked/uzbekistan/l2cu_v03/l2cu_cati_individual_data_82.csv,individual/migrant roster,remittance_hh_currency,62,7361,0,0
uzbekistan,L2CU 2018-2025,data/interim/unpacked/uzbekistan/l2cu_v03/l2cu_cati_individual_data_82.csv,individual/migrant roster,remittance_hh_currency,63,7348,0,0
uzbekistan,L2CU 2018-2025,data/interim/unpacked/uzbekistan/l2cu_v03/l2cu_cati_individual_data_82.csv,individual/migrant roster,remittance_hh_currency,64,7248,0,0
uzbekistan,L2CU 2018-2025,data/interim/unpacked/uzbekistan/l2cu_v03/l2cu_cati_individual_data_82.csv,individual/migrant roster,remittance_hh_currency,65,7168,0,0
uzbekistan,L2CU 2018-2025,data/interim/unpacked/uzbekistan/l2cu_v03/l2cu_cati_individual_data_82.csv,individual/migrant roster,remittance_hh_currency,66,7124,5,5
uzbekistan,L2CU 2018-2025,data/interim/unpacked/uzbekistan/l2cu_v03/l2cu_cati_individual_data_82.csv,individual/migrant roster,remittance_hh_currency,67,7295,10,10
uzbekistan,L2CU 2018-2025,data/interim/unpacked/uzbekistan/l2cu_v03/l2cu_cati_individual_data_82.csv,individual/migrant roster,remittance_hh_currency,68,7266,0,0
uzbekistan,L2CU 2018-2025,data/interim/unpacked/uzbekistan/l2cu_v03/l2cu_cati_individual_data_82.csv,individual/migrant roster,remittance_hh_currency,69,7217,0,0
uzbekistan,L2CU 2018-2025,data/interim/unpacked/uzbekistan/l2cu_v03/l2cu_cati_individual_data_82.csv,individual/migrant roster,remittance_hh_currency,70,7113,0,0
uzbekistan,L2CU 2018-2025,data/interim/unpacked/uzbekistan/l2cu_v03/l2cu_cati_individual_data_82.csv,individual/migrant roster,remittance_hh_currency,71,7028,2,2
uzbekistan,L2CU 2018-2025,data/interim/unpacked/uzbekistan/l2cu_v03/l2cu_cati_individual_data_82.csv,individual/migrant roster,remittance_hh_currency,72,6859,0,0
uzbekistan,L2CU 2018-2025,data/interim/unpacked/uzbekistan/l2cu_v03/l2cu_cati_individual_data_82.csv,individual/migrant roster,remittance_hh_currency,73,6751,0,0
uzbekistan,L2CU 2018-2025,data/interim/unpacked/uzbekistan/l2cu_v03/l2cu_cati_individual_data_82.csv,individual/migrant roster,remittance_hh_currency,74,6690,0,0
uzbekistan,L2CU 2018-2025,data/interim/unpacked/uzbekistan/l2cu_v03/l2cu_cati_individual_data_82.csv,individual/migrant roster,remittance_hh_currency,75,6678,0,0
uzbekistan,L2CU 2018-2025,data/interim/unpacked/uzbekistan/l2cu_v03/l2cu_cati_individual_data_82.csv,individual/migrant roster,remittance_hh_currency,76,8340,25,25
uzbekistan,L2CU 2018-2025,data/interim/unpacked/uzbekistan/l2cu_v03/l2cu_cati_individual_data_82.csv,individual/migrant roster,remittance_hh_currency,77,8121,0,0
uzbekistan,L2CU 2018-2025,data/interim/unpacked/uzbekistan/l2cu_v03/l2cu_cati_individual_data_82.csv,individual/migrant roster,remittance_hh_currency,78,8012,9,9
uzbekistan,L2CU 2018-2025,data/interim/unpacked/uzbekistan/l2cu_v03/l2cu_cati_individual_data_82.csv,individual/migrant roster,remittance_hh_currency,79,7891,5,5
uzbekistan,L2CU 2018-2025,data/interim/unpacked/uzbekistan/l2cu_v03/l2cu_cati_individual_data_82.csv,individual/migrant roster,remittance_hh_currency,80,7868,5,5
uzbekistan,L2CU 2018-2025,data/interim/unpacked/uzbekistan/l2cu_v03/l2cu_cati_individual_data_82.csv,individual/migrant roster,remittance_hh_currency,81,7795,9,9
uzbekistan,L2CU 2018-2025,data/interim/unpacked/uzbekistan/l2cu_v03/l2cu_cati_individual_data_82.csv,individual/migrant roster,remittance_hh_currency,82,7779,0,0
uzbekistan,L2CU 2018-2025,data/interim/unpacked/uzbekistan/l2cu_v03/l2cu_cati_individual_data_82.csv,individual/migrant roster,work_lost_hh,1,7792,7792,7792
uzbekistan,L2CU 2018-2025,data/interim/unpacked/uzbekistan/l2cu_v03/l2cu_cati_individual_data_82.csv,individual/migrant roster,work_lost_hh,2,7919,7919,7919
uzbekistan,L2CU 2018-2025,data/interim/unpacked/uzbekistan/l2cu_v03/l2cu_cati_individual_data_82.csv,individual/migrant roster,work_lost_hh,3,7988,7988,7988
uzbekistan,L2CU 2018-2025,data/interim/unpacked/uzbekistan/l2cu_v03/l2cu_cati_individual_data_82.csv,individual/migrant roster,work_lost_hh,4,7990,7990,7990
uzbekistan,L2CU 2018-2025,data/interim/unpacked/uzbekistan/l2cu_v03/l2cu_cati_individual_data_82.csv,individual/migrant roster,work_lost_hh,5,7959,7959,7959
uzbekistan,L2CU 2018-2025,data/interim/unpacked/uzbekistan/l2cu_v03/l2cu_cati_individual_data_82.csv,individual/migrant roster,work_lost_hh,6,7976,7976,7976
uzbekistan,L2CU 2018-2025,data/interim/unpacked/uzbekistan/l2cu_v03/l2cu_cati_individual_data_82.csv,individual/migrant roster,work_lost_hh,7,7967,7967,7967
uzbekistan,L2CU 2018-2025,data/interim/unpacked/uzbekistan/l2cu_v03/l2cu_cati_individual_data_82.csv,individual/migrant roster,work_lost_hh,8,7981,7981,7981
uzbekistan,L2CU 2018-2025,data/interim/unpacked/uzbekistan/l2cu_v03/l2cu_cati_individual_data_82.csv,individual/migrant roster,work_lost_hh,9,7957,7957,7957
uzbekistan,L2CU 2018-2025,data/interim/unpacked/uzbekistan/l2cu_v03/l2cu_cati_individual_data_82.csv,individual/migrant roster,work_lost_hh,10,7995,7995,7995
uzbekistan,L2CU 2018-2025,data/interim/unpacked/uzbekistan/l2cu_v03/l2cu_cati_individual_data_82.csv,individual/migrant roster,work_lost_hh,11,7986,7986,7986
uzbekistan,L2CU 2018-2025,data/interim/unpacked/uzbekistan/l2cu_v03/l2cu_cati_individual_data_82.csv,individual/migrant roster,work_lost_hh,12,7986,7986,7986
uzbekistan,L2CU 2018-2025,data/interim/unpacked/uzbekistan/l2cu_v03/l2cu_cati_individual_data_82.csv,individual/migrant roster,work_lost_hh,13,7931,7931,7931
uzbekistan,L2CU 2018-2025,data/interim/unpacked/uzbekistan/l2cu_v03/l2cu_cati_individual_data_82.csv,individual/migrant roster,work_lost_hh,14,7987,7987,7987
uzbekistan,L2CU 2018-2025,data/interim/unpacked/uzbekistan/l2cu_v03/l2cu_cati_individual_data_82.csv,individual/migrant roster,work_lost_hh,15,8015,8015,8015
uzbekistan,L2CU 2018-2025,data/interim/unpacked/uzbekistan/l2cu_v03/l2cu_cati_individual_data_82.csv,individual/migrant roster,work_lost_hh,16,8010,8010,8010
uzbekistan,L2CU 2018-2025,data/interim/unpacked/uzbekistan/l2cu_v03/l2cu_cati_individual_data_82.csv,individual/migrant roster,work_lost_hh,17,8013,8013,8013
uzbekistan,L2CU 2018-2025,data/interim/unpacked/uzbekistan/l2cu_v03/l2cu_cati_individual_data_82.csv,individual/migrant roster,work_lost_hh,18,8003,8003,8003
uzbekistan,L2CU 2018-2025,data/interim/unpacked/uzbekistan/l2cu_v03/l2cu_cati_individual_data_82.csv,individual/migrant roster,work_lost_hh,19,7988,7988,7988
uzbekistan,L2CU 2018-2025,data/interim/unpacked/uzbekistan/l2cu_v03/l2cu_cati_individual_data_82.csv,individual/migrant roster,work_lost_hh,20,7980,7980,7980
uzbekistan,L2CU 2018-2025,data/interim/unpacked/uzbekistan/l2cu_v03/l2cu_cati_individual_data_82.csv,individual/migrant roster,work_lost_hh,21,7977,7977,7977
uzbekistan,L2CU 2018-2025,data/interim/unpacked/uzbekistan/l2cu_v03/l2cu_cati_individual_data_82.csv,individual/migrant roster,work_lost_hh,22,7968,7968,7968
uzbekistan,L2CU 2018-2025,data/interim/unpacked/uzbekistan/l2cu_v03/l2cu_cati_individual_data_82.csv,individual/migrant roster,work_lost_hh,23,7979,7979,7979
uzbekistan,L2CU 2018-2025,data/interim/unpacked/uzbekistan/l2cu_v03/l2cu_cati_individual_data_82.csv,individual/migrant roster,work_lost_hh,24,7989,7989,7989
uzbekistan,L2CU 2018-2025,data/interim/unpacked/uzbekistan/l2cu_v03/l2cu_cati_individual_data_82.csv,individual/migrant roster,work_lost_hh,25,8003,8003,8003
uzbekistan,L2CU 2018-2025,data/interim/unpacked/uzbekistan/l2cu_v03/l2cu_cati_individual_data_82.csv,individual/migrant roster,work_lost_hh,26,8023,8023,8023
uzbekistan,L2CU 2018-2025,data/interim/unpacked/uzbekistan/l2cu_v03/l2cu_cati_individual_data_82.csv,individual/migrant roster,work_lost_hh,27,7944,7944,7944
uzbekistan,L2CU 2018-2025,data/interim/unpacked/uzbekistan/l2cu_v03/l2cu_cati_individual_data_82.csv,individual/migrant roster,work_lost_hh,28,7887,7887,7887
uzbekistan,L2CU 2018-2025,data/interim/unpacked/uzbekistan/l2cu_v03/l2cu_cati_individual_data_82.csv,individual/migrant roster,work_lost_hh,29,7866,7866,7866
uzbekistan,L2CU 2018-2025,data/interim/unpacked/uzbekistan/l2cu_v03/l2cu_cati_individual_data_82.csv,individual/migrant roster,work_lost_hh,30,7862,7862,7862
uzbekistan,L2CU 2018-2025,data/interim/unpacked/uzbekistan/l2cu_v03/l2cu_cati_individual_data_82.csv,individual/migrant roster,work_lost_hh,31,7853,7853,7853
uzbekistan,L2CU 2018-2025,data/interim/unpacked/uzbekistan/l2cu_v03/l2cu_cati_individual_data_82.csv,individual/migrant roster,work_lost_hh,32,7824,7824,7824
uzbekistan,L2CU 2018-2025,data/interim/unpacked/uzbekistan/l2cu_v03/l2cu_cati_individual_data_82.csv,individual/migrant roster,work_lost_hh,33,7821,7821,7821
uzbekistan,L2CU 2018-2025,data/interim/unpacked/uzbekistan/l2cu_v03/l2cu_cati_individual_data_82.csv,individual/migrant roster,work_lost_hh,34,7831,7831,7831
uzbekistan,L2CU 2018-2025,data/interim/unpacked/uzbekistan/l2cu_v03/l2cu_cati_individual_data_82.csv,individual/migrant roster,work_lost_hh,35,7835,7835,7835
uzbekistan,L2CU 2018-2025,data/interim/unpacked/uzbekistan/l2cu_v03/l2cu_cati_individual_data_82.csv,individual/migrant roster,work_lost_hh,36,7832,7832,7832
uzbekistan,L2CU 2018-2025,data/interim/unpacked/uzbekistan/l2cu_v03/l2cu_cati_individual_data_82.csv,individual/migrant roster,work_lost_hh,37,7827,7827,7827
uzbekistan,L2CU 2018-2025,data/interim/unpacked/uzbekistan/l2cu_v03/l2cu_cati_individual_data_82.csv,individual/migrant roster,work_lost_hh,38,7808,7808,7808
uzbekistan,L2CU 2018-2025,data/interim/unpacked/uzbekistan/l2cu_v03/l2cu_cati_individual_data_82.csv,individual/migrant roster,work_lost_hh,39,7800,7800,7800
uzbekistan,L2CU 2018-2025,data/interim/unpacked/uzbekistan/l2cu_v03/l2cu_cati_individual_data_82.csv,individual/migrant roster,work_lost_hh,40,7813,7813,7813
uzbekistan,L2CU 2018-2025,data/interim/unpacked/uzbekistan/l2cu_v03/l2cu_cati_individual_data_82.csv,individual/migrant roster,work_lost_hh,41,7802,7802,7802
uzbekistan,L2CU 2018-2025,data/interim/unpacked/uzbekistan/l2cu_v03/l2cu_cati_individual_data_82.csv,individual/migrant roster,work_lost_hh,42,7826,7826,7826
uzbekistan,L2CU 2018-2025,data/interim/unpacked/uzbekistan/l2cu_v03/l2cu_cati_individual_data_82.csv,individual/migrant roster,work_lost_hh,43,7833,7833,7833
uzbekistan,L2CU 2018-2025,data/interim/unpacked/uzbekistan/l2cu_v03/l2cu_cati_individual_data_82.csv,individual/migrant roster,work_lost_hh,44,7821,7821,7821
uzbekistan,L2CU 2018-2025,data/interim/unpacked/uzbekistan/l2cu_v03/l2cu_cati_individual_data_82.csv,individual/migrant roster,work_lost_hh,45,7813,7813,7813
uzbekistan,L2CU 2018-2025,data/interim/unpacked/uzbekistan/l2cu_v03/l2cu_cati_individual_data_82.csv,individual/migrant roster,work_lost_hh,46,7791,7791,7791
uzbekistan,L2CU 2018-2025,data/interim/unpacked/uzbekistan/l2cu_v03/l2cu_cati_individual_data_82.csv,individual/migrant roster,work_lost_hh,47,7783,7783,7783
uzbekistan,L2CU 2018-2025,data/interim/unpacked/uzbekistan/l2cu_v03/l2cu_cati_individual_data_82.csv,individual/migrant roster,work_lost_hh,48,7811,7811,7811
uzbekistan,L2CU 2018-2025,data/interim/unpacked/uzbekistan/l2cu_v03/l2cu_cati_individual_data_82.csv,individual/migrant roster,work_lost_hh,49,7818,7818,7818
uzbekistan,L2CU 2018-2025,data/interim/unpacked/uzbekistan/l2cu_v03/l2cu_cati_individual_data_82.csv,individual/migrant roster,work_lost_hh,50,7834,7834,7834
uzbekistan,L2CU 2018-2025,data/interim/unpacked/uzbekistan/l2cu_v03/l2cu_cati_individual_data_82.csv,individual/migrant roster,work_lost_hh,51,7841,7841,7841
uzbekistan,L2CU 2018-2025,data/interim/unpacked/uzbekistan/l2cu_v03/l2cu_cati_individual_data_82.csv,individual/migrant roster,work_lost_hh,52,7821,7821,7821
uzbekistan,L2CU 2018-2025,data/interim/unpacked/uzbekistan/l2cu_v03/l2cu_cati_individual_data_82.csv,individual/migrant roster,work_lost_hh,53,7788,7788,7788
uzbekistan,L2CU 2018-2025,data/interim/unpacked/uzbekistan/l2cu_v03/l2cu_cati_individual_data_82.csv,individual/migrant roster,work_lost_hh,54,7799,7799,7799
uzbekistan,L2CU 2018-2025,data/interim/unpacked/uzbekistan/l2cu_v03/l2cu_cati_individual_data_82.csv,individual/migrant roster,work_lost_hh,55,7776,7776,7776
uzbekistan,L2CU 2018-2025,data/interim/unpacked/uzbekistan/l2cu_v03/l2cu_cati_individual_data_82.csv,individual/migrant roster,work_lost_hh,56,7757,7757,7757
uzbekistan,L2CU 2018-2025,data/interim/unpacked/uzbekistan/l2cu_v03/l2cu_cati_individual_data_82.csv,individual/migrant roster,work_lost_hh,57,7733,7733,7733
uzbekistan,L2CU 2018-2025,data/interim/unpacked/uzbekistan/l2cu_v03/l2cu_cati_individual_data_82.csv,individual/migrant roster,work_lost_hh,58,7735,7735,7735
uzbekistan,L2CU 2018-2025,data/interim/unpacked/uzbekistan/l2cu_v03/l2cu_cati_individual_data_82.csv,individual/migrant roster,work_lost_hh,59,7851,7851,7851
uzbekistan,L2CU 2018-2025,data/interim/unpacked/uzbekistan/l2cu_v03/l2cu_cati_individual_data_82.csv,individual/migrant roster,work_lost_hh,60,7401,7401,7401
uzbekistan,L2CU 2018-2025,data/interim/unpacked/uzbekistan/l2cu_v03/l2cu_cati_individual_data_82.csv,individual/migrant roster,work_lost_hh,61,7399,7399,7399
uzbekistan,L2CU 2018-2025,data/interim/unpacked/uzbekistan/l2cu_v03/l2cu_cati_individual_data_82.csv,individual/migrant roster,work_lost_hh,62,7361,7361,7361
uzbekistan,L2CU 2018-2025,data/interim/unpacked/uzbekistan/l2cu_v03/l2cu_cati_individual_data_82.csv,individual/migrant roster,work_lost_hh,63,7348,7348,7348
uzbekistan,L2CU 2018-2025,data/interim/unpacked/uzbekistan/l2cu_v03/l2cu_cati_individual_data_82.csv,individual/migrant roster,work_lost_hh,64,7248,7248,7248
uzbekistan,L2CU 2018-2025,data/interim/unpacked/uzbekistan/l2cu_v03/l2cu_cati_individual_data_82.csv,individual/migrant roster,work_lost_hh,65,7168,7168,7168
uzbekistan,L2CU 2018-2025,data/interim/unpacked/uzbekistan/l2cu_v03/l2cu_cati_individual_data_82.csv,individual/migrant roster,work_lost_hh,66,7124,7124,7124
uzbekistan,L2CU 2018-2025,data/interim/unpacked/uzbekistan/l2cu_v03/l2cu_cati_individual_data_82.csv,individual/migrant roster,work_lost_hh,67,7295,7295,7295
uzbekistan,L2CU 2018-2025,data/interim/unpacked/uzbekistan/l2cu_v03/l2cu_cati_individual_data_82.csv,individual/migrant roster,work_lost_hh,68,7266,7266,7266
uzbekistan,L2CU 2018-2025,data/interim/unpacked/uzbekistan/l2cu_v03/l2cu_cati_individual_data_82.csv,individual/migrant roster,work_lost_hh,69,7217,7217,7217
uzbekistan,L2CU 2018-2025,data/interim/unpacked/uzbekistan/l2cu_v03/l2cu_cati_individual_data_82.csv,individual/migrant roster,work_lost_hh,70,7113,7113,7113
uzbekistan,L2CU 2018-2025,data/interim/unpacked/uzbekistan/l2cu_v03/l2cu_cati_individual_data_82.csv,individual/migrant roster,work_lost_hh,71,7028,7028,7028
uzbekistan,L2CU 2018-2025,data/interim/unpacked/uzbekistan/l2cu_v03/l2cu_cati_individual_data_82.csv,individual/migrant roster,work_lost_hh,72,6859,6859,6859
uzbekistan,L2CU 2018-2025,data/interim/unpacked/uzbekistan/l2cu_v03/l2cu_cati_individual_data_82.csv,individual/migrant roster,work_lost_hh,73,6751,6751,6751
uzbekistan,L2CU 2018-2025,data/interim/unpacked/uzbekistan/l2cu_v03/l2cu_cati_individual_data_82.csv,individual/migrant roster,work_lost_hh,74,6690,6690,6690
uzbekistan,L2CU 2018-2025,data/interim/unpacked/uzbekistan/l2cu_v03/l2cu_cati_individual_data_82.csv,individual/migrant roster,work_lost_hh,75,6678,6678,6678
uzbekistan,L2CU 2018-2025,data/interim/unpacked/uzbekistan/l2cu_v03/l2cu_cati_individual_data_82.csv,individual/migrant roster,work_lost_hh,76,8340,8340,8340
uzbekistan,L2CU 2018-2025,data/interim/unpacked/uzbekistan/l2cu_v03/l2cu_cati_individual_data_82.csv,individual/migrant roster,work_lost_hh,77,8121,8121,8121
uzbekistan,L2CU 2018-2025,data/interim/unpacked/uzbekistan/l2cu_v03/l2cu_cati_individual_data_82.csv,individual/migrant roster,work_lost_hh,78,8012,8012,8012
uzbekistan,L2CU 2018-2025,data/interim/unpacked/uzbekistan/l2cu_v03/l2cu_cati_individual_data_82.csv,individual/migrant roster,work_lost_hh,79,7891,7891,7891
uzbekistan,L2CU 2018-2025,data/interim/unpacked/uzbekistan/l2cu_v03/l2cu_cati_individual_data_82.csv,individual/migrant roster,work_lost_hh,80,7868,7868,7868
uzbekistan,L2CU 2018-2025,data/interim/unpacked/uzbekistan/l2cu_v03/l2cu_cati_individual_data_82.csv,individual/migrant roster,work_lost_hh,81,7795,7795,7795
uzbekistan,L2CU 2018-2025,data/interim/unpacked/uzbekistan/l2cu_v03/l2cu_cati_individual_data_82.csv,individual/migrant roster,work_lost_hh,82,7779,7779,7779
